==348806== Memcheck, a memory error detector
==348806== Copyright (C) 2002-2017, and GNU GPL'd, by Julian Seward et al.
==348806== Using Valgrind-3.18.1 and LibVEX; rerun with -h for copyright info
==348806== Command: ./build/bin/my_sgemm
==348806== Parent PID: 1346
==348806== 
==348806== Warning: set address range perms: large range [0x4cb4000, 0x19d70000) (defined)
==348806== Warning: set address range perms: large range [0x5c90000, 0x163f5000) (defined)
==348806== Warning: set address range perms: large range [0x19d70000, 0x4ef18000) (defined)
==348806== Warning: set address range perms: large range [0x1d93f000, 0x4d656000) (defined)
==348806== Warning: set address range perms: large range [0x59c87000, 0x6acd5000) (noaccess)
==348806== Warning: set address range perms: large range [0x59e00000, 0x6ac4e000) (defined)
==348806== Warning: set address range perms: large range [0x6ac4e000, 0x7ca4b000) (noaccess)
==348806== Warning: set address range perms: large range [0x6ae00000, 0x7c9fd000) (defined)
==348806== Warning: set address range perms: large range [0x6b9b0000, 0x7c752000) (defined)
==348806== Warning: set address range perms: large range [0x90492000, 0xae5ee000) (noaccess)
==348806== Warning: set address range perms: large range [0x90600000, 0xae55c000) (defined)
==348806== Invalid read of size 8
==348806==    at 0x40286A0: strncmp (strcmp.S:170)
==348806==    by 0x400668D: is_dst (dl-load.c:216)
==348806==    by 0x400810E: _dl_dst_count (dl-load.c:253)
==348806==    by 0x400810E: expand_dynamic_string_token (dl-load.c:395)
==348806==    by 0x40082B7: fillin_rpath.isra.0 (dl-load.c:483)
==348806==    by 0x4008602: decompose_rpath (dl-load.c:654)
==348806==    by 0x400ABF5: cache_rpath (dl-load.c:696)
==348806==    by 0x400ABF5: cache_rpath (dl-load.c:677)
==348806==    by 0x400ABF5: _dl_map_object (dl-load.c:2165)
==348806==    by 0x400E9A8: dl_open_worker_begin (dl-open.c:534)
==348806==    by 0x4F2B8A97: _dl_catch_exception (dl-error-skeleton.c:208)
==348806==    by 0x400DF99: dl_open_worker (dl-open.c:782)
==348806==    by 0x4F2B8A97: _dl_catch_exception (dl-error-skeleton.c:208)
==348806==    by 0x400E34D: _dl_open (dl-open.c:883)
==348806==    by 0x4F1D463B: dlopen_doit (dlopen.c:56)
==348806==  Address 0x56ecb301 is 1 bytes inside a block of size 8 alloc'd
==348806==    at 0x4848899: malloc (in /usr/libexec/valgrind/vgpreload_memcheck-amd64-linux.so)
==348806==    by 0x40271DF: malloc (rtld-malloc.h:56)
==348806==    by 0x40271DF: strdup (strdup.c:42)
==348806==    by 0x4008594: decompose_rpath (dl-load.c:629)
==348806==    by 0x400ABF5: cache_rpath (dl-load.c:696)
==348806==    by 0x400ABF5: cache_rpath (dl-load.c:677)
==348806==    by 0x400ABF5: _dl_map_object (dl-load.c:2165)
==348806==    by 0x400E9A8: dl_open_worker_begin (dl-open.c:534)
==348806==    by 0x4F2B8A97: _dl_catch_exception (dl-error-skeleton.c:208)
==348806==    by 0x400DF99: dl_open_worker (dl-open.c:782)
==348806==    by 0x4F2B8A97: _dl_catch_exception (dl-error-skeleton.c:208)
==348806==    by 0x400E34D: _dl_open (dl-open.c:883)
==348806==    by 0x4F1D463B: dlopen_doit (dlopen.c:56)
==348806==    by 0x4F2B8A97: _dl_catch_exception (dl-error-skeleton.c:208)
==348806==    by 0x4F2B8B62: _dl_catch_error (dl-error-skeleton.c:227)
==348806== 
==348806== Invalid read of size 8
==348806==    at 0x40286A8: strncmp (strcmp.S:172)
==348806==    by 0x400668D: is_dst (dl-load.c:216)
==348806==    by 0x400810E: _dl_dst_count (dl-load.c:253)
==348806==    by 0x400810E: expand_dynamic_string_token (dl-load.c:395)
==348806==    by 0x40082B7: fillin_rpath.isra.0 (dl-load.c:483)
==348806==    by 0x4008602: decompose_rpath (dl-load.c:654)
==348806==    by 0x400ABF5: cache_rpath (dl-load.c:696)
==348806==    by 0x400ABF5: cache_rpath (dl-load.c:677)
==348806==    by 0x400ABF5: _dl_map_object (dl-load.c:2165)
==348806==    by 0x400E9A8: dl_open_worker_begin (dl-open.c:534)
==348806==    by 0x4F2B8A97: _dl_catch_exception (dl-error-skeleton.c:208)
==348806==    by 0x400DF99: dl_open_worker (dl-open.c:782)
==348806==    by 0x4F2B8A97: _dl_catch_exception (dl-error-skeleton.c:208)
==348806==    by 0x400E34D: _dl_open (dl-open.c:883)
==348806==    by 0x4F1D463B: dlopen_doit (dlopen.c:56)
==348806==  Address 0x56ecb309 is 1 bytes after a block of size 8 alloc'd
==348806==    at 0x4848899: malloc (in /usr/libexec/valgrind/vgpreload_memcheck-amd64-linux.so)
==348806==    by 0x40271DF: malloc (rtld-malloc.h:56)
==348806==    by 0x40271DF: strdup (strdup.c:42)
==348806==    by 0x4008594: decompose_rpath (dl-load.c:629)
==348806==    by 0x400ABF5: cache_rpath (dl-load.c:696)
==348806==    by 0x400ABF5: cache_rpath (dl-load.c:677)
==348806==    by 0x400ABF5: _dl_map_object (dl-load.c:2165)
==348806==    by 0x400E9A8: dl_open_worker_begin (dl-open.c:534)
==348806==    by 0x4F2B8A97: _dl_catch_exception (dl-error-skeleton.c:208)
==348806==    by 0x400DF99: dl_open_worker (dl-open.c:782)
==348806==    by 0x4F2B8A97: _dl_catch_exception (dl-error-skeleton.c:208)
==348806==    by 0x400E34D: _dl_open (dl-open.c:883)
==348806==    by 0x4F1D463B: dlopen_doit (dlopen.c:56)
==348806==    by 0x4F2B8A97: _dl_catch_exception (dl-error-skeleton.c:208)
==348806==    by 0x4F2B8B62: _dl_catch_error (dl-error-skeleton.c:227)
==348806== 
==348806== Invalid read of size 8
==348806==    at 0x40286A0: strncmp (strcmp.S:170)
==348806==    by 0x400668D: is_dst (dl-load.c:216)
==348806==    by 0x4007F79: _dl_dst_substitute (dl-load.c:295)
==348806==    by 0x40082B7: fillin_rpath.isra.0 (dl-load.c:483)
==348806==    by 0x4008602: decompose_rpath (dl-load.c:654)
==348806==    by 0x400ABF5: cache_rpath (dl-load.c:696)
==348806==    by 0x400ABF5: cache_rpath (dl-load.c:677)
==348806==    by 0x400ABF5: _dl_map_object (dl-load.c:2165)
==348806==    by 0x400E9A8: dl_open_worker_begin (dl-open.c:534)
==348806==    by 0x4F2B8A97: _dl_catch_exception (dl-error-skeleton.c:208)
==348806==    by 0x400DF99: dl_open_worker (dl-open.c:782)
==348806==    by 0x4F2B8A97: _dl_catch_exception (dl-error-skeleton.c:208)
==348806==    by 0x400E34D: _dl_open (dl-open.c:883)
==348806==    by 0x4F1D463B: dlopen_doit (dlopen.c:56)
==348806==  Address 0x56ecb301 is 1 bytes inside a block of size 8 alloc'd
==348806==    at 0x4848899: malloc (in /usr/libexec/valgrind/vgpreload_memcheck-amd64-linux.so)
==348806==    by 0x40271DF: malloc (rtld-malloc.h:56)
==348806==    by 0x40271DF: strdup (strdup.c:42)
==348806==    by 0x4008594: decompose_rpath (dl-load.c:629)
==348806==    by 0x400ABF5: cache_rpath (dl-load.c:696)
==348806==    by 0x400ABF5: cache_rpath (dl-load.c:677)
==348806==    by 0x400ABF5: _dl_map_object (dl-load.c:2165)
==348806==    by 0x400E9A8: dl_open_worker_begin (dl-open.c:534)
==348806==    by 0x4F2B8A97: _dl_catch_exception (dl-error-skeleton.c:208)
==348806==    by 0x400DF99: dl_open_worker (dl-open.c:782)
==348806==    by 0x4F2B8A97: _dl_catch_exception (dl-error-skeleton.c:208)
==348806==    by 0x400E34D: _dl_open (dl-open.c:883)
==348806==    by 0x4F1D463B: dlopen_doit (dlopen.c:56)
==348806==    by 0x4F2B8A97: _dl_catch_exception (dl-error-skeleton.c:208)
==348806==    by 0x4F2B8B62: _dl_catch_error (dl-error-skeleton.c:227)
==348806== 
==348806== Invalid read of size 8
==348806==    at 0x40286A8: strncmp (strcmp.S:172)
==348806==    by 0x400668D: is_dst (dl-load.c:216)
==348806==    by 0x4007F79: _dl_dst_substitute (dl-load.c:295)
==348806==    by 0x40082B7: fillin_rpath.isra.0 (dl-load.c:483)
==348806==    by 0x4008602: decompose_rpath (dl-load.c:654)
==348806==    by 0x400ABF5: cache_rpath (dl-load.c:696)
==348806==    by 0x400ABF5: cache_rpath (dl-load.c:677)
==348806==    by 0x400ABF5: _dl_map_object (dl-load.c:2165)
==348806==    by 0x400E9A8: dl_open_worker_begin (dl-open.c:534)
==348806==    by 0x4F2B8A97: _dl_catch_exception (dl-error-skeleton.c:208)
==348806==    by 0x400DF99: dl_open_worker (dl-open.c:782)
==348806==    by 0x4F2B8A97: _dl_catch_exception (dl-error-skeleton.c:208)
==348806==    by 0x400E34D: _dl_open (dl-open.c:883)
==348806==    by 0x4F1D463B: dlopen_doit (dlopen.c:56)
==348806==  Address 0x56ecb309 is 1 bytes after a block of size 8 alloc'd
==348806==    at 0x4848899: malloc (in /usr/libexec/valgrind/vgpreload_memcheck-amd64-linux.so)
==348806==    by 0x40271DF: malloc (rtld-malloc.h:56)
==348806==    by 0x40271DF: strdup (strdup.c:42)
==348806==    by 0x4008594: decompose_rpath (dl-load.c:629)
==348806==    by 0x400ABF5: cache_rpath (dl-load.c:696)
==348806==    by 0x400ABF5: cache_rpath (dl-load.c:677)
==348806==    by 0x400ABF5: _dl_map_object (dl-load.c:2165)
==348806==    by 0x400E9A8: dl_open_worker_begin (dl-open.c:534)
==348806==    by 0x4F2B8A97: _dl_catch_exception (dl-error-skeleton.c:208)
==348806==    by 0x400DF99: dl_open_worker (dl-open.c:782)
==348806==    by 0x4F2B8A97: _dl_catch_exception (dl-error-skeleton.c:208)
==348806==    by 0x400E34D: _dl_open (dl-open.c:883)
==348806==    by 0x4F1D463B: dlopen_doit (dlopen.c:56)
==348806==    by 0x4F2B8A97: _dl_catch_exception (dl-error-skeleton.c:208)
==348806==    by 0x4F2B8B62: _dl_catch_error (dl-error-skeleton.c:227)
==348806== 
==348806== Conditional jump or move depends on uninitialised value(s)
==348806==    at 0x4F907F3E: ??? (in /usr/lib/wsl/lib/libdxcore.so)
==348806==    by 0x4F90851B: ??? (in /usr/lib/wsl/lib/libdxcore.so)
==348806==    by 0x4F9088E2: D3DKMTQueryAdapterInfo (in /usr/lib/wsl/lib/libdxcore.so)
==348806==    by 0x5721CC3B: ??? (in /usr/lib/wsl/lib/libcuda.so.1)
==348806==    by 0x4F1DDEE7: __pthread_once_slow (pthread_once.c:116)
==348806==    by 0x57220D49: cuGetProcAddress_v2 (in /usr/lib/wsl/lib/libcuda.so.1)
==348806==    by 0x4A27FF8: ??? (in /usr/local/cuda-12.8/targets/x86_64-linux/lib/libcudart.so.12.8.90)
==348806==    by 0x4A34A18: ??? (in /usr/local/cuda-12.8/targets/x86_64-linux/lib/libcudart.so.12.8.90)
==348806==    by 0x4A39637: ??? (in /usr/local/cuda-12.8/targets/x86_64-linux/lib/libcudart.so.12.8.90)
==348806==    by 0x4F1DDEE7: __pthread_once_slow (pthread_once.c:116)
==348806==    by 0x4A88ED8: ??? (in /usr/local/cuda-12.8/targets/x86_64-linux/lib/libcudart.so.12.8.90)
==348806==    by 0x4A356FE: ??? (in /usr/local/cuda-12.8/targets/x86_64-linux/lib/libcudart.so.12.8.90)
==348806== 
==348806== Conditional jump or move depends on uninitialised value(s)
==348806==    at 0x4F217BCE: c16rtomb (c16rtomb.c:57)
==348806==    by 0x4F907F4A: ??? (in /usr/lib/wsl/lib/libdxcore.so)
==348806==    by 0x4F90851B: ??? (in /usr/lib/wsl/lib/libdxcore.so)
==348806==    by 0x4F9088E2: D3DKMTQueryAdapterInfo (in /usr/lib/wsl/lib/libdxcore.so)
==348806==    by 0x5721CC3B: ??? (in /usr/lib/wsl/lib/libcuda.so.1)
==348806==    by 0x4F1DDEE7: __pthread_once_slow (pthread_once.c:116)
==348806==    by 0x57220D49: cuGetProcAddress_v2 (in /usr/lib/wsl/lib/libcuda.so.1)
==348806==    by 0x4A27FF8: ??? (in /usr/local/cuda-12.8/targets/x86_64-linux/lib/libcudart.so.12.8.90)
==348806==    by 0x4A34A18: ??? (in /usr/local/cuda-12.8/targets/x86_64-linux/lib/libcudart.so.12.8.90)
==348806==    by 0x4A39637: ??? (in /usr/local/cuda-12.8/targets/x86_64-linux/lib/libcudart.so.12.8.90)
==348806==    by 0x4F1DDEE7: __pthread_once_slow (pthread_once.c:116)
==348806==    by 0x4A88ED8: ??? (in /usr/local/cuda-12.8/targets/x86_64-linux/lib/libcudart.so.12.8.90)
==348806== 
==348806== Conditional jump or move depends on uninitialised value(s)
==348806==    at 0x4F20A28E: wcrtomb (wcrtomb.c:75)
==348806==    by 0x4F907F4A: ??? (in /usr/lib/wsl/lib/libdxcore.so)
==348806==    by 0x4F90851B: ??? (in /usr/lib/wsl/lib/libdxcore.so)
==348806==    by 0x4F9088E2: D3DKMTQueryAdapterInfo (in /usr/lib/wsl/lib/libdxcore.so)
==348806==    by 0x5721CC3B: ??? (in /usr/lib/wsl/lib/libcuda.so.1)
==348806==    by 0x4F1DDEE7: __pthread_once_slow (pthread_once.c:116)
==348806==    by 0x57220D49: cuGetProcAddress_v2 (in /usr/lib/wsl/lib/libcuda.so.1)
==348806==    by 0x4A27FF8: ??? (in /usr/local/cuda-12.8/targets/x86_64-linux/lib/libcudart.so.12.8.90)
==348806==    by 0x4A34A18: ??? (in /usr/local/cuda-12.8/targets/x86_64-linux/lib/libcudart.so.12.8.90)
==348806==    by 0x4A39637: ??? (in /usr/local/cuda-12.8/targets/x86_64-linux/lib/libcudart.so.12.8.90)
==348806==    by 0x4F1DDEE7: __pthread_once_slow (pthread_once.c:116)
==348806==    by 0x4A88ED8: ??? (in /usr/local/cuda-12.8/targets/x86_64-linux/lib/libcudart.so.12.8.90)
==348806== 
==348806== Conditional jump or move depends on uninitialised value(s)
==348806==    at 0x4F173429: internal_ascii_loop (loop.c:335)
==348806==    by 0x4F173429: __gconv_transform_internal_ascii (skeleton.c:619)
==348806==    by 0x4F20A32F: wcrtomb (wcrtomb.c:88)
==348806==    by 0x4F907F4A: ??? (in /usr/lib/wsl/lib/libdxcore.so)
==348806==    by 0x4F90851B: ??? (in /usr/lib/wsl/lib/libdxcore.so)
==348806==    by 0x4F9088E2: D3DKMTQueryAdapterInfo (in /usr/lib/wsl/lib/libdxcore.so)
==348806==    by 0x5721CC3B: ??? (in /usr/lib/wsl/lib/libcuda.so.1)
==348806==    by 0x4F1DDEE7: __pthread_once_slow (pthread_once.c:116)
==348806==    by 0x57220D49: cuGetProcAddress_v2 (in /usr/lib/wsl/lib/libcuda.so.1)
==348806==    by 0x4A27FF8: ??? (in /usr/local/cuda-12.8/targets/x86_64-linux/lib/libcudart.so.12.8.90)
==348806==    by 0x4A34A18: ??? (in /usr/local/cuda-12.8/targets/x86_64-linux/lib/libcudart.so.12.8.90)
==348806==    by 0x4A39637: ??? (in /usr/local/cuda-12.8/targets/x86_64-linux/lib/libcudart.so.12.8.90)
==348806==    by 0x4F1DDEE7: __pthread_once_slow (pthread_once.c:116)
==348806== 
==348806== Conditional jump or move depends on uninitialised value(s)
==348806==    at 0x4F907F9A: ??? (in /usr/lib/wsl/lib/libdxcore.so)
==348806==    by 0x4F90851B: ??? (in /usr/lib/wsl/lib/libdxcore.so)
==348806==    by 0x4F9088E2: D3DKMTQueryAdapterInfo (in /usr/lib/wsl/lib/libdxcore.so)
==348806==    by 0x5721CC3B: ??? (in /usr/lib/wsl/lib/libcuda.so.1)
==348806==    by 0x4F1DDEE7: __pthread_once_slow (pthread_once.c:116)
==348806==    by 0x57220D49: cuGetProcAddress_v2 (in /usr/lib/wsl/lib/libcuda.so.1)
==348806==    by 0x4A27FF8: ??? (in /usr/local/cuda-12.8/targets/x86_64-linux/lib/libcudart.so.12.8.90)
==348806==    by 0x4A34A18: ??? (in /usr/local/cuda-12.8/targets/x86_64-linux/lib/libcudart.so.12.8.90)
==348806==    by 0x4A39637: ??? (in /usr/local/cuda-12.8/targets/x86_64-linux/lib/libcudart.so.12.8.90)
==348806==    by 0x4F1DDEE7: __pthread_once_slow (pthread_once.c:116)
==348806==    by 0x4A88ED8: ??? (in /usr/local/cuda-12.8/targets/x86_64-linux/lib/libcudart.so.12.8.90)
==348806==    by 0x4A356FE: ??? (in /usr/local/cuda-12.8/targets/x86_64-linux/lib/libcudart.so.12.8.90)
==348806== 
==348806== Conditional jump or move depends on uninitialised value(s)
==348806==    at 0x484ED19: strlen (in /usr/libexec/valgrind/vgpreload_memcheck-amd64-linux.so)
==348806==    by 0x4F907FAC: ??? (in /usr/lib/wsl/lib/libdxcore.so)
==348806==    by 0x4F90851B: ??? (in /usr/lib/wsl/lib/libdxcore.so)
==348806==    by 0x4F9088E2: D3DKMTQueryAdapterInfo (in /usr/lib/wsl/lib/libdxcore.so)
==348806==    by 0x5721CC3B: ??? (in /usr/lib/wsl/lib/libcuda.so.1)
==348806==    by 0x4F1DDEE7: __pthread_once_slow (pthread_once.c:116)
==348806==    by 0x57220D49: cuGetProcAddress_v2 (in /usr/lib/wsl/lib/libcuda.so.1)
==348806==    by 0x4A27FF8: ??? (in /usr/local/cuda-12.8/targets/x86_64-linux/lib/libcudart.so.12.8.90)
==348806==    by 0x4A34A18: ??? (in /usr/local/cuda-12.8/targets/x86_64-linux/lib/libcudart.so.12.8.90)
==348806==    by 0x4A39637: ??? (in /usr/local/cuda-12.8/targets/x86_64-linux/lib/libcudart.so.12.8.90)
==348806==    by 0x4F1DDEE7: __pthread_once_slow (pthread_once.c:116)
==348806==    by 0x4A88ED8: ??? (in /usr/local/cuda-12.8/targets/x86_64-linux/lib/libcudart.so.12.8.90)
==348806== 
==348806== Conditional jump or move depends on uninitialised value(s)
==348806==    at 0x484ED28: strlen (in /usr/libexec/valgrind/vgpreload_memcheck-amd64-linux.so)
==348806==    by 0x4F907FAC: ??? (in /usr/lib/wsl/lib/libdxcore.so)
==348806==    by 0x4F90851B: ??? (in /usr/lib/wsl/lib/libdxcore.so)
==348806==    by 0x4F9088E2: D3DKMTQueryAdapterInfo (in /usr/lib/wsl/lib/libdxcore.so)
==348806==    by 0x5721CC3B: ??? (in /usr/lib/wsl/lib/libcuda.so.1)
==348806==    by 0x4F1DDEE7: __pthread_once_slow (pthread_once.c:116)
==348806==    by 0x57220D49: cuGetProcAddress_v2 (in /usr/lib/wsl/lib/libcuda.so.1)
==348806==    by 0x4A27FF8: ??? (in /usr/local/cuda-12.8/targets/x86_64-linux/lib/libcudart.so.12.8.90)
==348806==    by 0x4A34A18: ??? (in /usr/local/cuda-12.8/targets/x86_64-linux/lib/libcudart.so.12.8.90)
==348806==    by 0x4A39637: ??? (in /usr/local/cuda-12.8/targets/x86_64-linux/lib/libcudart.so.12.8.90)
==348806==    by 0x4F1DDEE7: __pthread_once_slow (pthread_once.c:116)
==348806==    by 0x4A88ED8: ??? (in /usr/local/cuda-12.8/targets/x86_64-linux/lib/libcudart.so.12.8.90)
==348806== 
==348806== Conditional jump or move depends on uninitialised value(s)
==348806==    at 0x4F17E0A2: tolower (ctype.c:46)
==348806==    by 0x4F907FF5: ??? (in /usr/lib/wsl/lib/libdxcore.so)
==348806==    by 0x4F90851B: ??? (in /usr/lib/wsl/lib/libdxcore.so)
==348806==    by 0x4F9088E2: D3DKMTQueryAdapterInfo (in /usr/lib/wsl/lib/libdxcore.so)
==348806==    by 0x5721CC3B: ??? (in /usr/lib/wsl/lib/libcuda.so.1)
==348806==    by 0x4F1DDEE7: __pthread_once_slow (pthread_once.c:116)
==348806==    by 0x57220D49: cuGetProcAddress_v2 (in /usr/lib/wsl/lib/libcuda.so.1)
==348806==    by 0x4A27FF8: ??? (in /usr/local/cuda-12.8/targets/x86_64-linux/lib/libcudart.so.12.8.90)
==348806==    by 0x4A34A18: ??? (in /usr/local/cuda-12.8/targets/x86_64-linux/lib/libcudart.so.12.8.90)
==348806==    by 0x4A39637: ??? (in /usr/local/cuda-12.8/targets/x86_64-linux/lib/libcudart.so.12.8.90)
==348806==    by 0x4F1DDEE7: __pthread_once_slow (pthread_once.c:116)
==348806==    by 0x4A88ED8: ??? (in /usr/local/cuda-12.8/targets/x86_64-linux/lib/libcudart.so.12.8.90)
==348806== 
==348806== Use of uninitialised value of size 8
==348806==    at 0x4F17E0B9: tolower (ctype.c:46)
==348806==    by 0x4F17E0B9: tolower (ctype.c:44)
==348806==    by 0x4F907FF5: ??? (in /usr/lib/wsl/lib/libdxcore.so)
==348806==    by 0x4F90851B: ??? (in /usr/lib/wsl/lib/libdxcore.so)
==348806==    by 0x4F9088E2: D3DKMTQueryAdapterInfo (in /usr/lib/wsl/lib/libdxcore.so)
==348806==    by 0x5721CC3B: ??? (in /usr/lib/wsl/lib/libcuda.so.1)
==348806==    by 0x4F1DDEE7: __pthread_once_slow (pthread_once.c:116)
==348806==    by 0x57220D49: cuGetProcAddress_v2 (in /usr/lib/wsl/lib/libcuda.so.1)
==348806==    by 0x4A27FF8: ??? (in /usr/local/cuda-12.8/targets/x86_64-linux/lib/libcudart.so.12.8.90)
==348806==    by 0x4A34A18: ??? (in /usr/local/cuda-12.8/targets/x86_64-linux/lib/libcudart.so.12.8.90)
==348806==    by 0x4A39637: ??? (in /usr/local/cuda-12.8/targets/x86_64-linux/lib/libcudart.so.12.8.90)
==348806==    by 0x4F1DDEE7: __pthread_once_slow (pthread_once.c:116)
==348806==    by 0x4A88ED8: ??? (in /usr/local/cuda-12.8/targets/x86_64-linux/lib/libcudart.so.12.8.90)
==348806== 
==348806== Conditional jump or move depends on uninitialised value(s)
==348806==    at 0x4F17E0A2: tolower (ctype.c:46)
==348806==    by 0x4F908013: ??? (in /usr/lib/wsl/lib/libdxcore.so)
==348806==    by 0x4F90851B: ??? (in /usr/lib/wsl/lib/libdxcore.so)
==348806==    by 0x4F9088E2: D3DKMTQueryAdapterInfo (in /usr/lib/wsl/lib/libdxcore.so)
==348806==    by 0x5721CC3B: ??? (in /usr/lib/wsl/lib/libcuda.so.1)
==348806==    by 0x4F1DDEE7: __pthread_once_slow (pthread_once.c:116)
==348806==    by 0x57220D49: cuGetProcAddress_v2 (in /usr/lib/wsl/lib/libcuda.so.1)
==348806==    by 0x4A27FF8: ??? (in /usr/local/cuda-12.8/targets/x86_64-linux/lib/libcudart.so.12.8.90)
==348806==    by 0x4A34A18: ??? (in /usr/local/cuda-12.8/targets/x86_64-linux/lib/libcudart.so.12.8.90)
==348806==    by 0x4A39637: ??? (in /usr/local/cuda-12.8/targets/x86_64-linux/lib/libcudart.so.12.8.90)
==348806==    by 0x4F1DDEE7: __pthread_once_slow (pthread_once.c:116)
==348806==    by 0x4A88ED8: ??? (in /usr/local/cuda-12.8/targets/x86_64-linux/lib/libcudart.so.12.8.90)
==348806== 
==348806== Use of uninitialised value of size 8
==348806==    at 0x4F17E0B9: tolower (ctype.c:46)
==348806==    by 0x4F17E0B9: tolower (ctype.c:44)
==348806==    by 0x4F908013: ??? (in /usr/lib/wsl/lib/libdxcore.so)
==348806==    by 0x4F90851B: ??? (in /usr/lib/wsl/lib/libdxcore.so)
==348806==    by 0x4F9088E2: D3DKMTQueryAdapterInfo (in /usr/lib/wsl/lib/libdxcore.so)
==348806==    by 0x5721CC3B: ??? (in /usr/lib/wsl/lib/libcuda.so.1)
==348806==    by 0x4F1DDEE7: __pthread_once_slow (pthread_once.c:116)
==348806==    by 0x57220D49: cuGetProcAddress_v2 (in /usr/lib/wsl/lib/libcuda.so.1)
==348806==    by 0x4A27FF8: ??? (in /usr/local/cuda-12.8/targets/x86_64-linux/lib/libcudart.so.12.8.90)
==348806==    by 0x4A34A18: ??? (in /usr/local/cuda-12.8/targets/x86_64-linux/lib/libcudart.so.12.8.90)
==348806==    by 0x4A39637: ??? (in /usr/local/cuda-12.8/targets/x86_64-linux/lib/libcudart.so.12.8.90)
==348806==    by 0x4F1DDEE7: __pthread_once_slow (pthread_once.c:116)
==348806==    by 0x4A88ED8: ??? (in /usr/local/cuda-12.8/targets/x86_64-linux/lib/libcudart.so.12.8.90)
==348806== 
==348806== Conditional jump or move depends on uninitialised value(s)
==348806==    at 0x484ECCD: strnlen (in /usr/libexec/valgrind/vgpreload_memcheck-amd64-linux.so)
==348806==    by 0x4F217285: __mbsrtowcs_l (mbsrtowcs_l.c:115)
==348806==    by 0x4F189F14: mbstowcs (mbstowcs.c:33)
==348806==    by 0x4F908088: ??? (in /usr/lib/wsl/lib/libdxcore.so)
==348806==    by 0x4F90851B: ??? (in /usr/lib/wsl/lib/libdxcore.so)
==348806==    by 0x4F9088E2: D3DKMTQueryAdapterInfo (in /usr/lib/wsl/lib/libdxcore.so)
==348806==    by 0x5721CC3B: ??? (in /usr/lib/wsl/lib/libcuda.so.1)
==348806==    by 0x4F1DDEE7: __pthread_once_slow (pthread_once.c:116)
==348806==    by 0x57220D49: cuGetProcAddress_v2 (in /usr/lib/wsl/lib/libcuda.so.1)
==348806==    by 0x4A27FF8: ??? (in /usr/local/cuda-12.8/targets/x86_64-linux/lib/libcudart.so.12.8.90)
==348806==    by 0x4A34A18: ??? (in /usr/local/cuda-12.8/targets/x86_64-linux/lib/libcudart.so.12.8.90)
==348806==    by 0x4A39637: ??? (in /usr/local/cuda-12.8/targets/x86_64-linux/lib/libcudart.so.12.8.90)
==348806== 
==348806== Conditional jump or move depends on uninitialised value(s)
==348806==    at 0x4F172DE9: ascii_internal_loop (loop.c:335)
==348806==    by 0x4F172DE9: __gconv_transform_ascii_internal (skeleton.c:619)
==348806==    by 0x4F2172AC: __mbsrtowcs_l (mbsrtowcs_l.c:117)
==348806==    by 0x4F189F14: mbstowcs (mbstowcs.c:33)
==348806==    by 0x4F908088: ??? (in /usr/lib/wsl/lib/libdxcore.so)
==348806==    by 0x4F90851B: ??? (in /usr/lib/wsl/lib/libdxcore.so)
==348806==    by 0x4F9088E2: D3DKMTQueryAdapterInfo (in /usr/lib/wsl/lib/libdxcore.so)
==348806==    by 0x5721CC3B: ??? (in /usr/lib/wsl/lib/libcuda.so.1)
==348806==    by 0x4F1DDEE7: __pthread_once_slow (pthread_once.c:116)
==348806==    by 0x57220D49: cuGetProcAddress_v2 (in /usr/lib/wsl/lib/libcuda.so.1)
==348806==    by 0x4A27FF8: ??? (in /usr/local/cuda-12.8/targets/x86_64-linux/lib/libcudart.so.12.8.90)
==348806==    by 0x4A34A18: ??? (in /usr/local/cuda-12.8/targets/x86_64-linux/lib/libcudart.so.12.8.90)
==348806==    by 0x4A39637: ??? (in /usr/local/cuda-12.8/targets/x86_64-linux/lib/libcudart.so.12.8.90)
==348806== 
==348806== Conditional jump or move depends on uninitialised value(s)
==348806==    at 0x4F90809D: ??? (in /usr/lib/wsl/lib/libdxcore.so)
==348806==    by 0x4F90851B: ??? (in /usr/lib/wsl/lib/libdxcore.so)
==348806==    by 0x4F9088E2: D3DKMTQueryAdapterInfo (in /usr/lib/wsl/lib/libdxcore.so)
==348806==    by 0x5721CC3B: ??? (in /usr/lib/wsl/lib/libcuda.so.1)
==348806==    by 0x4F1DDEE7: __pthread_once_slow (pthread_once.c:116)
==348806==    by 0x57220D49: cuGetProcAddress_v2 (in /usr/lib/wsl/lib/libcuda.so.1)
==348806==    by 0x4A27FF8: ??? (in /usr/local/cuda-12.8/targets/x86_64-linux/lib/libcudart.so.12.8.90)
==348806==    by 0x4A34A18: ??? (in /usr/local/cuda-12.8/targets/x86_64-linux/lib/libcudart.so.12.8.90)
==348806==    by 0x4A39637: ??? (in /usr/local/cuda-12.8/targets/x86_64-linux/lib/libcudart.so.12.8.90)
==348806==    by 0x4F1DDEE7: __pthread_once_slow (pthread_once.c:116)
==348806==    by 0x4A88ED8: ??? (in /usr/local/cuda-12.8/targets/x86_64-linux/lib/libcudart.so.12.8.90)
==348806==    by 0x4A356FE: ??? (in /usr/local/cuda-12.8/targets/x86_64-linux/lib/libcudart.so.12.8.90)
==348806== 
==348806== Conditional jump or move depends on uninitialised value(s)
==348806==    at 0x5721CCF1: ??? (in /usr/lib/wsl/lib/libcuda.so.1)
==348806==    by 0x4F1DDEE7: __pthread_once_slow (pthread_once.c:116)
==348806==    by 0x57220D49: cuGetProcAddress_v2 (in /usr/lib/wsl/lib/libcuda.so.1)
==348806==    by 0x4A27FF8: ??? (in /usr/local/cuda-12.8/targets/x86_64-linux/lib/libcudart.so.12.8.90)
==348806==    by 0x4A34A18: ??? (in /usr/local/cuda-12.8/targets/x86_64-linux/lib/libcudart.so.12.8.90)
==348806==    by 0x4A39637: ??? (in /usr/local/cuda-12.8/targets/x86_64-linux/lib/libcudart.so.12.8.90)
==348806==    by 0x4F1DDEE7: __pthread_once_slow (pthread_once.c:116)
==348806==    by 0x4A88ED8: ??? (in /usr/local/cuda-12.8/targets/x86_64-linux/lib/libcudart.so.12.8.90)
==348806==    by 0x4A356FE: ??? (in /usr/local/cuda-12.8/targets/x86_64-linux/lib/libcudart.so.12.8.90)
==348806==    by 0x4A4DB6C: cudaGetDeviceProperties_v2 (in /usr/local/cuda-12.8/targets/x86_64-linux/lib/libcudart.so.12.8.90)
==348806==    by 0x10D43D: main (in /home/cjmcv/project/flux/build/bin/my_sgemm)
==348806== 
==348806== Conditional jump or move depends on uninitialised value(s)
==348806==    at 0x5721CCB8: ??? (in /usr/lib/wsl/lib/libcuda.so.1)
==348806==    by 0x4F1DDEE7: __pthread_once_slow (pthread_once.c:116)
==348806==    by 0x57220D49: cuGetProcAddress_v2 (in /usr/lib/wsl/lib/libcuda.so.1)
==348806==    by 0x4A27FF8: ??? (in /usr/local/cuda-12.8/targets/x86_64-linux/lib/libcudart.so.12.8.90)
==348806==    by 0x4A34A18: ??? (in /usr/local/cuda-12.8/targets/x86_64-linux/lib/libcudart.so.12.8.90)
==348806==    by 0x4A39637: ??? (in /usr/local/cuda-12.8/targets/x86_64-linux/lib/libcudart.so.12.8.90)
==348806==    by 0x4F1DDEE7: __pthread_once_slow (pthread_once.c:116)
==348806==    by 0x4A88ED8: ??? (in /usr/local/cuda-12.8/targets/x86_64-linux/lib/libcudart.so.12.8.90)
==348806==    by 0x4A356FE: ??? (in /usr/local/cuda-12.8/targets/x86_64-linux/lib/libcudart.so.12.8.90)
==348806==    by 0x4A4DB6C: cudaGetDeviceProperties_v2 (in /usr/local/cuda-12.8/targets/x86_64-linux/lib/libcudart.so.12.8.90)
==348806==    by 0x10D43D: main (in /home/cjmcv/project/flux/build/bin/my_sgemm)
==348806== 
==348806== Conditional jump or move depends on uninitialised value(s)
==348806==    at 0x5721CCD2: ??? (in /usr/lib/wsl/lib/libcuda.so.1)
==348806==    by 0x4F1DDEE7: __pthread_once_slow (pthread_once.c:116)
==348806==    by 0x57220D49: cuGetProcAddress_v2 (in /usr/lib/wsl/lib/libcuda.so.1)
==348806==    by 0x4A27FF8: ??? (in /usr/local/cuda-12.8/targets/x86_64-linux/lib/libcudart.so.12.8.90)
==348806==    by 0x4A34A18: ??? (in /usr/local/cuda-12.8/targets/x86_64-linux/lib/libcudart.so.12.8.90)
==348806==    by 0x4A39637: ??? (in /usr/local/cuda-12.8/targets/x86_64-linux/lib/libcudart.so.12.8.90)
==348806==    by 0x4F1DDEE7: __pthread_once_slow (pthread_once.c:116)
==348806==    by 0x4A88ED8: ??? (in /usr/local/cuda-12.8/targets/x86_64-linux/lib/libcudart.so.12.8.90)
==348806==    by 0x4A356FE: ??? (in /usr/local/cuda-12.8/targets/x86_64-linux/lib/libcudart.so.12.8.90)
==348806==    by 0x4A4DB6C: cudaGetDeviceProperties_v2 (in /usr/local/cuda-12.8/targets/x86_64-linux/lib/libcudart.so.12.8.90)
==348806==    by 0x10D43D: main (in /home/cjmcv/project/flux/build/bin/my_sgemm)
==348806== 
==348806== Conditional jump or move depends on uninitialised value(s)
==348806==    at 0x5721CDA5: ??? (in /usr/lib/wsl/lib/libcuda.so.1)
==348806==    by 0x4F1DDEE7: __pthread_once_slow (pthread_once.c:116)
==348806==    by 0x57220D49: cuGetProcAddress_v2 (in /usr/lib/wsl/lib/libcuda.so.1)
==348806==    by 0x4A27FF8: ??? (in /usr/local/cuda-12.8/targets/x86_64-linux/lib/libcudart.so.12.8.90)
==348806==    by 0x4A34A18: ??? (in /usr/local/cuda-12.8/targets/x86_64-linux/lib/libcudart.so.12.8.90)
==348806==    by 0x4A39637: ??? (in /usr/local/cuda-12.8/targets/x86_64-linux/lib/libcudart.so.12.8.90)
==348806==    by 0x4F1DDEE7: __pthread_once_slow (pthread_once.c:116)
==348806==    by 0x4A88ED8: ??? (in /usr/local/cuda-12.8/targets/x86_64-linux/lib/libcudart.so.12.8.90)
==348806==    by 0x4A356FE: ??? (in /usr/local/cuda-12.8/targets/x86_64-linux/lib/libcudart.so.12.8.90)
==348806==    by 0x4A4DB6C: cudaGetDeviceProperties_v2 (in /usr/local/cuda-12.8/targets/x86_64-linux/lib/libcudart.so.12.8.90)
==348806==    by 0x10D43D: main (in /home/cjmcv/project/flux/build/bin/my_sgemm)
==348806== 
==348806== Conditional jump or move depends on uninitialised value(s)
==348806==    at 0x5721CE45: ??? (in /usr/lib/wsl/lib/libcuda.so.1)
==348806==    by 0x4F1DDEE7: __pthread_once_slow (pthread_once.c:116)
==348806==    by 0x57220D49: cuGetProcAddress_v2 (in /usr/lib/wsl/lib/libcuda.so.1)
==348806==    by 0x4A27FF8: ??? (in /usr/local/cuda-12.8/targets/x86_64-linux/lib/libcudart.so.12.8.90)
==348806==    by 0x4A34A18: ??? (in /usr/local/cuda-12.8/targets/x86_64-linux/lib/libcudart.so.12.8.90)
==348806==    by 0x4A39637: ??? (in /usr/local/cuda-12.8/targets/x86_64-linux/lib/libcudart.so.12.8.90)
==348806==    by 0x4F1DDEE7: __pthread_once_slow (pthread_once.c:116)
==348806==    by 0x4A88ED8: ??? (in /usr/local/cuda-12.8/targets/x86_64-linux/lib/libcudart.so.12.8.90)
==348806==    by 0x4A356FE: ??? (in /usr/local/cuda-12.8/targets/x86_64-linux/lib/libcudart.so.12.8.90)
==348806==    by 0x4A4DB6C: cudaGetDeviceProperties_v2 (in /usr/local/cuda-12.8/targets/x86_64-linux/lib/libcudart.so.12.8.90)
==348806==    by 0x10D43D: main (in /home/cjmcv/project/flux/build/bin/my_sgemm)
==348806== 
==348806== Conditional jump or move depends on uninitialised value(s)
==348806==    at 0x5721CE08: ??? (in /usr/lib/wsl/lib/libcuda.so.1)
==348806==    by 0x4F1DDEE7: __pthread_once_slow (pthread_once.c:116)
==348806==    by 0x57220D49: cuGetProcAddress_v2 (in /usr/lib/wsl/lib/libcuda.so.1)
==348806==    by 0x4A27FF8: ??? (in /usr/local/cuda-12.8/targets/x86_64-linux/lib/libcudart.so.12.8.90)
==348806==    by 0x4A34A18: ??? (in /usr/local/cuda-12.8/targets/x86_64-linux/lib/libcudart.so.12.8.90)
==348806==    by 0x4A39637: ??? (in /usr/local/cuda-12.8/targets/x86_64-linux/lib/libcudart.so.12.8.90)
==348806==    by 0x4F1DDEE7: __pthread_once_slow (pthread_once.c:116)
==348806==    by 0x4A88ED8: ??? (in /usr/local/cuda-12.8/targets/x86_64-linux/lib/libcudart.so.12.8.90)
==348806==    by 0x4A356FE: ??? (in /usr/local/cuda-12.8/targets/x86_64-linux/lib/libcudart.so.12.8.90)
==348806==    by 0x4A4DB6C: cudaGetDeviceProperties_v2 (in /usr/local/cuda-12.8/targets/x86_64-linux/lib/libcudart.so.12.8.90)
==348806==    by 0x10D43D: main (in /home/cjmcv/project/flux/build/bin/my_sgemm)
==348806== 
==348806== Conditional jump or move depends on uninitialised value(s)
==348806==    at 0x5721CE22: ??? (in /usr/lib/wsl/lib/libcuda.so.1)
==348806==    by 0x4F1DDEE7: __pthread_once_slow (pthread_once.c:116)
==348806==    by 0x57220D49: cuGetProcAddress_v2 (in /usr/lib/wsl/lib/libcuda.so.1)
==348806==    by 0x4A27FF8: ??? (in /usr/local/cuda-12.8/targets/x86_64-linux/lib/libcudart.so.12.8.90)
==348806==    by 0x4A34A18: ??? (in /usr/local/cuda-12.8/targets/x86_64-linux/lib/libcudart.so.12.8.90)
==348806==    by 0x4A39637: ??? (in /usr/local/cuda-12.8/targets/x86_64-linux/lib/libcudart.so.12.8.90)
==348806==    by 0x4F1DDEE7: __pthread_once_slow (pthread_once.c:116)
==348806==    by 0x4A88ED8: ??? (in /usr/local/cuda-12.8/targets/x86_64-linux/lib/libcudart.so.12.8.90)
==348806==    by 0x4A356FE: ??? (in /usr/local/cuda-12.8/targets/x86_64-linux/lib/libcudart.so.12.8.90)
==348806==    by 0x4A4DB6C: cudaGetDeviceProperties_v2 (in /usr/local/cuda-12.8/targets/x86_64-linux/lib/libcudart.so.12.8.90)
==348806==    by 0x10D43D: main (in /home/cjmcv/project/flux/build/bin/my_sgemm)
==348806== 
==348806== Conditional jump or move depends on uninitialised value(s)
==348806==    at 0x5721CF1D: ??? (in /usr/lib/wsl/lib/libcuda.so.1)
==348806==    by 0x4F1DDEE7: __pthread_once_slow (pthread_once.c:116)
==348806==    by 0x57220D49: cuGetProcAddress_v2 (in /usr/lib/wsl/lib/libcuda.so.1)
==348806==    by 0x4A27FF8: ??? (in /usr/local/cuda-12.8/targets/x86_64-linux/lib/libcudart.so.12.8.90)
==348806==    by 0x4A34A18: ??? (in /usr/local/cuda-12.8/targets/x86_64-linux/lib/libcudart.so.12.8.90)
==348806==    by 0x4A39637: ??? (in /usr/local/cuda-12.8/targets/x86_64-linux/lib/libcudart.so.12.8.90)
==348806==    by 0x4F1DDEE7: __pthread_once_slow (pthread_once.c:116)
==348806==    by 0x4A88ED8: ??? (in /usr/local/cuda-12.8/targets/x86_64-linux/lib/libcudart.so.12.8.90)
==348806==    by 0x4A356FE: ??? (in /usr/local/cuda-12.8/targets/x86_64-linux/lib/libcudart.so.12.8.90)
==348806==    by 0x4A4DB6C: cudaGetDeviceProperties_v2 (in /usr/local/cuda-12.8/targets/x86_64-linux/lib/libcudart.so.12.8.90)
==348806==    by 0x10D43D: main (in /home/cjmcv/project/flux/build/bin/my_sgemm)
==348806== 
==348806== Conditional jump or move depends on uninitialised value(s)
==348806==    at 0x580BCEF1: ??? (in /usr/libexec/valgrind/memcheck-amd64-linux)
==348806==    by 0xC9612B13: ???
==348806==    by 0xC9612B13: ???
==348806== 
==348806== Conditional jump or move depends on uninitialised value(s)
==348806==    at 0x580BCEF5: ??? (in /usr/libexec/valgrind/memcheck-amd64-linux)
==348806==    by 0xC9612B13: ???
==348806==    by 0xC9612B13: ???
==348806== 
==348806== Conditional jump or move depends on uninitialised value(s)
==348806==    at 0x580BCEF1: ??? (in /usr/libexec/valgrind/memcheck-amd64-linux)
==348806==    by 0x40080D0: _dl_dst_count (dl-load.c:241)
==348806==    by 0x40080D0: expand_dynamic_string_token (dl-load.c:395)
==348806==    by 0x400A588: _dl_map_object (dl-load.c:2259)
==348806==    by 0x400E9A8: dl_open_worker_begin (dl-open.c:534)
==348806==    by 0x4F2B8A97: _dl_catch_exception (dl-error-skeleton.c:208)
==348806==    by 0x400DF99: dl_open_worker (dl-open.c:782)
==348806==    by 0x4F2B8A97: _dl_catch_exception (dl-error-skeleton.c:208)
==348806==    by 0x400E34D: _dl_open (dl-open.c:883)
==348806==    by 0x4F1D463B: dlopen_doit (dlopen.c:56)
==348806==    by 0x4F2B8A97: _dl_catch_exception (dl-error-skeleton.c:208)
==348806==    by 0x4F2B8B62: _dl_catch_error (dl-error-skeleton.c:227)
==348806==    by 0x4F1D412D: _dlerror_run (dlerror.c:138)
==348806== 
==348806== Conditional jump or move depends on uninitialised value(s)
==348806==    at 0x580BCEF5: ??? (in /usr/libexec/valgrind/memcheck-amd64-linux)
==348806==    by 0x40080D0: _dl_dst_count (dl-load.c:241)
==348806==    by 0x40080D0: expand_dynamic_string_token (dl-load.c:395)
==348806==    by 0x400A588: _dl_map_object (dl-load.c:2259)
==348806==    by 0x400E9A8: dl_open_worker_begin (dl-open.c:534)
==348806==    by 0x4F2B8A97: _dl_catch_exception (dl-error-skeleton.c:208)
==348806==    by 0x400DF99: dl_open_worker (dl-open.c:782)
==348806==    by 0x4F2B8A97: _dl_catch_exception (dl-error-skeleton.c:208)
==348806==    by 0x400E34D: _dl_open (dl-open.c:883)
==348806==    by 0x4F1D463B: dlopen_doit (dlopen.c:56)
==348806==    by 0x4F2B8A97: _dl_catch_exception (dl-error-skeleton.c:208)
==348806==    by 0x4F2B8B62: _dl_catch_error (dl-error-skeleton.c:227)
==348806==    by 0x4F1D412D: _dlerror_run (dlerror.c:138)
==348806== 
==348806== Conditional jump or move depends on uninitialised value(s)
==348806==    at 0x580BCED3: ??? (in /usr/libexec/valgrind/memcheck-amd64-linux)
==348806==    by 0x40271D2: strdup (strdup.c:41)
==348806==    by 0x400A588: _dl_map_object (dl-load.c:2259)
==348806==    by 0x400E9A8: dl_open_worker_begin (dl-open.c:534)
==348806==    by 0x4F2B8A97: _dl_catch_exception (dl-error-skeleton.c:208)
==348806==    by 0x400DF99: dl_open_worker (dl-open.c:782)
==348806==    by 0x4F2B8A97: _dl_catch_exception (dl-error-skeleton.c:208)
==348806==    by 0x400E34D: _dl_open (dl-open.c:883)
==348806==    by 0x4F1D463B: dlopen_doit (dlopen.c:56)
==348806==    by 0x4F2B8A97: _dl_catch_exception (dl-error-skeleton.c:208)
==348806==    by 0x4F2B8B62: _dl_catch_error (dl-error-skeleton.c:227)
==348806==    by 0x4F1D412D: _dlerror_run (dlerror.c:138)
==348806== 
==348806== Syscall param openat(filename) points to uninitialised byte(s)
==348806==    at 0x4026B18: __open_nocancel (open64_nocancel.c:39)
==348806==    by 0x4007658: open_verify.constprop.1 (dl-load.c:1626)
==348806==    by 0x400A5B3: _dl_map_object (dl-load.c:2265)
==348806==    by 0x400E9A8: dl_open_worker_begin (dl-open.c:534)
==348806==    by 0x4F2B8A97: _dl_catch_exception (dl-error-skeleton.c:208)
==348806==    by 0x400DF99: dl_open_worker (dl-open.c:782)
==348806==    by 0x4F2B8A97: _dl_catch_exception (dl-error-skeleton.c:208)
==348806==    by 0x400E34D: _dl_open (dl-open.c:883)
==348806==    by 0x4F1D463B: dlopen_doit (dlopen.c:56)
==348806==    by 0x4F2B8A97: _dl_catch_exception (dl-error-skeleton.c:208)
==348806==    by 0x4F2B8B62: _dl_catch_error (dl-error-skeleton.c:227)
==348806==    by 0x4F1D412D: _dlerror_run (dlerror.c:138)
==348806==  Address 0xc42086b5 is 21 bytes inside a block of size 68 alloc'd
==348806==    at 0x4848899: malloc (in /usr/libexec/valgrind/vgpreload_memcheck-amd64-linux.so)
==348806==    by 0x40271DF: malloc (rtld-malloc.h:56)
==348806==    by 0x40271DF: strdup (strdup.c:42)
==348806==    by 0x400A588: _dl_map_object (dl-load.c:2259)
==348806==    by 0x400E9A8: dl_open_worker_begin (dl-open.c:534)
==348806==    by 0x4F2B8A97: _dl_catch_exception (dl-error-skeleton.c:208)
==348806==    by 0x400DF99: dl_open_worker (dl-open.c:782)
==348806==    by 0x4F2B8A97: _dl_catch_exception (dl-error-skeleton.c:208)
==348806==    by 0x400E34D: _dl_open (dl-open.c:883)
==348806==    by 0x4F1D463B: dlopen_doit (dlopen.c:56)
==348806==    by 0x4F2B8A97: _dl_catch_exception (dl-error-skeleton.c:208)
==348806==    by 0x4F2B8B62: _dl_catch_error (dl-error-skeleton.c:227)
==348806==    by 0x4F1D412D: _dlerror_run (dlerror.c:138)
==348806== 
==348806== Conditional jump or move depends on uninitialised value(s)
==348806==    at 0x580BCED3: ??? (in /usr/libexec/valgrind/memcheck-amd64-linux)
==348806==    by 0x400D9D7: _dl_new_object (dl-object.c:83)
==348806==    by 0x4008C82: _dl_map_object_from_fd (dl-load.c:1063)
==348806==    by 0x400A600: _dl_map_object (dl-load.c:2327)
==348806==    by 0x400E9A8: dl_open_worker_begin (dl-open.c:534)
==348806==    by 0x4F2B8A97: _dl_catch_exception (dl-error-skeleton.c:208)
==348806==    by 0x400DF99: dl_open_worker (dl-open.c:782)
==348806==    by 0x4F2B8A97: _dl_catch_exception (dl-error-skeleton.c:208)
==348806==    by 0x400E34D: _dl_open (dl-open.c:883)
==348806==    by 0x4F1D463B: dlopen_doit (dlopen.c:56)
==348806==    by 0x4F2B8A97: _dl_catch_exception (dl-error-skeleton.c:208)
==348806==    by 0x4F2B8B62: _dl_catch_error (dl-error-skeleton.c:227)
==348806== 
==348806== Conditional jump or move depends on uninitialised value(s)
==348806==    at 0x580BCED3: ??? (in /usr/libexec/valgrind/memcheck-amd64-linux)
==348806==    by 0x400DB7D: _dl_new_object (dl-object.c:191)
==348806==    by 0x4008C82: _dl_map_object_from_fd (dl-load.c:1063)
==348806==    by 0x400A600: _dl_map_object (dl-load.c:2327)
==348806==    by 0x400E9A8: dl_open_worker_begin (dl-open.c:534)
==348806==    by 0x4F2B8A97: _dl_catch_exception (dl-error-skeleton.c:208)
==348806==    by 0x400DF99: dl_open_worker (dl-open.c:782)
==348806==    by 0x4F2B8A97: _dl_catch_exception (dl-error-skeleton.c:208)
==348806==    by 0x400E34D: _dl_open (dl-open.c:883)
==348806==    by 0x4F1D463B: dlopen_doit (dlopen.c:56)
==348806==    by 0x4F2B8A97: _dl_catch_exception (dl-error-skeleton.c:208)
==348806==    by 0x4F2B8B62: _dl_catch_error (dl-error-skeleton.c:227)
==348806== 
==348806== Conditional jump or move depends on uninitialised value(s)
==348806==    at 0x580BCED3: ??? (in /usr/libexec/valgrind/memcheck-amd64-linux)
==348806==    by 0x4004BFC: _dl_exception_create_format (dl-exception.c:110)
==348806==    by 0x400C3DB: _dl_lookup_symbol_x (dl-lookup.c:877)
==348806==    by 0x4F2B984C: do_sym (dl-sym.c:153)
==348806==    by 0x4F2B984C: _dl_sym (dl-sym.c:195)
==348806==    by 0x4F1D4737: dlsym_doit (dlsym.c:40)
==348806==    by 0x4F2B8A97: _dl_catch_exception (dl-error-skeleton.c:208)
==348806==    by 0x4F2B8B62: _dl_catch_error (dl-error-skeleton.c:227)
==348806==    by 0x4F1D412D: _dlerror_run (dlerror.c:138)
==348806==    by 0x4F1D47B3: dlsym_implementation (dlsym.c:54)
==348806==    by 0x4F1D47B3: dlsym@@GLIBC_2.34 (dlsym.c:68)
==348806==    by 0x5721142B: ??? (in /usr/lib/wsl/lib/libcuda.so.1)
==348806==    by 0x4F1DDEE7: __pthread_once_slow (pthread_once.c:116)
==348806==    by 0x57220D49: cuGetProcAddress_v2 (in /usr/lib/wsl/lib/libcuda.so.1)
==348806== 
==348806== Syscall param ioctl(generic) points to uninitialised byte(s)
==348806==    at 0x4F25E94F: ioctl (ioctl.c:36)
==348806==    by 0x4F908712: D3DKMTQueryAdapterInfo (in /usr/lib/wsl/lib/libdxcore.so)
==348806==    by 0xC9C1D7D7: ??? (in /usr/lib/wsl/drivers/nvam.inf_amd64_7e083f37999613bd/libcuda.so.1.1)
==348806==    by 0xC9DC442C: ??? (in /usr/lib/wsl/drivers/nvam.inf_amd64_7e083f37999613bd/libcuda.so.1.1)
==348806==    by 0xC9C0109D: ??? (in /usr/lib/wsl/drivers/nvam.inf_amd64_7e083f37999613bd/libcuda.so.1.1)
==348806==    by 0xC9C6B121: ??? (in /usr/lib/wsl/drivers/nvam.inf_amd64_7e083f37999613bd/libcuda.so.1.1)
==348806==    by 0x4A34A75: ??? (in /usr/local/cuda-12.8/targets/x86_64-linux/lib/libcudart.so.12.8.90)
==348806==    by 0x4A39637: ??? (in /usr/local/cuda-12.8/targets/x86_64-linux/lib/libcudart.so.12.8.90)
==348806==    by 0x4F1DDEE7: __pthread_once_slow (pthread_once.c:116)
==348806==    by 0x4A88ED8: ??? (in /usr/local/cuda-12.8/targets/x86_64-linux/lib/libcudart.so.12.8.90)
==348806==    by 0x4A356FE: ??? (in /usr/local/cuda-12.8/targets/x86_64-linux/lib/libcudart.so.12.8.90)
==348806==    by 0x4A4DB6C: cudaGetDeviceProperties_v2 (in /usr/local/cuda-12.8/targets/x86_64-linux/lib/libcudart.so.12.8.90)
==348806==  Address 0x1ffeffd410 is on thread 1's stack
==348806==  in frame #1, created by D3DKMTQueryAdapterInfo (???:)
==348806== 
==348806== Syscall param ioctl(generic) points to uninitialised byte(s)
==348806==    at 0x4F25E94F: ioctl (ioctl.c:36)
==348806==    by 0x4F908712: D3DKMTQueryAdapterInfo (in /usr/lib/wsl/lib/libdxcore.so)
==348806==    by 0xC9C10D2D: ??? (in /usr/lib/wsl/drivers/nvam.inf_amd64_7e083f37999613bd/libcuda.so.1.1)
==348806==    by 0xC9C1D7F9: ??? (in /usr/lib/wsl/drivers/nvam.inf_amd64_7e083f37999613bd/libcuda.so.1.1)
==348806==    by 0xC9DC442C: ??? (in /usr/lib/wsl/drivers/nvam.inf_amd64_7e083f37999613bd/libcuda.so.1.1)
==348806==    by 0xC9C0109D: ??? (in /usr/lib/wsl/drivers/nvam.inf_amd64_7e083f37999613bd/libcuda.so.1.1)
==348806==    by 0xC9C6B121: ??? (in /usr/lib/wsl/drivers/nvam.inf_amd64_7e083f37999613bd/libcuda.so.1.1)
==348806==    by 0x4A34A75: ??? (in /usr/local/cuda-12.8/targets/x86_64-linux/lib/libcudart.so.12.8.90)
==348806==    by 0x4A39637: ??? (in /usr/local/cuda-12.8/targets/x86_64-linux/lib/libcudart.so.12.8.90)
==348806==    by 0x4F1DDEE7: __pthread_once_slow (pthread_once.c:116)
==348806==    by 0x4A88ED8: ??? (in /usr/local/cuda-12.8/targets/x86_64-linux/lib/libcudart.so.12.8.90)
==348806==    by 0x4A356FE: ??? (in /usr/local/cuda-12.8/targets/x86_64-linux/lib/libcudart.so.12.8.90)
==348806==  Address 0x1ffeffcf60 is on thread 1's stack
==348806==  in frame #1, created by D3DKMTQueryAdapterInfo (???:)
==348806== 
==348806== Syscall param ioctl(generic) points to uninitialised byte(s)
==348806==    at 0x4F25E94F: ioctl (ioctl.c:36)
==348806==    by 0x4F908712: D3DKMTQueryAdapterInfo (in /usr/lib/wsl/lib/libdxcore.so)
==348806==    by 0xC9C10DB8: ??? (in /usr/lib/wsl/drivers/nvam.inf_amd64_7e083f37999613bd/libcuda.so.1.1)
==348806==    by 0xC9C1D7F9: ??? (in /usr/lib/wsl/drivers/nvam.inf_amd64_7e083f37999613bd/libcuda.so.1.1)
==348806==    by 0xC9DC442C: ??? (in /usr/lib/wsl/drivers/nvam.inf_amd64_7e083f37999613bd/libcuda.so.1.1)
==348806==    by 0xC9C0109D: ??? (in /usr/lib/wsl/drivers/nvam.inf_amd64_7e083f37999613bd/libcuda.so.1.1)
==348806==    by 0xC9C6B121: ??? (in /usr/lib/wsl/drivers/nvam.inf_amd64_7e083f37999613bd/libcuda.so.1.1)
==348806==    by 0x4A34A75: ??? (in /usr/local/cuda-12.8/targets/x86_64-linux/lib/libcudart.so.12.8.90)
==348806==    by 0x4A39637: ??? (in /usr/local/cuda-12.8/targets/x86_64-linux/lib/libcudart.so.12.8.90)
==348806==    by 0x4F1DDEE7: __pthread_once_slow (pthread_once.c:116)
==348806==    by 0x4A88ED8: ??? (in /usr/local/cuda-12.8/targets/x86_64-linux/lib/libcudart.so.12.8.90)
==348806==    by 0x4A356FE: ??? (in /usr/local/cuda-12.8/targets/x86_64-linux/lib/libcudart.so.12.8.90)
==348806==  Address 0x1ffeffcf60 is on thread 1's stack
==348806==  in frame #1, created by D3DKMTQueryAdapterInfo (???:)
==348806== 
==348806== Conditional jump or move depends on uninitialised value(s)
==348806==    at 0x4F907F3E: ??? (in /usr/lib/wsl/lib/libdxcore.so)
==348806==    by 0x4F90851B: ??? (in /usr/lib/wsl/lib/libdxcore.so)
==348806==    by 0x4F9088E2: D3DKMTQueryAdapterInfo (in /usr/lib/wsl/lib/libdxcore.so)
==348806==    by 0xC9C10DB8: ??? (in /usr/lib/wsl/drivers/nvam.inf_amd64_7e083f37999613bd/libcuda.so.1.1)
==348806==    by 0xC9C1D7F9: ??? (in /usr/lib/wsl/drivers/nvam.inf_amd64_7e083f37999613bd/libcuda.so.1.1)
==348806==    by 0xC9DC442C: ??? (in /usr/lib/wsl/drivers/nvam.inf_amd64_7e083f37999613bd/libcuda.so.1.1)
==348806==    by 0xC9C0109D: ??? (in /usr/lib/wsl/drivers/nvam.inf_amd64_7e083f37999613bd/libcuda.so.1.1)
==348806==    by 0xC9C6B121: ??? (in /usr/lib/wsl/drivers/nvam.inf_amd64_7e083f37999613bd/libcuda.so.1.1)
==348806==    by 0x4A34A75: ??? (in /usr/local/cuda-12.8/targets/x86_64-linux/lib/libcudart.so.12.8.90)
==348806==    by 0x4A39637: ??? (in /usr/local/cuda-12.8/targets/x86_64-linux/lib/libcudart.so.12.8.90)
==348806==    by 0x4F1DDEE7: __pthread_once_slow (pthread_once.c:116)
==348806==    by 0x4A88ED8: ??? (in /usr/local/cuda-12.8/targets/x86_64-linux/lib/libcudart.so.12.8.90)
==348806== 
==348806== Conditional jump or move depends on uninitialised value(s)
==348806==    at 0x4F907F9A: ??? (in /usr/lib/wsl/lib/libdxcore.so)
==348806==    by 0x4F90851B: ??? (in /usr/lib/wsl/lib/libdxcore.so)
==348806==    by 0x4F9088E2: D3DKMTQueryAdapterInfo (in /usr/lib/wsl/lib/libdxcore.so)
==348806==    by 0xC9C10DB8: ??? (in /usr/lib/wsl/drivers/nvam.inf_amd64_7e083f37999613bd/libcuda.so.1.1)
==348806==    by 0xC9C1D7F9: ??? (in /usr/lib/wsl/drivers/nvam.inf_amd64_7e083f37999613bd/libcuda.so.1.1)
==348806==    by 0xC9DC442C: ??? (in /usr/lib/wsl/drivers/nvam.inf_amd64_7e083f37999613bd/libcuda.so.1.1)
==348806==    by 0xC9C0109D: ??? (in /usr/lib/wsl/drivers/nvam.inf_amd64_7e083f37999613bd/libcuda.so.1.1)
==348806==    by 0xC9C6B121: ??? (in /usr/lib/wsl/drivers/nvam.inf_amd64_7e083f37999613bd/libcuda.so.1.1)
==348806==    by 0x4A34A75: ??? (in /usr/local/cuda-12.8/targets/x86_64-linux/lib/libcudart.so.12.8.90)
==348806==    by 0x4A39637: ??? (in /usr/local/cuda-12.8/targets/x86_64-linux/lib/libcudart.so.12.8.90)
==348806==    by 0x4F1DDEE7: __pthread_once_slow (pthread_once.c:116)
==348806==    by 0x4A88ED8: ??? (in /usr/local/cuda-12.8/targets/x86_64-linux/lib/libcudart.so.12.8.90)
==348806== 
==348806== Conditional jump or move depends on uninitialised value(s)
==348806==    at 0x4F90809D: ??? (in /usr/lib/wsl/lib/libdxcore.so)
==348806==    by 0x4F90851B: ??? (in /usr/lib/wsl/lib/libdxcore.so)
==348806==    by 0x4F9088E2: D3DKMTQueryAdapterInfo (in /usr/lib/wsl/lib/libdxcore.so)
==348806==    by 0xC9C10DB8: ??? (in /usr/lib/wsl/drivers/nvam.inf_amd64_7e083f37999613bd/libcuda.so.1.1)
==348806==    by 0xC9C1D7F9: ??? (in /usr/lib/wsl/drivers/nvam.inf_amd64_7e083f37999613bd/libcuda.so.1.1)
==348806==    by 0xC9DC442C: ??? (in /usr/lib/wsl/drivers/nvam.inf_amd64_7e083f37999613bd/libcuda.so.1.1)
==348806==    by 0xC9C0109D: ??? (in /usr/lib/wsl/drivers/nvam.inf_amd64_7e083f37999613bd/libcuda.so.1.1)
==348806==    by 0xC9C6B121: ??? (in /usr/lib/wsl/drivers/nvam.inf_amd64_7e083f37999613bd/libcuda.so.1.1)
==348806==    by 0x4A34A75: ??? (in /usr/local/cuda-12.8/targets/x86_64-linux/lib/libcudart.so.12.8.90)
==348806==    by 0x4A39637: ??? (in /usr/local/cuda-12.8/targets/x86_64-linux/lib/libcudart.so.12.8.90)
==348806==    by 0x4F1DDEE7: __pthread_once_slow (pthread_once.c:116)
==348806==    by 0x4A88ED8: ??? (in /usr/local/cuda-12.8/targets/x86_64-linux/lib/libcudart.so.12.8.90)
==348806== 
==348806== Conditional jump or move depends on uninitialised value(s)
==348806==    at 0x4853F0E: wcsnlen (in /usr/libexec/valgrind/vgpreload_memcheck-amd64-linux.so)
==348806==    by 0x4F20A4AD: wcsrtombs (wcsrtombs.c:103)
==348806==    by 0x4F18A004: wcstombs (wcstombs.c:34)
==348806==    by 0xC9C10E1B: ??? (in /usr/lib/wsl/drivers/nvam.inf_amd64_7e083f37999613bd/libcuda.so.1.1)
==348806==    by 0xC9C1D7F9: ??? (in /usr/lib/wsl/drivers/nvam.inf_amd64_7e083f37999613bd/libcuda.so.1.1)
==348806==    by 0xC9DC442C: ??? (in /usr/lib/wsl/drivers/nvam.inf_amd64_7e083f37999613bd/libcuda.so.1.1)
==348806==    by 0xC9C0109D: ??? (in /usr/lib/wsl/drivers/nvam.inf_amd64_7e083f37999613bd/libcuda.so.1.1)
==348806==    by 0xC9C6B121: ??? (in /usr/lib/wsl/drivers/nvam.inf_amd64_7e083f37999613bd/libcuda.so.1.1)
==348806==    by 0x4A34A75: ??? (in /usr/local/cuda-12.8/targets/x86_64-linux/lib/libcudart.so.12.8.90)
==348806==    by 0x4A39637: ??? (in /usr/local/cuda-12.8/targets/x86_64-linux/lib/libcudart.so.12.8.90)
==348806==    by 0x4F1DDEE7: __pthread_once_slow (pthread_once.c:116)
==348806==    by 0x4A88ED8: ??? (in /usr/local/cuda-12.8/targets/x86_64-linux/lib/libcudart.so.12.8.90)
==348806== 
==348806== Conditional jump or move depends on uninitialised value(s)
==348806==    at 0x4F173429: internal_ascii_loop (loop.c:335)
==348806==    by 0x4F173429: __gconv_transform_internal_ascii (skeleton.c:619)
==348806==    by 0x4F20A4ED: wcsrtombs (wcsrtombs.c:109)
==348806==    by 0x4F18A004: wcstombs (wcstombs.c:34)
==348806==    by 0xC9C10E1B: ??? (in /usr/lib/wsl/drivers/nvam.inf_amd64_7e083f37999613bd/libcuda.so.1.1)
==348806==    by 0xC9C1D7F9: ??? (in /usr/lib/wsl/drivers/nvam.inf_amd64_7e083f37999613bd/libcuda.so.1.1)
==348806==    by 0xC9DC442C: ??? (in /usr/lib/wsl/drivers/nvam.inf_amd64_7e083f37999613bd/libcuda.so.1.1)
==348806==    by 0xC9C0109D: ??? (in /usr/lib/wsl/drivers/nvam.inf_amd64_7e083f37999613bd/libcuda.so.1.1)
==348806==    by 0xC9C6B121: ??? (in /usr/lib/wsl/drivers/nvam.inf_amd64_7e083f37999613bd/libcuda.so.1.1)
==348806==    by 0x4A34A75: ??? (in /usr/local/cuda-12.8/targets/x86_64-linux/lib/libcudart.so.12.8.90)
==348806==    by 0x4A39637: ??? (in /usr/local/cuda-12.8/targets/x86_64-linux/lib/libcudart.so.12.8.90)
==348806==    by 0x4F1DDEE7: __pthread_once_slow (pthread_once.c:116)
==348806==    by 0x4A88ED8: ??? (in /usr/local/cuda-12.8/targets/x86_64-linux/lib/libcudart.so.12.8.90)
==348806== 
==348806== Syscall param openat(filename) points to uninitialised byte(s)
==348806==    at 0x4F2585B4: open (open64.c:41)
==348806==    by 0xC9C10E39: ??? (in /usr/lib/wsl/drivers/nvam.inf_amd64_7e083f37999613bd/libcuda.so.1.1)
==348806==    by 0xC9C1D7F9: ??? (in /usr/lib/wsl/drivers/nvam.inf_amd64_7e083f37999613bd/libcuda.so.1.1)
==348806==    by 0xC9DC442C: ??? (in /usr/lib/wsl/drivers/nvam.inf_amd64_7e083f37999613bd/libcuda.so.1.1)
==348806==    by 0xC9C0109D: ??? (in /usr/lib/wsl/drivers/nvam.inf_amd64_7e083f37999613bd/libcuda.so.1.1)
==348806==    by 0xC9C6B121: ??? (in /usr/lib/wsl/drivers/nvam.inf_amd64_7e083f37999613bd/libcuda.so.1.1)
==348806==    by 0x4A34A75: ??? (in /usr/local/cuda-12.8/targets/x86_64-linux/lib/libcudart.so.12.8.90)
==348806==    by 0x4A39637: ??? (in /usr/local/cuda-12.8/targets/x86_64-linux/lib/libcudart.so.12.8.90)
==348806==    by 0x4F1DDEE7: __pthread_once_slow (pthread_once.c:116)
==348806==    by 0x4A88ED8: ??? (in /usr/local/cuda-12.8/targets/x86_64-linux/lib/libcudart.so.12.8.90)
==348806==    by 0x4A356FE: ??? (in /usr/local/cuda-12.8/targets/x86_64-linux/lib/libcudart.so.12.8.90)
==348806==    by 0x4A4DB6C: cudaGetDeviceProperties_v2 (in /usr/local/cuda-12.8/targets/x86_64-linux/lib/libcudart.so.12.8.90)
==348806==  Address 0xc2a91c65 is 21 bytes inside a block of size 105 alloc'd
==348806==    at 0x484DA83: calloc (in /usr/libexec/valgrind/vgpreload_memcheck-amd64-linux.so)
==348806==    by 0xC9C10DFA: ??? (in /usr/lib/wsl/drivers/nvam.inf_amd64_7e083f37999613bd/libcuda.so.1.1)
==348806==    by 0xC9C1D7F9: ??? (in /usr/lib/wsl/drivers/nvam.inf_amd64_7e083f37999613bd/libcuda.so.1.1)
==348806==    by 0xC9DC442C: ??? (in /usr/lib/wsl/drivers/nvam.inf_amd64_7e083f37999613bd/libcuda.so.1.1)
==348806==    by 0xC9C0109D: ??? (in /usr/lib/wsl/drivers/nvam.inf_amd64_7e083f37999613bd/libcuda.so.1.1)
==348806==    by 0xC9C6B121: ??? (in /usr/lib/wsl/drivers/nvam.inf_amd64_7e083f37999613bd/libcuda.so.1.1)
==348806==    by 0x4A34A75: ??? (in /usr/local/cuda-12.8/targets/x86_64-linux/lib/libcudart.so.12.8.90)
==348806==    by 0x4A39637: ??? (in /usr/local/cuda-12.8/targets/x86_64-linux/lib/libcudart.so.12.8.90)
==348806==    by 0x4F1DDEE7: __pthread_once_slow (pthread_once.c:116)
==348806==    by 0x4A88ED8: ??? (in /usr/local/cuda-12.8/targets/x86_64-linux/lib/libcudart.so.12.8.90)
==348806==    by 0x4A356FE: ??? (in /usr/local/cuda-12.8/targets/x86_64-linux/lib/libcudart.so.12.8.90)
==348806==    by 0x4A4DB6C: cudaGetDeviceProperties_v2 (in /usr/local/cuda-12.8/targets/x86_64-linux/lib/libcudart.so.12.8.90)
==348806== 
==348806== Conditional jump or move depends on uninitialised value(s)
==348806==    at 0x484ED28: strlen (in /usr/libexec/valgrind/vgpreload_memcheck-amd64-linux.so)
==348806==    by 0xC9DC4CB2: ??? (in /usr/lib/wsl/drivers/nvam.inf_amd64_7e083f37999613bd/libcuda.so.1.1)
==348806==    by 0xC9C0109D: ??? (in /usr/lib/wsl/drivers/nvam.inf_amd64_7e083f37999613bd/libcuda.so.1.1)
==348806==    by 0xC9C6B121: ??? (in /usr/lib/wsl/drivers/nvam.inf_amd64_7e083f37999613bd/libcuda.so.1.1)
==348806==    by 0x4A34A75: ??? (in /usr/local/cuda-12.8/targets/x86_64-linux/lib/libcudart.so.12.8.90)
==348806==    by 0x4A39637: ??? (in /usr/local/cuda-12.8/targets/x86_64-linux/lib/libcudart.so.12.8.90)
==348806==    by 0x4F1DDEE7: __pthread_once_slow (pthread_once.c:116)
==348806==    by 0x4A88ED8: ??? (in /usr/local/cuda-12.8/targets/x86_64-linux/lib/libcudart.so.12.8.90)
==348806==    by 0x4A356FE: ??? (in /usr/local/cuda-12.8/targets/x86_64-linux/lib/libcudart.so.12.8.90)
==348806==    by 0x4A4DB6C: cudaGetDeviceProperties_v2 (in /usr/local/cuda-12.8/targets/x86_64-linux/lib/libcudart.so.12.8.90)
==348806==    by 0x10D43D: main (in /home/cjmcv/project/flux/build/bin/my_sgemm)
==348806== 
==348806== Conditional jump or move depends on uninitialised value(s)
==348806==    at 0x484F02A: strncpy (in /usr/libexec/valgrind/vgpreload_memcheck-amd64-linux.so)
==348806==    by 0xC9DC4CE0: ??? (in /usr/lib/wsl/drivers/nvam.inf_amd64_7e083f37999613bd/libcuda.so.1.1)
==348806==    by 0xC9C0109D: ??? (in /usr/lib/wsl/drivers/nvam.inf_amd64_7e083f37999613bd/libcuda.so.1.1)
==348806==    by 0xC9C6B121: ??? (in /usr/lib/wsl/drivers/nvam.inf_amd64_7e083f37999613bd/libcuda.so.1.1)
==348806==    by 0x4A34A75: ??? (in /usr/local/cuda-12.8/targets/x86_64-linux/lib/libcudart.so.12.8.90)
==348806==    by 0x4A39637: ??? (in /usr/local/cuda-12.8/targets/x86_64-linux/lib/libcudart.so.12.8.90)
==348806==    by 0x4F1DDEE7: __pthread_once_slow (pthread_once.c:116)
==348806==    by 0x4A88ED8: ??? (in /usr/local/cuda-12.8/targets/x86_64-linux/lib/libcudart.so.12.8.90)
==348806==    by 0x4A356FE: ??? (in /usr/local/cuda-12.8/targets/x86_64-linux/lib/libcudart.so.12.8.90)
==348806==    by 0x4A4DB6C: cudaGetDeviceProperties_v2 (in /usr/local/cuda-12.8/targets/x86_64-linux/lib/libcudart.so.12.8.90)
==348806==    by 0x10D43D: main (in /home/cjmcv/project/flux/build/bin/my_sgemm)
==348806== 
==348806== Syscall param openat(filename) points to uninitialised byte(s)
==348806==    at 0x4F2585B4: open (open64.c:41)
==348806==    by 0x4F1D00B5: _IO_file_open (fileops.c:188)
==348806==    by 0x4F1D0411: _IO_file_fopen@@GLIBC_2.2.5 (fileops.c:280)
==348806==    by 0x4F1C36AD: __fopen_internal (iofopen.c:75)
==348806==    by 0x4F1C36AD: fopen@@GLIBC_2.2.5 (iofopen.c:86)
==348806==    by 0xC9DC4D32: ??? (in /usr/lib/wsl/drivers/nvam.inf_amd64_7e083f37999613bd/libcuda.so.1.1)
==348806==    by 0xC9C0109D: ??? (in /usr/lib/wsl/drivers/nvam.inf_amd64_7e083f37999613bd/libcuda.so.1.1)
==348806==    by 0xC9C6B121: ??? (in /usr/lib/wsl/drivers/nvam.inf_amd64_7e083f37999613bd/libcuda.so.1.1)
==348806==    by 0x4A34A75: ??? (in /usr/local/cuda-12.8/targets/x86_64-linux/lib/libcudart.so.12.8.90)
==348806==    by 0x4A39637: ??? (in /usr/local/cuda-12.8/targets/x86_64-linux/lib/libcudart.so.12.8.90)
==348806==    by 0x4F1DDEE7: __pthread_once_slow (pthread_once.c:116)
==348806==    by 0x4A88ED8: ??? (in /usr/local/cuda-12.8/targets/x86_64-linux/lib/libcudart.so.12.8.90)
==348806==    by 0x4A356FE: ??? (in /usr/local/cuda-12.8/targets/x86_64-linux/lib/libcudart.so.12.8.90)
==348806==  Address 0x1ffeffe515 is on thread 1's stack
==348806== 
==348806== Conditional jump or move depends on uninitialised value(s)
==348806==    at 0xC9DC4D59: ??? (in /usr/lib/wsl/drivers/nvam.inf_amd64_7e083f37999613bd/libcuda.so.1.1)
==348806==    by 0xC9C0109D: ??? (in /usr/lib/wsl/drivers/nvam.inf_amd64_7e083f37999613bd/libcuda.so.1.1)
==348806==    by 0xC9C6B121: ??? (in /usr/lib/wsl/drivers/nvam.inf_amd64_7e083f37999613bd/libcuda.so.1.1)
==348806==    by 0x4A34A75: ??? (in /usr/local/cuda-12.8/targets/x86_64-linux/lib/libcudart.so.12.8.90)
==348806==    by 0x4A39637: ??? (in /usr/local/cuda-12.8/targets/x86_64-linux/lib/libcudart.so.12.8.90)
==348806==    by 0x4F1DDEE7: __pthread_once_slow (pthread_once.c:116)
==348806==    by 0x4A88ED8: ??? (in /usr/local/cuda-12.8/targets/x86_64-linux/lib/libcudart.so.12.8.90)
==348806==    by 0x4A356FE: ??? (in /usr/local/cuda-12.8/targets/x86_64-linux/lib/libcudart.so.12.8.90)
==348806==    by 0x4A4DB6C: cudaGetDeviceProperties_v2 (in /usr/local/cuda-12.8/targets/x86_64-linux/lib/libcudart.so.12.8.90)
==348806==    by 0x10D43D: main (in /home/cjmcv/project/flux/build/bin/my_sgemm)
==348806== 
==348806== Conditional jump or move depends on uninitialised value(s)
==348806==    at 0x580BCEF1: ??? (in /usr/libexec/valgrind/memcheck-amd64-linux)
==348806== 
==348806== Conditional jump or move depends on uninitialised value(s)
==348806==    at 0x580BCEF5: ??? (in /usr/libexec/valgrind/memcheck-amd64-linux)
==348806== 
==348806== Conditional jump or move depends on uninitialised value(s)
==348806==    at 0x484FCFB: strcmp (in /usr/libexec/valgrind/vgpreload_memcheck-amd64-linux.so)
==348806==    by 0x400D6A8: _dl_name_match_p (dl-misc.c:69)
==348806==    by 0x400A4A2: _dl_map_object (dl-load.c:2041)
==348806==    by 0x400E9A8: dl_open_worker_begin (dl-open.c:534)
==348806==    by 0x4F2B8A97: _dl_catch_exception (dl-error-skeleton.c:208)
==348806==    by 0x400DF99: dl_open_worker (dl-open.c:782)
==348806==    by 0x4F2B8A97: _dl_catch_exception (dl-error-skeleton.c:208)
==348806==    by 0x400E34D: _dl_open (dl-open.c:883)
==348806==    by 0x4F1D463B: dlopen_doit (dlopen.c:56)
==348806==    by 0x4F2B8A97: _dl_catch_exception (dl-error-skeleton.c:208)
==348806==    by 0x4F2B8B62: _dl_catch_error (dl-error-skeleton.c:227)
==348806==    by 0x4F1D412D: _dlerror_run (dlerror.c:138)
==348806== 
==348806== Conditional jump or move depends on uninitialised value(s)
==348806==    at 0x484FCFB: strcmp (in /usr/libexec/valgrind/vgpreload_memcheck-amd64-linux.so)
==348806==    by 0x400D6D3: _dl_name_match_p (dl-misc.c:75)
==348806==    by 0x400A4A2: _dl_map_object (dl-load.c:2041)
==348806==    by 0x400E9A8: dl_open_worker_begin (dl-open.c:534)
==348806==    by 0x4F2B8A97: _dl_catch_exception (dl-error-skeleton.c:208)
==348806==    by 0x400DF99: dl_open_worker (dl-open.c:782)
==348806==    by 0x4F2B8A97: _dl_catch_exception (dl-error-skeleton.c:208)
==348806==    by 0x400E34D: _dl_open (dl-open.c:883)
==348806==    by 0x4F1D463B: dlopen_doit (dlopen.c:56)
==348806==    by 0x4F2B8A97: _dl_catch_exception (dl-error-skeleton.c:208)
==348806==    by 0x4F2B8B62: _dl_catch_error (dl-error-skeleton.c:227)
==348806==    by 0x4F1D412D: _dlerror_run (dlerror.c:138)
==348806== 
==348806== Warning: noted but unhandled ioctl 0x30000002 with no size/direction hints.
==348806==    This could cause spurious value errors to appear.
==348806==    See README_MISSING_SYSCALL_OR_IOCTL for guidance on writing a proper wrapper.
==348806== Syscall param ioctl(generic) points to uninitialised byte(s)
==348806==    at 0x4F25E94F: ioctl (ioctl.c:36)
==348806==    by 0x4F908712: D3DKMTQueryAdapterInfo (in /usr/lib/wsl/lib/libdxcore.so)
==348806==    by 0xCB808BA5: ??? (in /usr/lib/wsl/drivers/nvam.inf_amd64_7e083f37999613bd/libnvdxgdmal.so.1)
==348806==    by 0xC9DC6477: ??? (in /usr/lib/wsl/drivers/nvam.inf_amd64_7e083f37999613bd/libcuda.so.1.1)
==348806==    by 0xCB80A8E3: dxgdmalEnumAdapters (in /usr/lib/wsl/drivers/nvam.inf_amd64_7e083f37999613bd/libnvdxgdmal.so.1)
==348806==    by 0xC9D8B2FA: ??? (in /usr/lib/wsl/drivers/nvam.inf_amd64_7e083f37999613bd/libcuda.so.1.1)
==348806==    by 0xCA4D4A74: ??? (in /usr/lib/wsl/drivers/nvam.inf_amd64_7e083f37999613bd/libcuda.so.1.1)
==348806==    by 0xC9C01552: ??? (in /usr/lib/wsl/drivers/nvam.inf_amd64_7e083f37999613bd/libcuda.so.1.1)
==348806==    by 0xC9C6B121: ??? (in /usr/lib/wsl/drivers/nvam.inf_amd64_7e083f37999613bd/libcuda.so.1.1)
==348806==    by 0x4A34A75: ??? (in /usr/local/cuda-12.8/targets/x86_64-linux/lib/libcudart.so.12.8.90)
==348806==    by 0x4A39637: ??? (in /usr/local/cuda-12.8/targets/x86_64-linux/lib/libcudart.so.12.8.90)
==348806==    by 0x4F1DDEE7: __pthread_once_slow (pthread_once.c:116)
==348806==  Address 0x1ffeffa5e4 is on thread 1's stack
==348806==  in frame #1, created by D3DKMTQueryAdapterInfo (???:)
==348806== 
==348806== Syscall param ioctl(generic) points to uninitialised byte(s)
==348806==    at 0x4F25E94F: ioctl (ioctl.c:36)
==348806==    by 0x4F908712: D3DKMTQueryAdapterInfo (in /usr/lib/wsl/lib/libdxcore.so)
==348806==    by 0xCB808C24: ??? (in /usr/lib/wsl/drivers/nvam.inf_amd64_7e083f37999613bd/libnvdxgdmal.so.1)
==348806==    by 0xC9DC6477: ??? (in /usr/lib/wsl/drivers/nvam.inf_amd64_7e083f37999613bd/libcuda.so.1.1)
==348806==    by 0xCB80A8E3: dxgdmalEnumAdapters (in /usr/lib/wsl/drivers/nvam.inf_amd64_7e083f37999613bd/libnvdxgdmal.so.1)
==348806==    by 0xC9D8B2FA: ??? (in /usr/lib/wsl/drivers/nvam.inf_amd64_7e083f37999613bd/libcuda.so.1.1)
==348806==    by 0xCA4D4A74: ??? (in /usr/lib/wsl/drivers/nvam.inf_amd64_7e083f37999613bd/libcuda.so.1.1)
==348806==    by 0xC9C01552: ??? (in /usr/lib/wsl/drivers/nvam.inf_amd64_7e083f37999613bd/libcuda.so.1.1)
==348806==    by 0xC9C6B121: ??? (in /usr/lib/wsl/drivers/nvam.inf_amd64_7e083f37999613bd/libcuda.so.1.1)
==348806==    by 0x4A34A75: ??? (in /usr/local/cuda-12.8/targets/x86_64-linux/lib/libcudart.so.12.8.90)
==348806==    by 0x4A39637: ??? (in /usr/local/cuda-12.8/targets/x86_64-linux/lib/libcudart.so.12.8.90)
==348806==    by 0x4F1DDEE7: __pthread_once_slow (pthread_once.c:116)
==348806==  Address 0x1ffeffa5e4 is on thread 1's stack
==348806==  in frame #1, created by D3DKMTQueryAdapterInfo (???:)
==348806== 
==348806== Syscall param ioctl(generic) points to uninitialised byte(s)
==348806==    at 0x4F25E94F: ioctl (ioctl.c:36)
==348806==    by 0x4F908712: D3DKMTQueryAdapterInfo (in /usr/lib/wsl/lib/libdxcore.so)
==348806==    by 0xCB808CAA: ??? (in /usr/lib/wsl/drivers/nvam.inf_amd64_7e083f37999613bd/libnvdxgdmal.so.1)
==348806==    by 0xC9DC6477: ??? (in /usr/lib/wsl/drivers/nvam.inf_amd64_7e083f37999613bd/libcuda.so.1.1)
==348806==    by 0xCB80A8E3: dxgdmalEnumAdapters (in /usr/lib/wsl/drivers/nvam.inf_amd64_7e083f37999613bd/libnvdxgdmal.so.1)
==348806==    by 0xC9D8B2FA: ??? (in /usr/lib/wsl/drivers/nvam.inf_amd64_7e083f37999613bd/libcuda.so.1.1)
==348806==    by 0xCA4D4A74: ??? (in /usr/lib/wsl/drivers/nvam.inf_amd64_7e083f37999613bd/libcuda.so.1.1)
==348806==    by 0xC9C01552: ??? (in /usr/lib/wsl/drivers/nvam.inf_amd64_7e083f37999613bd/libcuda.so.1.1)
==348806==    by 0xC9C6B121: ??? (in /usr/lib/wsl/drivers/nvam.inf_amd64_7e083f37999613bd/libcuda.so.1.1)
==348806==    by 0x4A34A75: ??? (in /usr/local/cuda-12.8/targets/x86_64-linux/lib/libcudart.so.12.8.90)
==348806==    by 0x4A39637: ??? (in /usr/local/cuda-12.8/targets/x86_64-linux/lib/libcudart.so.12.8.90)
==348806==    by 0x4F1DDEE7: __pthread_once_slow (pthread_once.c:116)
==348806==  Address 0x1ffeffa5e4 is on thread 1's stack
==348806==  in frame #1, created by D3DKMTQueryAdapterInfo (???:)
==348806== 
==348806== Conditional jump or move depends on uninitialised value(s)
==348806==    at 0x4F907F3E: ??? (in /usr/lib/wsl/lib/libdxcore.so)
==348806==    by 0x4F90851B: ??? (in /usr/lib/wsl/lib/libdxcore.so)
==348806==    by 0x4F9088E2: D3DKMTQueryAdapterInfo (in /usr/lib/wsl/lib/libdxcore.so)
==348806==    by 0xCB808CAA: ??? (in /usr/lib/wsl/drivers/nvam.inf_amd64_7e083f37999613bd/libnvdxgdmal.so.1)
==348806==    by 0xC9DC6477: ??? (in /usr/lib/wsl/drivers/nvam.inf_amd64_7e083f37999613bd/libcuda.so.1.1)
==348806==    by 0xCB80A8E3: dxgdmalEnumAdapters (in /usr/lib/wsl/drivers/nvam.inf_amd64_7e083f37999613bd/libnvdxgdmal.so.1)
==348806==    by 0xC9D8B2FA: ??? (in /usr/lib/wsl/drivers/nvam.inf_amd64_7e083f37999613bd/libcuda.so.1.1)
==348806==    by 0xCA4D4A74: ??? (in /usr/lib/wsl/drivers/nvam.inf_amd64_7e083f37999613bd/libcuda.so.1.1)
==348806==    by 0xC9C01552: ??? (in /usr/lib/wsl/drivers/nvam.inf_amd64_7e083f37999613bd/libcuda.so.1.1)
==348806==    by 0xC9C6B121: ??? (in /usr/lib/wsl/drivers/nvam.inf_amd64_7e083f37999613bd/libcuda.so.1.1)
==348806==    by 0x4A34A75: ??? (in /usr/local/cuda-12.8/targets/x86_64-linux/lib/libcudart.so.12.8.90)
==348806==    by 0x4A39637: ??? (in /usr/local/cuda-12.8/targets/x86_64-linux/lib/libcudart.so.12.8.90)
==348806== 
==348806== Conditional jump or move depends on uninitialised value(s)
==348806==    at 0x4F907F9A: ??? (in /usr/lib/wsl/lib/libdxcore.so)
==348806==    by 0x4F90851B: ??? (in /usr/lib/wsl/lib/libdxcore.so)
==348806==    by 0x4F9088E2: D3DKMTQueryAdapterInfo (in /usr/lib/wsl/lib/libdxcore.so)
==348806==    by 0xCB808CAA: ??? (in /usr/lib/wsl/drivers/nvam.inf_amd64_7e083f37999613bd/libnvdxgdmal.so.1)
==348806==    by 0xC9DC6477: ??? (in /usr/lib/wsl/drivers/nvam.inf_amd64_7e083f37999613bd/libcuda.so.1.1)
==348806==    by 0xCB80A8E3: dxgdmalEnumAdapters (in /usr/lib/wsl/drivers/nvam.inf_amd64_7e083f37999613bd/libnvdxgdmal.so.1)
==348806==    by 0xC9D8B2FA: ??? (in /usr/lib/wsl/drivers/nvam.inf_amd64_7e083f37999613bd/libcuda.so.1.1)
==348806==    by 0xCA4D4A74: ??? (in /usr/lib/wsl/drivers/nvam.inf_amd64_7e083f37999613bd/libcuda.so.1.1)
==348806==    by 0xC9C01552: ??? (in /usr/lib/wsl/drivers/nvam.inf_amd64_7e083f37999613bd/libcuda.so.1.1)
==348806==    by 0xC9C6B121: ??? (in /usr/lib/wsl/drivers/nvam.inf_amd64_7e083f37999613bd/libcuda.so.1.1)
==348806==    by 0x4A34A75: ??? (in /usr/local/cuda-12.8/targets/x86_64-linux/lib/libcudart.so.12.8.90)
==348806==    by 0x4A39637: ??? (in /usr/local/cuda-12.8/targets/x86_64-linux/lib/libcudart.so.12.8.90)
==348806== 
==348806== Conditional jump or move depends on uninitialised value(s)
==348806==    at 0x4F90809D: ??? (in /usr/lib/wsl/lib/libdxcore.so)
==348806==    by 0x4F90851B: ??? (in /usr/lib/wsl/lib/libdxcore.so)
==348806==    by 0x4F9088E2: D3DKMTQueryAdapterInfo (in /usr/lib/wsl/lib/libdxcore.so)
==348806==    by 0xCB808CAA: ??? (in /usr/lib/wsl/drivers/nvam.inf_amd64_7e083f37999613bd/libnvdxgdmal.so.1)
==348806==    by 0xC9DC6477: ??? (in /usr/lib/wsl/drivers/nvam.inf_amd64_7e083f37999613bd/libcuda.so.1.1)
==348806==    by 0xCB80A8E3: dxgdmalEnumAdapters (in /usr/lib/wsl/drivers/nvam.inf_amd64_7e083f37999613bd/libnvdxgdmal.so.1)
==348806==    by 0xC9D8B2FA: ??? (in /usr/lib/wsl/drivers/nvam.inf_amd64_7e083f37999613bd/libcuda.so.1.1)
==348806==    by 0xCA4D4A74: ??? (in /usr/lib/wsl/drivers/nvam.inf_amd64_7e083f37999613bd/libcuda.so.1.1)
==348806==    by 0xC9C01552: ??? (in /usr/lib/wsl/drivers/nvam.inf_amd64_7e083f37999613bd/libcuda.so.1.1)
==348806==    by 0xC9C6B121: ??? (in /usr/lib/wsl/drivers/nvam.inf_amd64_7e083f37999613bd/libcuda.so.1.1)
==348806==    by 0x4A34A75: ??? (in /usr/local/cuda-12.8/targets/x86_64-linux/lib/libcudart.so.12.8.90)
==348806==    by 0x4A39637: ??? (in /usr/local/cuda-12.8/targets/x86_64-linux/lib/libcudart.so.12.8.90)
==348806== 
==348806== Conditional jump or move depends on uninitialised value(s)
==348806==    at 0xCB808D82: ??? (in /usr/lib/wsl/drivers/nvam.inf_amd64_7e083f37999613bd/libnvdxgdmal.so.1)
==348806==    by 0xC9DC6477: ??? (in /usr/lib/wsl/drivers/nvam.inf_amd64_7e083f37999613bd/libcuda.so.1.1)
==348806==    by 0xCB80A8E3: dxgdmalEnumAdapters (in /usr/lib/wsl/drivers/nvam.inf_amd64_7e083f37999613bd/libnvdxgdmal.so.1)
==348806==    by 0xC9D8B2FA: ??? (in /usr/lib/wsl/drivers/nvam.inf_amd64_7e083f37999613bd/libcuda.so.1.1)
==348806==    by 0xCA4D4A74: ??? (in /usr/lib/wsl/drivers/nvam.inf_amd64_7e083f37999613bd/libcuda.so.1.1)
==348806==    by 0xC9C01552: ??? (in /usr/lib/wsl/drivers/nvam.inf_amd64_7e083f37999613bd/libcuda.so.1.1)
==348806==    by 0xC9C6B121: ??? (in /usr/lib/wsl/drivers/nvam.inf_amd64_7e083f37999613bd/libcuda.so.1.1)
==348806==    by 0x4A34A75: ??? (in /usr/local/cuda-12.8/targets/x86_64-linux/lib/libcudart.so.12.8.90)
==348806==    by 0x4A39637: ??? (in /usr/local/cuda-12.8/targets/x86_64-linux/lib/libcudart.so.12.8.90)
==348806==    by 0x4F1DDEE7: __pthread_once_slow (pthread_once.c:116)
==348806==    by 0x4A88ED8: ??? (in /usr/local/cuda-12.8/targets/x86_64-linux/lib/libcudart.so.12.8.90)
==348806==    by 0x4A356FE: ??? (in /usr/local/cuda-12.8/targets/x86_64-linux/lib/libcudart.so.12.8.90)
==348806== 
==348806== Conditional jump or move depends on uninitialised value(s)
==348806==    at 0xCB808D8E: ??? (in /usr/lib/wsl/drivers/nvam.inf_amd64_7e083f37999613bd/libnvdxgdmal.so.1)
==348806==    by 0xC9DC6477: ??? (in /usr/lib/wsl/drivers/nvam.inf_amd64_7e083f37999613bd/libcuda.so.1.1)
==348806==    by 0xCB80A8E3: dxgdmalEnumAdapters (in /usr/lib/wsl/drivers/nvam.inf_amd64_7e083f37999613bd/libnvdxgdmal.so.1)
==348806==    by 0xC9D8B2FA: ??? (in /usr/lib/wsl/drivers/nvam.inf_amd64_7e083f37999613bd/libcuda.so.1.1)
==348806==    by 0xCA4D4A74: ??? (in /usr/lib/wsl/drivers/nvam.inf_amd64_7e083f37999613bd/libcuda.so.1.1)
==348806==    by 0xC9C01552: ??? (in /usr/lib/wsl/drivers/nvam.inf_amd64_7e083f37999613bd/libcuda.so.1.1)
==348806==    by 0xC9C6B121: ??? (in /usr/lib/wsl/drivers/nvam.inf_amd64_7e083f37999613bd/libcuda.so.1.1)
==348806==    by 0x4A34A75: ??? (in /usr/local/cuda-12.8/targets/x86_64-linux/lib/libcudart.so.12.8.90)
==348806==    by 0x4A39637: ??? (in /usr/local/cuda-12.8/targets/x86_64-linux/lib/libcudart.so.12.8.90)
==348806==    by 0x4F1DDEE7: __pthread_once_slow (pthread_once.c:116)
==348806==    by 0x4A88ED8: ??? (in /usr/local/cuda-12.8/targets/x86_64-linux/lib/libcudart.so.12.8.90)
==348806==    by 0x4A356FE: ??? (in /usr/local/cuda-12.8/targets/x86_64-linux/lib/libcudart.so.12.8.90)
==348806== 
==348806== Syscall param ioctl(generic) points to uninitialised byte(s)
==348806==    at 0x4F25E94F: ioctl (ioctl.c:36)
==348806==    by 0x4F908712: D3DKMTQueryAdapterInfo (in /usr/lib/wsl/lib/libdxcore.so)
==348806==    by 0xCB808DDE: ??? (in /usr/lib/wsl/drivers/nvam.inf_amd64_7e083f37999613bd/libnvdxgdmal.so.1)
==348806==    by 0xC9DC6477: ??? (in /usr/lib/wsl/drivers/nvam.inf_amd64_7e083f37999613bd/libcuda.so.1.1)
==348806==    by 0xCB80A8E3: dxgdmalEnumAdapters (in /usr/lib/wsl/drivers/nvam.inf_amd64_7e083f37999613bd/libnvdxgdmal.so.1)
==348806==    by 0xC9D8B2FA: ??? (in /usr/lib/wsl/drivers/nvam.inf_amd64_7e083f37999613bd/libcuda.so.1.1)
==348806==    by 0xCA4D4A74: ??? (in /usr/lib/wsl/drivers/nvam.inf_amd64_7e083f37999613bd/libcuda.so.1.1)
==348806==    by 0xC9C01552: ??? (in /usr/lib/wsl/drivers/nvam.inf_amd64_7e083f37999613bd/libcuda.so.1.1)
==348806==    by 0xC9C6B121: ??? (in /usr/lib/wsl/drivers/nvam.inf_amd64_7e083f37999613bd/libcuda.so.1.1)
==348806==    by 0x4A34A75: ??? (in /usr/local/cuda-12.8/targets/x86_64-linux/lib/libcudart.so.12.8.90)
==348806==    by 0x4A39637: ??? (in /usr/local/cuda-12.8/targets/x86_64-linux/lib/libcudart.so.12.8.90)
==348806==    by 0x4F1DDEE7: __pthread_once_slow (pthread_once.c:116)
==348806==  Address 0x1ffeffa5e4 is on thread 1's stack
==348806==  in frame #1, created by D3DKMTQueryAdapterInfo (???:)
==348806== 
==348806== Conditional jump or move depends on uninitialised value(s)
==348806==    at 0xCB808F70: ??? (in /usr/lib/wsl/drivers/nvam.inf_amd64_7e083f37999613bd/libnvdxgdmal.so.1)
==348806==    by 0xC9DC6477: ??? (in /usr/lib/wsl/drivers/nvam.inf_amd64_7e083f37999613bd/libcuda.so.1.1)
==348806==    by 0xCB80A8E3: dxgdmalEnumAdapters (in /usr/lib/wsl/drivers/nvam.inf_amd64_7e083f37999613bd/libnvdxgdmal.so.1)
==348806==    by 0xC9D8B2FA: ??? (in /usr/lib/wsl/drivers/nvam.inf_amd64_7e083f37999613bd/libcuda.so.1.1)
==348806==    by 0xCA4D4A74: ??? (in /usr/lib/wsl/drivers/nvam.inf_amd64_7e083f37999613bd/libcuda.so.1.1)
==348806==    by 0xC9C01552: ??? (in /usr/lib/wsl/drivers/nvam.inf_amd64_7e083f37999613bd/libcuda.so.1.1)
==348806==    by 0xC9C6B121: ??? (in /usr/lib/wsl/drivers/nvam.inf_amd64_7e083f37999613bd/libcuda.so.1.1)
==348806==    by 0x4A34A75: ??? (in /usr/local/cuda-12.8/targets/x86_64-linux/lib/libcudart.so.12.8.90)
==348806==    by 0x4A39637: ??? (in /usr/local/cuda-12.8/targets/x86_64-linux/lib/libcudart.so.12.8.90)
==348806==    by 0x4F1DDEE7: __pthread_once_slow (pthread_once.c:116)
==348806==    by 0x4A88ED8: ??? (in /usr/local/cuda-12.8/targets/x86_64-linux/lib/libcudart.so.12.8.90)
==348806==    by 0x4A356FE: ??? (in /usr/local/cuda-12.8/targets/x86_64-linux/lib/libcudart.so.12.8.90)
==348806== 
==348806== Use of uninitialised value of size 8
==348806==    at 0x4F17E002: isprint (ctype.c:32)
==348806==    by 0xCB808F56: ??? (in /usr/lib/wsl/drivers/nvam.inf_amd64_7e083f37999613bd/libnvdxgdmal.so.1)
==348806==    by 0xC9DC6477: ??? (in /usr/lib/wsl/drivers/nvam.inf_amd64_7e083f37999613bd/libcuda.so.1.1)
==348806==    by 0xCB80A8E3: dxgdmalEnumAdapters (in /usr/lib/wsl/drivers/nvam.inf_amd64_7e083f37999613bd/libnvdxgdmal.so.1)
==348806==    by 0xC9D8B2FA: ??? (in /usr/lib/wsl/drivers/nvam.inf_amd64_7e083f37999613bd/libcuda.so.1.1)
==348806==    by 0xCA4D4A74: ??? (in /usr/lib/wsl/drivers/nvam.inf_amd64_7e083f37999613bd/libcuda.so.1.1)
==348806==    by 0xC9C01552: ??? (in /usr/lib/wsl/drivers/nvam.inf_amd64_7e083f37999613bd/libcuda.so.1.1)
==348806==    by 0xC9C6B121: ??? (in /usr/lib/wsl/drivers/nvam.inf_amd64_7e083f37999613bd/libcuda.so.1.1)
==348806==    by 0x4A34A75: ??? (in /usr/local/cuda-12.8/targets/x86_64-linux/lib/libcudart.so.12.8.90)
==348806==    by 0x4A39637: ??? (in /usr/local/cuda-12.8/targets/x86_64-linux/lib/libcudart.so.12.8.90)
==348806==    by 0x4F1DDEE7: __pthread_once_slow (pthread_once.c:116)
==348806==    by 0x4A88ED8: ??? (in /usr/local/cuda-12.8/targets/x86_64-linux/lib/libcudart.so.12.8.90)
==348806== 
==348806== Conditional jump or move depends on uninitialised value(s)
==348806==    at 0x484ECCD: strnlen (in /usr/libexec/valgrind/vgpreload_memcheck-amd64-linux.so)
==348806==    by 0xCB808F9E: ??? (in /usr/lib/wsl/drivers/nvam.inf_amd64_7e083f37999613bd/libnvdxgdmal.so.1)
==348806==    by 0xC9DC6477: ??? (in /usr/lib/wsl/drivers/nvam.inf_amd64_7e083f37999613bd/libcuda.so.1.1)
==348806==    by 0xCB80A8E3: dxgdmalEnumAdapters (in /usr/lib/wsl/drivers/nvam.inf_amd64_7e083f37999613bd/libnvdxgdmal.so.1)
==348806==    by 0xC9D8B2FA: ??? (in /usr/lib/wsl/drivers/nvam.inf_amd64_7e083f37999613bd/libcuda.so.1.1)
==348806==    by 0xCA4D4A74: ??? (in /usr/lib/wsl/drivers/nvam.inf_amd64_7e083f37999613bd/libcuda.so.1.1)
==348806==    by 0xC9C01552: ??? (in /usr/lib/wsl/drivers/nvam.inf_amd64_7e083f37999613bd/libcuda.so.1.1)
==348806==    by 0xC9C6B121: ??? (in /usr/lib/wsl/drivers/nvam.inf_amd64_7e083f37999613bd/libcuda.so.1.1)
==348806==    by 0x4A34A75: ??? (in /usr/local/cuda-12.8/targets/x86_64-linux/lib/libcudart.so.12.8.90)
==348806==    by 0x4A39637: ??? (in /usr/local/cuda-12.8/targets/x86_64-linux/lib/libcudart.so.12.8.90)
==348806==    by 0x4F1DDEE7: __pthread_once_slow (pthread_once.c:116)
==348806==    by 0x4A88ED8: ??? (in /usr/local/cuda-12.8/targets/x86_64-linux/lib/libcudart.so.12.8.90)
==348806== 
==348806== Conditional jump or move depends on uninitialised value(s)
==348806==    at 0xCB808FD6: ??? (in /usr/lib/wsl/drivers/nvam.inf_amd64_7e083f37999613bd/libnvdxgdmal.so.1)
==348806==    by 0xC9DC6477: ??? (in /usr/lib/wsl/drivers/nvam.inf_amd64_7e083f37999613bd/libcuda.so.1.1)
==348806==    by 0xCB80A8E3: dxgdmalEnumAdapters (in /usr/lib/wsl/drivers/nvam.inf_amd64_7e083f37999613bd/libnvdxgdmal.so.1)
==348806==    by 0xC9D8B2FA: ??? (in /usr/lib/wsl/drivers/nvam.inf_amd64_7e083f37999613bd/libcuda.so.1.1)
==348806==    by 0xCA4D4A74: ??? (in /usr/lib/wsl/drivers/nvam.inf_amd64_7e083f37999613bd/libcuda.so.1.1)
==348806==    by 0xC9C01552: ??? (in /usr/lib/wsl/drivers/nvam.inf_amd64_7e083f37999613bd/libcuda.so.1.1)
==348806==    by 0xC9C6B121: ??? (in /usr/lib/wsl/drivers/nvam.inf_amd64_7e083f37999613bd/libcuda.so.1.1)
==348806==    by 0x4A34A75: ??? (in /usr/local/cuda-12.8/targets/x86_64-linux/lib/libcudart.so.12.8.90)
==348806==    by 0x4A39637: ??? (in /usr/local/cuda-12.8/targets/x86_64-linux/lib/libcudart.so.12.8.90)
==348806==    by 0x4F1DDEE7: __pthread_once_slow (pthread_once.c:116)
==348806==    by 0x4A88ED8: ??? (in /usr/local/cuda-12.8/targets/x86_64-linux/lib/libcudart.so.12.8.90)
==348806==    by 0x4A356FE: ??? (in /usr/local/cuda-12.8/targets/x86_64-linux/lib/libcudart.so.12.8.90)
==348806== 
==348806== Conditional jump or move depends on uninitialised value(s)
==348806==    at 0xCB809097: ??? (in /usr/lib/wsl/drivers/nvam.inf_amd64_7e083f37999613bd/libnvdxgdmal.so.1)
==348806==    by 0xC9DC6477: ??? (in /usr/lib/wsl/drivers/nvam.inf_amd64_7e083f37999613bd/libcuda.so.1.1)
==348806==    by 0xCB80A8E3: dxgdmalEnumAdapters (in /usr/lib/wsl/drivers/nvam.inf_amd64_7e083f37999613bd/libnvdxgdmal.so.1)
==348806==    by 0xC9D8B2FA: ??? (in /usr/lib/wsl/drivers/nvam.inf_amd64_7e083f37999613bd/libcuda.so.1.1)
==348806==    by 0xCA4D4A74: ??? (in /usr/lib/wsl/drivers/nvam.inf_amd64_7e083f37999613bd/libcuda.so.1.1)
==348806==    by 0xC9C01552: ??? (in /usr/lib/wsl/drivers/nvam.inf_amd64_7e083f37999613bd/libcuda.so.1.1)
==348806==    by 0xC9C6B121: ??? (in /usr/lib/wsl/drivers/nvam.inf_amd64_7e083f37999613bd/libcuda.so.1.1)
==348806==    by 0x4A34A75: ??? (in /usr/local/cuda-12.8/targets/x86_64-linux/lib/libcudart.so.12.8.90)
==348806==    by 0x4A39637: ??? (in /usr/local/cuda-12.8/targets/x86_64-linux/lib/libcudart.so.12.8.90)
==348806==    by 0x4F1DDEE7: __pthread_once_slow (pthread_once.c:116)
==348806==    by 0x4A88ED8: ??? (in /usr/local/cuda-12.8/targets/x86_64-linux/lib/libcudart.so.12.8.90)
==348806==    by 0x4A356FE: ??? (in /usr/local/cuda-12.8/targets/x86_64-linux/lib/libcudart.so.12.8.90)
==348806== 
==348806== Conditional jump or move depends on uninitialised value(s)
==348806==    at 0xCB809216: ??? (in /usr/lib/wsl/drivers/nvam.inf_amd64_7e083f37999613bd/libnvdxgdmal.so.1)
==348806==    by 0xC9DC6477: ??? (in /usr/lib/wsl/drivers/nvam.inf_amd64_7e083f37999613bd/libcuda.so.1.1)
==348806==    by 0xCB80A8E3: dxgdmalEnumAdapters (in /usr/lib/wsl/drivers/nvam.inf_amd64_7e083f37999613bd/libnvdxgdmal.so.1)
==348806==    by 0xC9D8B2FA: ??? (in /usr/lib/wsl/drivers/nvam.inf_amd64_7e083f37999613bd/libcuda.so.1.1)
==348806==    by 0xCA4D4A74: ??? (in /usr/lib/wsl/drivers/nvam.inf_amd64_7e083f37999613bd/libcuda.so.1.1)
==348806==    by 0xC9C01552: ??? (in /usr/lib/wsl/drivers/nvam.inf_amd64_7e083f37999613bd/libcuda.so.1.1)
==348806==    by 0xC9C6B121: ??? (in /usr/lib/wsl/drivers/nvam.inf_amd64_7e083f37999613bd/libcuda.so.1.1)
==348806==    by 0x4A34A75: ??? (in /usr/local/cuda-12.8/targets/x86_64-linux/lib/libcudart.so.12.8.90)
==348806==    by 0x4A39637: ??? (in /usr/local/cuda-12.8/targets/x86_64-linux/lib/libcudart.so.12.8.90)
==348806==    by 0x4F1DDEE7: __pthread_once_slow (pthread_once.c:116)
==348806==    by 0x4A88ED8: ??? (in /usr/local/cuda-12.8/targets/x86_64-linux/lib/libcudart.so.12.8.90)
==348806==    by 0x4A356FE: ??? (in /usr/local/cuda-12.8/targets/x86_64-linux/lib/libcudart.so.12.8.90)
==348806== 
==348806== Use of uninitialised value of size 8
==348806==    at 0xCB80921F: ??? (in /usr/lib/wsl/drivers/nvam.inf_amd64_7e083f37999613bd/libnvdxgdmal.so.1)
==348806==    by 0xC9DC6477: ??? (in /usr/lib/wsl/drivers/nvam.inf_amd64_7e083f37999613bd/libcuda.so.1.1)
==348806==    by 0xCB80A8E3: dxgdmalEnumAdapters (in /usr/lib/wsl/drivers/nvam.inf_amd64_7e083f37999613bd/libnvdxgdmal.so.1)
==348806==    by 0xC9D8B2FA: ??? (in /usr/lib/wsl/drivers/nvam.inf_amd64_7e083f37999613bd/libcuda.so.1.1)
==348806==    by 0xCA4D4A74: ??? (in /usr/lib/wsl/drivers/nvam.inf_amd64_7e083f37999613bd/libcuda.so.1.1)
==348806==    by 0xC9C01552: ??? (in /usr/lib/wsl/drivers/nvam.inf_amd64_7e083f37999613bd/libcuda.so.1.1)
==348806==    by 0xC9C6B121: ??? (in /usr/lib/wsl/drivers/nvam.inf_amd64_7e083f37999613bd/libcuda.so.1.1)
==348806==    by 0x4A34A75: ??? (in /usr/local/cuda-12.8/targets/x86_64-linux/lib/libcudart.so.12.8.90)
==348806==    by 0x4A39637: ??? (in /usr/local/cuda-12.8/targets/x86_64-linux/lib/libcudart.so.12.8.90)
==348806==    by 0x4F1DDEE7: __pthread_once_slow (pthread_once.c:116)
==348806==    by 0x4A88ED8: ??? (in /usr/local/cuda-12.8/targets/x86_64-linux/lib/libcudart.so.12.8.90)
==348806==    by 0x4A356FE: ??? (in /usr/local/cuda-12.8/targets/x86_64-linux/lib/libcudart.so.12.8.90)
==348806== 
==348806== Conditional jump or move depends on uninitialised value(s)
==348806==    at 0x484FE0A: memcpy@GLIBC_2.2.5 (in /usr/libexec/valgrind/vgpreload_memcheck-amd64-linux.so)
==348806==    by 0xCB809266: ??? (in /usr/lib/wsl/drivers/nvam.inf_amd64_7e083f37999613bd/libnvdxgdmal.so.1)
==348806==    by 0xC9DC6477: ??? (in /usr/lib/wsl/drivers/nvam.inf_amd64_7e083f37999613bd/libcuda.so.1.1)
==348806==    by 0xCB80A8E3: dxgdmalEnumAdapters (in /usr/lib/wsl/drivers/nvam.inf_amd64_7e083f37999613bd/libnvdxgdmal.so.1)
==348806==    by 0xC9D8B2FA: ??? (in /usr/lib/wsl/drivers/nvam.inf_amd64_7e083f37999613bd/libcuda.so.1.1)
==348806==    by 0xCA4D4A74: ??? (in /usr/lib/wsl/drivers/nvam.inf_amd64_7e083f37999613bd/libcuda.so.1.1)
==348806==    by 0xC9C01552: ??? (in /usr/lib/wsl/drivers/nvam.inf_amd64_7e083f37999613bd/libcuda.so.1.1)
==348806==    by 0xC9C6B121: ??? (in /usr/lib/wsl/drivers/nvam.inf_amd64_7e083f37999613bd/libcuda.so.1.1)
==348806==    by 0x4A34A75: ??? (in /usr/local/cuda-12.8/targets/x86_64-linux/lib/libcudart.so.12.8.90)
==348806==    by 0x4A39637: ??? (in /usr/local/cuda-12.8/targets/x86_64-linux/lib/libcudart.so.12.8.90)
==348806==    by 0x4F1DDEE7: __pthread_once_slow (pthread_once.c:116)
==348806==    by 0x4A88ED8: ??? (in /usr/local/cuda-12.8/targets/x86_64-linux/lib/libcudart.so.12.8.90)
==348806== 
==348806== Conditional jump or move depends on uninitialised value(s)
==348806==    at 0x484FFB7: memcpy@GLIBC_2.2.5 (in /usr/libexec/valgrind/vgpreload_memcheck-amd64-linux.so)
==348806==    by 0xCB809266: ??? (in /usr/lib/wsl/drivers/nvam.inf_amd64_7e083f37999613bd/libnvdxgdmal.so.1)
==348806==    by 0xC9DC6477: ??? (in /usr/lib/wsl/drivers/nvam.inf_amd64_7e083f37999613bd/libcuda.so.1.1)
==348806==    by 0xCB80A8E3: dxgdmalEnumAdapters (in /usr/lib/wsl/drivers/nvam.inf_amd64_7e083f37999613bd/libnvdxgdmal.so.1)
==348806==    by 0xC9D8B2FA: ??? (in /usr/lib/wsl/drivers/nvam.inf_amd64_7e083f37999613bd/libcuda.so.1.1)
==348806==    by 0xCA4D4A74: ??? (in /usr/lib/wsl/drivers/nvam.inf_amd64_7e083f37999613bd/libcuda.so.1.1)
==348806==    by 0xC9C01552: ??? (in /usr/lib/wsl/drivers/nvam.inf_amd64_7e083f37999613bd/libcuda.so.1.1)
==348806==    by 0xC9C6B121: ??? (in /usr/lib/wsl/drivers/nvam.inf_amd64_7e083f37999613bd/libcuda.so.1.1)
==348806==    by 0x4A34A75: ??? (in /usr/local/cuda-12.8/targets/x86_64-linux/lib/libcudart.so.12.8.90)
==348806==    by 0x4A39637: ??? (in /usr/local/cuda-12.8/targets/x86_64-linux/lib/libcudart.so.12.8.90)
==348806==    by 0x4F1DDEE7: __pthread_once_slow (pthread_once.c:116)
==348806==    by 0x4A88ED8: ??? (in /usr/local/cuda-12.8/targets/x86_64-linux/lib/libcudart.so.12.8.90)
==348806== 
==348806== Conditional jump or move depends on uninitialised value(s)
==348806==    at 0x484FF9D: memcpy@GLIBC_2.2.5 (in /usr/libexec/valgrind/vgpreload_memcheck-amd64-linux.so)
==348806==    by 0xCB809266: ??? (in /usr/lib/wsl/drivers/nvam.inf_amd64_7e083f37999613bd/libnvdxgdmal.so.1)
==348806==    by 0xC9DC6477: ??? (in /usr/lib/wsl/drivers/nvam.inf_amd64_7e083f37999613bd/libcuda.so.1.1)
==348806==    by 0xCB80A8E3: dxgdmalEnumAdapters (in /usr/lib/wsl/drivers/nvam.inf_amd64_7e083f37999613bd/libnvdxgdmal.so.1)
==348806==    by 0xC9D8B2FA: ??? (in /usr/lib/wsl/drivers/nvam.inf_amd64_7e083f37999613bd/libcuda.so.1.1)
==348806==    by 0xCA4D4A74: ??? (in /usr/lib/wsl/drivers/nvam.inf_amd64_7e083f37999613bd/libcuda.so.1.1)
==348806==    by 0xC9C01552: ??? (in /usr/lib/wsl/drivers/nvam.inf_amd64_7e083f37999613bd/libcuda.so.1.1)
==348806==    by 0xC9C6B121: ??? (in /usr/lib/wsl/drivers/nvam.inf_amd64_7e083f37999613bd/libcuda.so.1.1)
==348806==    by 0x4A34A75: ??? (in /usr/local/cuda-12.8/targets/x86_64-linux/lib/libcudart.so.12.8.90)
==348806==    by 0x4A39637: ??? (in /usr/local/cuda-12.8/targets/x86_64-linux/lib/libcudart.so.12.8.90)
==348806==    by 0x4F1DDEE7: __pthread_once_slow (pthread_once.c:116)
==348806==    by 0x4A88ED8: ??? (in /usr/local/cuda-12.8/targets/x86_64-linux/lib/libcudart.so.12.8.90)
==348806== 
==348806== Conditional jump or move depends on uninitialised value(s)
==348806==    at 0xCB8095EB: ??? (in /usr/lib/wsl/drivers/nvam.inf_amd64_7e083f37999613bd/libnvdxgdmal.so.1)
==348806==    by 0xC9DC6477: ??? (in /usr/lib/wsl/drivers/nvam.inf_amd64_7e083f37999613bd/libcuda.so.1.1)
==348806==    by 0xCB80A8E3: dxgdmalEnumAdapters (in /usr/lib/wsl/drivers/nvam.inf_amd64_7e083f37999613bd/libnvdxgdmal.so.1)
==348806==    by 0xC9D8B2FA: ??? (in /usr/lib/wsl/drivers/nvam.inf_amd64_7e083f37999613bd/libcuda.so.1.1)
==348806==    by 0xCA4D4A74: ??? (in /usr/lib/wsl/drivers/nvam.inf_amd64_7e083f37999613bd/libcuda.so.1.1)
==348806==    by 0xC9C01552: ??? (in /usr/lib/wsl/drivers/nvam.inf_amd64_7e083f37999613bd/libcuda.so.1.1)
==348806==    by 0xC9C6B121: ??? (in /usr/lib/wsl/drivers/nvam.inf_amd64_7e083f37999613bd/libcuda.so.1.1)
==348806==    by 0x4A34A75: ??? (in /usr/local/cuda-12.8/targets/x86_64-linux/lib/libcudart.so.12.8.90)
==348806==    by 0x4A39637: ??? (in /usr/local/cuda-12.8/targets/x86_64-linux/lib/libcudart.so.12.8.90)
==348806==    by 0x4F1DDEE7: __pthread_once_slow (pthread_once.c:116)
==348806==    by 0x4A88ED8: ??? (in /usr/local/cuda-12.8/targets/x86_64-linux/lib/libcudart.so.12.8.90)
==348806==    by 0x4A356FE: ??? (in /usr/local/cuda-12.8/targets/x86_64-linux/lib/libcudart.so.12.8.90)
==348806== 
==348806== Conditional jump or move depends on uninitialised value(s)
==348806==    at 0xCB80966C: ??? (in /usr/lib/wsl/drivers/nvam.inf_amd64_7e083f37999613bd/libnvdxgdmal.so.1)
==348806==    by 0xC9DC6477: ??? (in /usr/lib/wsl/drivers/nvam.inf_amd64_7e083f37999613bd/libcuda.so.1.1)
==348806==    by 0xCB80A8E3: dxgdmalEnumAdapters (in /usr/lib/wsl/drivers/nvam.inf_amd64_7e083f37999613bd/libnvdxgdmal.so.1)
==348806==    by 0xC9D8B2FA: ??? (in /usr/lib/wsl/drivers/nvam.inf_amd64_7e083f37999613bd/libcuda.so.1.1)
==348806==    by 0xCA4D4A74: ??? (in /usr/lib/wsl/drivers/nvam.inf_amd64_7e083f37999613bd/libcuda.so.1.1)
==348806==    by 0xC9C01552: ??? (in /usr/lib/wsl/drivers/nvam.inf_amd64_7e083f37999613bd/libcuda.so.1.1)
==348806==    by 0xC9C6B121: ??? (in /usr/lib/wsl/drivers/nvam.inf_amd64_7e083f37999613bd/libcuda.so.1.1)
==348806==    by 0x4A34A75: ??? (in /usr/local/cuda-12.8/targets/x86_64-linux/lib/libcudart.so.12.8.90)
==348806==    by 0x4A39637: ??? (in /usr/local/cuda-12.8/targets/x86_64-linux/lib/libcudart.so.12.8.90)
==348806==    by 0x4F1DDEE7: __pthread_once_slow (pthread_once.c:116)
==348806==    by 0x4A88ED8: ??? (in /usr/local/cuda-12.8/targets/x86_64-linux/lib/libcudart.so.12.8.90)
==348806==    by 0x4A356FE: ??? (in /usr/local/cuda-12.8/targets/x86_64-linux/lib/libcudart.so.12.8.90)
==348806== 
==348806== Use of uninitialised value of size 8
==348806==    at 0xCB809679: ??? (in /usr/lib/wsl/drivers/nvam.inf_amd64_7e083f37999613bd/libnvdxgdmal.so.1)
==348806==    by 0xC9DC6477: ??? (in /usr/lib/wsl/drivers/nvam.inf_amd64_7e083f37999613bd/libcuda.so.1.1)
==348806==    by 0xCB80A8E3: dxgdmalEnumAdapters (in /usr/lib/wsl/drivers/nvam.inf_amd64_7e083f37999613bd/libnvdxgdmal.so.1)
==348806==    by 0xC9D8B2FA: ??? (in /usr/lib/wsl/drivers/nvam.inf_amd64_7e083f37999613bd/libcuda.so.1.1)
==348806==    by 0xCA4D4A74: ??? (in /usr/lib/wsl/drivers/nvam.inf_amd64_7e083f37999613bd/libcuda.so.1.1)
==348806==    by 0xC9C01552: ??? (in /usr/lib/wsl/drivers/nvam.inf_amd64_7e083f37999613bd/libcuda.so.1.1)
==348806==    by 0xC9C6B121: ??? (in /usr/lib/wsl/drivers/nvam.inf_amd64_7e083f37999613bd/libcuda.so.1.1)
==348806==    by 0x4A34A75: ??? (in /usr/local/cuda-12.8/targets/x86_64-linux/lib/libcudart.so.12.8.90)
==348806==    by 0x4A39637: ??? (in /usr/local/cuda-12.8/targets/x86_64-linux/lib/libcudart.so.12.8.90)
==348806==    by 0x4F1DDEE7: __pthread_once_slow (pthread_once.c:116)
==348806==    by 0x4A88ED8: ??? (in /usr/local/cuda-12.8/targets/x86_64-linux/lib/libcudart.so.12.8.90)
==348806==    by 0x4A356FE: ??? (in /usr/local/cuda-12.8/targets/x86_64-linux/lib/libcudart.so.12.8.90)
==348806== 
==348806== Conditional jump or move depends on uninitialised value(s)
==348806==    at 0xCB80969F: ??? (in /usr/lib/wsl/drivers/nvam.inf_amd64_7e083f37999613bd/libnvdxgdmal.so.1)
==348806==    by 0xC9DC6477: ??? (in /usr/lib/wsl/drivers/nvam.inf_amd64_7e083f37999613bd/libcuda.so.1.1)
==348806==    by 0xCB80A8E3: dxgdmalEnumAdapters (in /usr/lib/wsl/drivers/nvam.inf_amd64_7e083f37999613bd/libnvdxgdmal.so.1)
==348806==    by 0xC9D8B2FA: ??? (in /usr/lib/wsl/drivers/nvam.inf_amd64_7e083f37999613bd/libcuda.so.1.1)
==348806==    by 0xCA4D4A74: ??? (in /usr/lib/wsl/drivers/nvam.inf_amd64_7e083f37999613bd/libcuda.so.1.1)
==348806==    by 0xC9C01552: ??? (in /usr/lib/wsl/drivers/nvam.inf_amd64_7e083f37999613bd/libcuda.so.1.1)
==348806==    by 0xC9C6B121: ??? (in /usr/lib/wsl/drivers/nvam.inf_amd64_7e083f37999613bd/libcuda.so.1.1)
==348806==    by 0x4A34A75: ??? (in /usr/local/cuda-12.8/targets/x86_64-linux/lib/libcudart.so.12.8.90)
==348806==    by 0x4A39637: ??? (in /usr/local/cuda-12.8/targets/x86_64-linux/lib/libcudart.so.12.8.90)
==348806==    by 0x4F1DDEE7: __pthread_once_slow (pthread_once.c:116)
==348806==    by 0x4A88ED8: ??? (in /usr/local/cuda-12.8/targets/x86_64-linux/lib/libcudart.so.12.8.90)
==348806==    by 0x4A356FE: ??? (in /usr/local/cuda-12.8/targets/x86_64-linux/lib/libcudart.so.12.8.90)
==348806== 
==348806== Use of uninitialised value of size 8
==348806==    at 0xCB8096A5: ??? (in /usr/lib/wsl/drivers/nvam.inf_amd64_7e083f37999613bd/libnvdxgdmal.so.1)
==348806==    by 0xC9DC6477: ??? (in /usr/lib/wsl/drivers/nvam.inf_amd64_7e083f37999613bd/libcuda.so.1.1)
==348806==    by 0xCB80A8E3: dxgdmalEnumAdapters (in /usr/lib/wsl/drivers/nvam.inf_amd64_7e083f37999613bd/libnvdxgdmal.so.1)
==348806==    by 0xC9D8B2FA: ??? (in /usr/lib/wsl/drivers/nvam.inf_amd64_7e083f37999613bd/libcuda.so.1.1)
==348806==    by 0xCA4D4A74: ??? (in /usr/lib/wsl/drivers/nvam.inf_amd64_7e083f37999613bd/libcuda.so.1.1)
==348806==    by 0xC9C01552: ??? (in /usr/lib/wsl/drivers/nvam.inf_amd64_7e083f37999613bd/libcuda.so.1.1)
==348806==    by 0xC9C6B121: ??? (in /usr/lib/wsl/drivers/nvam.inf_amd64_7e083f37999613bd/libcuda.so.1.1)
==348806==    by 0x4A34A75: ??? (in /usr/local/cuda-12.8/targets/x86_64-linux/lib/libcudart.so.12.8.90)
==348806==    by 0x4A39637: ??? (in /usr/local/cuda-12.8/targets/x86_64-linux/lib/libcudart.so.12.8.90)
==348806==    by 0x4F1DDEE7: __pthread_once_slow (pthread_once.c:116)
==348806==    by 0x4A88ED8: ??? (in /usr/local/cuda-12.8/targets/x86_64-linux/lib/libcudart.so.12.8.90)
==348806==    by 0x4A356FE: ??? (in /usr/local/cuda-12.8/targets/x86_64-linux/lib/libcudart.so.12.8.90)
==348806== 
==348806== Conditional jump or move depends on uninitialised value(s)
==348806==    at 0xCB8096E0: ??? (in /usr/lib/wsl/drivers/nvam.inf_amd64_7e083f37999613bd/libnvdxgdmal.so.1)
==348806==    by 0xC9DC6477: ??? (in /usr/lib/wsl/drivers/nvam.inf_amd64_7e083f37999613bd/libcuda.so.1.1)
==348806==    by 0xCB80A8E3: dxgdmalEnumAdapters (in /usr/lib/wsl/drivers/nvam.inf_amd64_7e083f37999613bd/libnvdxgdmal.so.1)
==348806==    by 0xC9D8B2FA: ??? (in /usr/lib/wsl/drivers/nvam.inf_amd64_7e083f37999613bd/libcuda.so.1.1)
==348806==    by 0xCA4D4A74: ??? (in /usr/lib/wsl/drivers/nvam.inf_amd64_7e083f37999613bd/libcuda.so.1.1)
==348806==    by 0xC9C01552: ??? (in /usr/lib/wsl/drivers/nvam.inf_amd64_7e083f37999613bd/libcuda.so.1.1)
==348806==    by 0xC9C6B121: ??? (in /usr/lib/wsl/drivers/nvam.inf_amd64_7e083f37999613bd/libcuda.so.1.1)
==348806==    by 0x4A34A75: ??? (in /usr/local/cuda-12.8/targets/x86_64-linux/lib/libcudart.so.12.8.90)
==348806==    by 0x4A39637: ??? (in /usr/local/cuda-12.8/targets/x86_64-linux/lib/libcudart.so.12.8.90)
==348806==    by 0x4F1DDEE7: __pthread_once_slow (pthread_once.c:116)
==348806==    by 0x4A88ED8: ??? (in /usr/local/cuda-12.8/targets/x86_64-linux/lib/libcudart.so.12.8.90)
==348806==    by 0x4A356FE: ??? (in /usr/local/cuda-12.8/targets/x86_64-linux/lib/libcudart.so.12.8.90)
==348806== 
==348806== Use of uninitialised value of size 8
==348806==    at 0xCB8096E6: ??? (in /usr/lib/wsl/drivers/nvam.inf_amd64_7e083f37999613bd/libnvdxgdmal.so.1)
==348806==    by 0xC9DC6477: ??? (in /usr/lib/wsl/drivers/nvam.inf_amd64_7e083f37999613bd/libcuda.so.1.1)
==348806==    by 0xCB80A8E3: dxgdmalEnumAdapters (in /usr/lib/wsl/drivers/nvam.inf_amd64_7e083f37999613bd/libnvdxgdmal.so.1)
==348806==    by 0xC9D8B2FA: ??? (in /usr/lib/wsl/drivers/nvam.inf_amd64_7e083f37999613bd/libcuda.so.1.1)
==348806==    by 0xCA4D4A74: ??? (in /usr/lib/wsl/drivers/nvam.inf_amd64_7e083f37999613bd/libcuda.so.1.1)
==348806==    by 0xC9C01552: ??? (in /usr/lib/wsl/drivers/nvam.inf_amd64_7e083f37999613bd/libcuda.so.1.1)
==348806==    by 0xC9C6B121: ??? (in /usr/lib/wsl/drivers/nvam.inf_amd64_7e083f37999613bd/libcuda.so.1.1)
==348806==    by 0x4A34A75: ??? (in /usr/local/cuda-12.8/targets/x86_64-linux/lib/libcudart.so.12.8.90)
==348806==    by 0x4A39637: ??? (in /usr/local/cuda-12.8/targets/x86_64-linux/lib/libcudart.so.12.8.90)
==348806==    by 0x4F1DDEE7: __pthread_once_slow (pthread_once.c:116)
==348806==    by 0x4A88ED8: ??? (in /usr/local/cuda-12.8/targets/x86_64-linux/lib/libcudart.so.12.8.90)
==348806==    by 0x4A356FE: ??? (in /usr/local/cuda-12.8/targets/x86_64-linux/lib/libcudart.so.12.8.90)
==348806== 
==348806== Conditional jump or move depends on uninitialised value(s)
==348806==    at 0xCB809720: ??? (in /usr/lib/wsl/drivers/nvam.inf_amd64_7e083f37999613bd/libnvdxgdmal.so.1)
==348806==    by 0xC9DC6477: ??? (in /usr/lib/wsl/drivers/nvam.inf_amd64_7e083f37999613bd/libcuda.so.1.1)
==348806==    by 0xCB80A8E3: dxgdmalEnumAdapters (in /usr/lib/wsl/drivers/nvam.inf_amd64_7e083f37999613bd/libnvdxgdmal.so.1)
==348806==    by 0xC9D8B2FA: ??? (in /usr/lib/wsl/drivers/nvam.inf_amd64_7e083f37999613bd/libcuda.so.1.1)
==348806==    by 0xCA4D4A74: ??? (in /usr/lib/wsl/drivers/nvam.inf_amd64_7e083f37999613bd/libcuda.so.1.1)
==348806==    by 0xC9C01552: ??? (in /usr/lib/wsl/drivers/nvam.inf_amd64_7e083f37999613bd/libcuda.so.1.1)
==348806==    by 0xC9C6B121: ??? (in /usr/lib/wsl/drivers/nvam.inf_amd64_7e083f37999613bd/libcuda.so.1.1)
==348806==    by 0x4A34A75: ??? (in /usr/local/cuda-12.8/targets/x86_64-linux/lib/libcudart.so.12.8.90)
==348806==    by 0x4A39637: ??? (in /usr/local/cuda-12.8/targets/x86_64-linux/lib/libcudart.so.12.8.90)
==348806==    by 0x4F1DDEE7: __pthread_once_slow (pthread_once.c:116)
==348806==    by 0x4A88ED8: ??? (in /usr/local/cuda-12.8/targets/x86_64-linux/lib/libcudart.so.12.8.90)
==348806==    by 0x4A356FE: ??? (in /usr/local/cuda-12.8/targets/x86_64-linux/lib/libcudart.so.12.8.90)
==348806== 
==348806== Use of uninitialised value of size 8
==348806==    at 0xCB809726: ??? (in /usr/lib/wsl/drivers/nvam.inf_amd64_7e083f37999613bd/libnvdxgdmal.so.1)
==348806==    by 0xC9DC6477: ??? (in /usr/lib/wsl/drivers/nvam.inf_amd64_7e083f37999613bd/libcuda.so.1.1)
==348806==    by 0xCB80A8E3: dxgdmalEnumAdapters (in /usr/lib/wsl/drivers/nvam.inf_amd64_7e083f37999613bd/libnvdxgdmal.so.1)
==348806==    by 0xC9D8B2FA: ??? (in /usr/lib/wsl/drivers/nvam.inf_amd64_7e083f37999613bd/libcuda.so.1.1)
==348806==    by 0xCA4D4A74: ??? (in /usr/lib/wsl/drivers/nvam.inf_amd64_7e083f37999613bd/libcuda.so.1.1)
==348806==    by 0xC9C01552: ??? (in /usr/lib/wsl/drivers/nvam.inf_amd64_7e083f37999613bd/libcuda.so.1.1)
==348806==    by 0xC9C6B121: ??? (in /usr/lib/wsl/drivers/nvam.inf_amd64_7e083f37999613bd/libcuda.so.1.1)
==348806==    by 0x4A34A75: ??? (in /usr/local/cuda-12.8/targets/x86_64-linux/lib/libcudart.so.12.8.90)
==348806==    by 0x4A39637: ??? (in /usr/local/cuda-12.8/targets/x86_64-linux/lib/libcudart.so.12.8.90)
==348806==    by 0x4F1DDEE7: __pthread_once_slow (pthread_once.c:116)
==348806==    by 0x4A88ED8: ??? (in /usr/local/cuda-12.8/targets/x86_64-linux/lib/libcudart.so.12.8.90)
==348806==    by 0x4A356FE: ??? (in /usr/local/cuda-12.8/targets/x86_64-linux/lib/libcudart.so.12.8.90)
==348806== 
==348806== Conditional jump or move depends on uninitialised value(s)
==348806==    at 0xCB8095BC: ??? (in /usr/lib/wsl/drivers/nvam.inf_amd64_7e083f37999613bd/libnvdxgdmal.so.1)
==348806==    by 0xC9DC6477: ??? (in /usr/lib/wsl/drivers/nvam.inf_amd64_7e083f37999613bd/libcuda.so.1.1)
==348806==    by 0xCB80A8E3: dxgdmalEnumAdapters (in /usr/lib/wsl/drivers/nvam.inf_amd64_7e083f37999613bd/libnvdxgdmal.so.1)
==348806==    by 0xC9D8B2FA: ??? (in /usr/lib/wsl/drivers/nvam.inf_amd64_7e083f37999613bd/libcuda.so.1.1)
==348806==    by 0xCA4D4A74: ??? (in /usr/lib/wsl/drivers/nvam.inf_amd64_7e083f37999613bd/libcuda.so.1.1)
==348806==    by 0xC9C01552: ??? (in /usr/lib/wsl/drivers/nvam.inf_amd64_7e083f37999613bd/libcuda.so.1.1)
==348806==    by 0xC9C6B121: ??? (in /usr/lib/wsl/drivers/nvam.inf_amd64_7e083f37999613bd/libcuda.so.1.1)
==348806==    by 0x4A34A75: ??? (in /usr/local/cuda-12.8/targets/x86_64-linux/lib/libcudart.so.12.8.90)
==348806==    by 0x4A39637: ??? (in /usr/local/cuda-12.8/targets/x86_64-linux/lib/libcudart.so.12.8.90)
==348806==    by 0x4F1DDEE7: __pthread_once_slow (pthread_once.c:116)
==348806==    by 0x4A88ED8: ??? (in /usr/local/cuda-12.8/targets/x86_64-linux/lib/libcudart.so.12.8.90)
==348806==    by 0x4A356FE: ??? (in /usr/local/cuda-12.8/targets/x86_64-linux/lib/libcudart.so.12.8.90)
==348806== 
==348806== Conditional jump or move depends on uninitialised value(s)
==348806==    at 0xCB80991D: ??? (in /usr/lib/wsl/drivers/nvam.inf_amd64_7e083f37999613bd/libnvdxgdmal.so.1)
==348806==    by 0xC9DC6477: ??? (in /usr/lib/wsl/drivers/nvam.inf_amd64_7e083f37999613bd/libcuda.so.1.1)
==348806==    by 0xCB80A8E3: dxgdmalEnumAdapters (in /usr/lib/wsl/drivers/nvam.inf_amd64_7e083f37999613bd/libnvdxgdmal.so.1)
==348806==    by 0xC9D8B2FA: ??? (in /usr/lib/wsl/drivers/nvam.inf_amd64_7e083f37999613bd/libcuda.so.1.1)
==348806==    by 0xCA4D4A74: ??? (in /usr/lib/wsl/drivers/nvam.inf_amd64_7e083f37999613bd/libcuda.so.1.1)
==348806==    by 0xC9C01552: ??? (in /usr/lib/wsl/drivers/nvam.inf_amd64_7e083f37999613bd/libcuda.so.1.1)
==348806==    by 0xC9C6B121: ??? (in /usr/lib/wsl/drivers/nvam.inf_amd64_7e083f37999613bd/libcuda.so.1.1)
==348806==    by 0x4A34A75: ??? (in /usr/local/cuda-12.8/targets/x86_64-linux/lib/libcudart.so.12.8.90)
==348806==    by 0x4A39637: ??? (in /usr/local/cuda-12.8/targets/x86_64-linux/lib/libcudart.so.12.8.90)
==348806==    by 0x4F1DDEE7: __pthread_once_slow (pthread_once.c:116)
==348806==    by 0x4A88ED8: ??? (in /usr/local/cuda-12.8/targets/x86_64-linux/lib/libcudart.so.12.8.90)
==348806==    by 0x4A356FE: ??? (in /usr/local/cuda-12.8/targets/x86_64-linux/lib/libcudart.so.12.8.90)
==348806== 
==348806== Conditional jump or move depends on uninitialised value(s)
==348806==    at 0xCB809987: ??? (in /usr/lib/wsl/drivers/nvam.inf_amd64_7e083f37999613bd/libnvdxgdmal.so.1)
==348806==    by 0xC9DC6477: ??? (in /usr/lib/wsl/drivers/nvam.inf_amd64_7e083f37999613bd/libcuda.so.1.1)
==348806==    by 0xCB80A8E3: dxgdmalEnumAdapters (in /usr/lib/wsl/drivers/nvam.inf_amd64_7e083f37999613bd/libnvdxgdmal.so.1)
==348806==    by 0xC9D8B2FA: ??? (in /usr/lib/wsl/drivers/nvam.inf_amd64_7e083f37999613bd/libcuda.so.1.1)
==348806==    by 0xCA4D4A74: ??? (in /usr/lib/wsl/drivers/nvam.inf_amd64_7e083f37999613bd/libcuda.so.1.1)
==348806==    by 0xC9C01552: ??? (in /usr/lib/wsl/drivers/nvam.inf_amd64_7e083f37999613bd/libcuda.so.1.1)
==348806==    by 0xC9C6B121: ??? (in /usr/lib/wsl/drivers/nvam.inf_amd64_7e083f37999613bd/libcuda.so.1.1)
==348806==    by 0x4A34A75: ??? (in /usr/local/cuda-12.8/targets/x86_64-linux/lib/libcudart.so.12.8.90)
==348806==    by 0x4A39637: ??? (in /usr/local/cuda-12.8/targets/x86_64-linux/lib/libcudart.so.12.8.90)
==348806==    by 0x4F1DDEE7: __pthread_once_slow (pthread_once.c:116)
==348806==    by 0x4A88ED8: ??? (in /usr/local/cuda-12.8/targets/x86_64-linux/lib/libcudart.so.12.8.90)
==348806==    by 0x4A356FE: ??? (in /usr/local/cuda-12.8/targets/x86_64-linux/lib/libcudart.so.12.8.90)
==348806== 
==348806== Conditional jump or move depends on uninitialised value(s)
==348806==    at 0xCB809992: ??? (in /usr/lib/wsl/drivers/nvam.inf_amd64_7e083f37999613bd/libnvdxgdmal.so.1)
==348806==    by 0xC9DC6477: ??? (in /usr/lib/wsl/drivers/nvam.inf_amd64_7e083f37999613bd/libcuda.so.1.1)
==348806==    by 0xCB80A8E3: dxgdmalEnumAdapters (in /usr/lib/wsl/drivers/nvam.inf_amd64_7e083f37999613bd/libnvdxgdmal.so.1)
==348806==    by 0xC9D8B2FA: ??? (in /usr/lib/wsl/drivers/nvam.inf_amd64_7e083f37999613bd/libcuda.so.1.1)
==348806==    by 0xCA4D4A74: ??? (in /usr/lib/wsl/drivers/nvam.inf_amd64_7e083f37999613bd/libcuda.so.1.1)
==348806==    by 0xC9C01552: ??? (in /usr/lib/wsl/drivers/nvam.inf_amd64_7e083f37999613bd/libcuda.so.1.1)
==348806==    by 0xC9C6B121: ??? (in /usr/lib/wsl/drivers/nvam.inf_amd64_7e083f37999613bd/libcuda.so.1.1)
==348806==    by 0x4A34A75: ??? (in /usr/local/cuda-12.8/targets/x86_64-linux/lib/libcudart.so.12.8.90)
==348806==    by 0x4A39637: ??? (in /usr/local/cuda-12.8/targets/x86_64-linux/lib/libcudart.so.12.8.90)
==348806==    by 0x4F1DDEE7: __pthread_once_slow (pthread_once.c:116)
==348806==    by 0x4A88ED8: ??? (in /usr/local/cuda-12.8/targets/x86_64-linux/lib/libcudart.so.12.8.90)
==348806==    by 0x4A356FE: ??? (in /usr/local/cuda-12.8/targets/x86_64-linux/lib/libcudart.so.12.8.90)
==348806== 
==348806== Conditional jump or move depends on uninitialised value(s)
==348806==    at 0xCB8099AE: ??? (in /usr/lib/wsl/drivers/nvam.inf_amd64_7e083f37999613bd/libnvdxgdmal.so.1)
==348806==    by 0xC9DC6477: ??? (in /usr/lib/wsl/drivers/nvam.inf_amd64_7e083f37999613bd/libcuda.so.1.1)
==348806==    by 0xCB80A8E3: dxgdmalEnumAdapters (in /usr/lib/wsl/drivers/nvam.inf_amd64_7e083f37999613bd/libnvdxgdmal.so.1)
==348806==    by 0xC9D8B2FA: ??? (in /usr/lib/wsl/drivers/nvam.inf_amd64_7e083f37999613bd/libcuda.so.1.1)
==348806==    by 0xCA4D4A74: ??? (in /usr/lib/wsl/drivers/nvam.inf_amd64_7e083f37999613bd/libcuda.so.1.1)
==348806==    by 0xC9C01552: ??? (in /usr/lib/wsl/drivers/nvam.inf_amd64_7e083f37999613bd/libcuda.so.1.1)
==348806==    by 0xC9C6B121: ??? (in /usr/lib/wsl/drivers/nvam.inf_amd64_7e083f37999613bd/libcuda.so.1.1)
==348806==    by 0x4A34A75: ??? (in /usr/local/cuda-12.8/targets/x86_64-linux/lib/libcudart.so.12.8.90)
==348806==    by 0x4A39637: ??? (in /usr/local/cuda-12.8/targets/x86_64-linux/lib/libcudart.so.12.8.90)
==348806==    by 0x4F1DDEE7: __pthread_once_slow (pthread_once.c:116)
==348806==    by 0x4A88ED8: ??? (in /usr/local/cuda-12.8/targets/x86_64-linux/lib/libcudart.so.12.8.90)
==348806==    by 0x4A356FE: ??? (in /usr/local/cuda-12.8/targets/x86_64-linux/lib/libcudart.so.12.8.90)
==348806== 
==348806== Conditional jump or move depends on uninitialised value(s)
==348806==    at 0xCB801223: ??? (in /usr/lib/wsl/drivers/nvam.inf_amd64_7e083f37999613bd/libnvdxgdmal.so.1)
==348806==    by 0xCB8099BD: ??? (in /usr/lib/wsl/drivers/nvam.inf_amd64_7e083f37999613bd/libnvdxgdmal.so.1)
==348806==    by 0xC9DC6477: ??? (in /usr/lib/wsl/drivers/nvam.inf_amd64_7e083f37999613bd/libcuda.so.1.1)
==348806==    by 0xCB80A8E3: dxgdmalEnumAdapters (in /usr/lib/wsl/drivers/nvam.inf_amd64_7e083f37999613bd/libnvdxgdmal.so.1)
==348806==    by 0xC9D8B2FA: ??? (in /usr/lib/wsl/drivers/nvam.inf_amd64_7e083f37999613bd/libcuda.so.1.1)
==348806==    by 0xCA4D4A74: ??? (in /usr/lib/wsl/drivers/nvam.inf_amd64_7e083f37999613bd/libcuda.so.1.1)
==348806==    by 0xC9C01552: ??? (in /usr/lib/wsl/drivers/nvam.inf_amd64_7e083f37999613bd/libcuda.so.1.1)
==348806==    by 0xC9C6B121: ??? (in /usr/lib/wsl/drivers/nvam.inf_amd64_7e083f37999613bd/libcuda.so.1.1)
==348806==    by 0x4A34A75: ??? (in /usr/local/cuda-12.8/targets/x86_64-linux/lib/libcudart.so.12.8.90)
==348806==    by 0x4A39637: ??? (in /usr/local/cuda-12.8/targets/x86_64-linux/lib/libcudart.so.12.8.90)
==348806==    by 0x4F1DDEE7: __pthread_once_slow (pthread_once.c:116)
==348806==    by 0x4A88ED8: ??? (in /usr/local/cuda-12.8/targets/x86_64-linux/lib/libcudart.so.12.8.90)
==348806== 
==348806== Use of uninitialised value of size 8
==348806==    at 0xCB80122E: ??? (in /usr/lib/wsl/drivers/nvam.inf_amd64_7e083f37999613bd/libnvdxgdmal.so.1)
==348806==    by 0xCB8099BD: ??? (in /usr/lib/wsl/drivers/nvam.inf_amd64_7e083f37999613bd/libnvdxgdmal.so.1)
==348806==    by 0xC9DC6477: ??? (in /usr/lib/wsl/drivers/nvam.inf_amd64_7e083f37999613bd/libcuda.so.1.1)
==348806==    by 0xCB80A8E3: dxgdmalEnumAdapters (in /usr/lib/wsl/drivers/nvam.inf_amd64_7e083f37999613bd/libnvdxgdmal.so.1)
==348806==    by 0xC9D8B2FA: ??? (in /usr/lib/wsl/drivers/nvam.inf_amd64_7e083f37999613bd/libcuda.so.1.1)
==348806==    by 0xCA4D4A74: ??? (in /usr/lib/wsl/drivers/nvam.inf_amd64_7e083f37999613bd/libcuda.so.1.1)
==348806==    by 0xC9C01552: ??? (in /usr/lib/wsl/drivers/nvam.inf_amd64_7e083f37999613bd/libcuda.so.1.1)
==348806==    by 0xC9C6B121: ??? (in /usr/lib/wsl/drivers/nvam.inf_amd64_7e083f37999613bd/libcuda.so.1.1)
==348806==    by 0x4A34A75: ??? (in /usr/local/cuda-12.8/targets/x86_64-linux/lib/libcudart.so.12.8.90)
==348806==    by 0x4A39637: ??? (in /usr/local/cuda-12.8/targets/x86_64-linux/lib/libcudart.so.12.8.90)
==348806==    by 0x4F1DDEE7: __pthread_once_slow (pthread_once.c:116)
==348806==    by 0x4A88ED8: ??? (in /usr/local/cuda-12.8/targets/x86_64-linux/lib/libcudart.so.12.8.90)
==348806== 
==348806== Conditional jump or move depends on uninitialised value(s)
==348806==    at 0xCB80996C: ??? (in /usr/lib/wsl/drivers/nvam.inf_amd64_7e083f37999613bd/libnvdxgdmal.so.1)
==348806==    by 0xC9DC6477: ??? (in /usr/lib/wsl/drivers/nvam.inf_amd64_7e083f37999613bd/libcuda.so.1.1)
==348806==    by 0xCB80A8E3: dxgdmalEnumAdapters (in /usr/lib/wsl/drivers/nvam.inf_amd64_7e083f37999613bd/libnvdxgdmal.so.1)
==348806==    by 0xC9D8B2FA: ??? (in /usr/lib/wsl/drivers/nvam.inf_amd64_7e083f37999613bd/libcuda.so.1.1)
==348806==    by 0xCA4D4A74: ??? (in /usr/lib/wsl/drivers/nvam.inf_amd64_7e083f37999613bd/libcuda.so.1.1)
==348806==    by 0xC9C01552: ??? (in /usr/lib/wsl/drivers/nvam.inf_amd64_7e083f37999613bd/libcuda.so.1.1)
==348806==    by 0xC9C6B121: ??? (in /usr/lib/wsl/drivers/nvam.inf_amd64_7e083f37999613bd/libcuda.so.1.1)
==348806==    by 0x4A34A75: ??? (in /usr/local/cuda-12.8/targets/x86_64-linux/lib/libcudart.so.12.8.90)
==348806==    by 0x4A39637: ??? (in /usr/local/cuda-12.8/targets/x86_64-linux/lib/libcudart.so.12.8.90)
==348806==    by 0x4F1DDEE7: __pthread_once_slow (pthread_once.c:116)
==348806==    by 0x4A88ED8: ??? (in /usr/local/cuda-12.8/targets/x86_64-linux/lib/libcudart.so.12.8.90)
==348806==    by 0x4A356FE: ??? (in /usr/local/cuda-12.8/targets/x86_64-linux/lib/libcudart.so.12.8.90)
==348806== 
==348806== Conditional jump or move depends on uninitialised value(s)
==348806==    at 0xCB80995F: ??? (in /usr/lib/wsl/drivers/nvam.inf_amd64_7e083f37999613bd/libnvdxgdmal.so.1)
==348806==    by 0xC9DC6477: ??? (in /usr/lib/wsl/drivers/nvam.inf_amd64_7e083f37999613bd/libcuda.so.1.1)
==348806==    by 0xCB80A8E3: dxgdmalEnumAdapters (in /usr/lib/wsl/drivers/nvam.inf_amd64_7e083f37999613bd/libnvdxgdmal.so.1)
==348806==    by 0xC9D8B2FA: ??? (in /usr/lib/wsl/drivers/nvam.inf_amd64_7e083f37999613bd/libcuda.so.1.1)
==348806==    by 0xCA4D4A74: ??? (in /usr/lib/wsl/drivers/nvam.inf_amd64_7e083f37999613bd/libcuda.so.1.1)
==348806==    by 0xC9C01552: ??? (in /usr/lib/wsl/drivers/nvam.inf_amd64_7e083f37999613bd/libcuda.so.1.1)
==348806==    by 0xC9C6B121: ??? (in /usr/lib/wsl/drivers/nvam.inf_amd64_7e083f37999613bd/libcuda.so.1.1)
==348806==    by 0x4A34A75: ??? (in /usr/local/cuda-12.8/targets/x86_64-linux/lib/libcudart.so.12.8.90)
==348806==    by 0x4A39637: ??? (in /usr/local/cuda-12.8/targets/x86_64-linux/lib/libcudart.so.12.8.90)
==348806==    by 0x4F1DDEE7: __pthread_once_slow (pthread_once.c:116)
==348806==    by 0x4A88ED8: ??? (in /usr/local/cuda-12.8/targets/x86_64-linux/lib/libcudart.so.12.8.90)
==348806==    by 0x4A356FE: ??? (in /usr/local/cuda-12.8/targets/x86_64-linux/lib/libcudart.so.12.8.90)
==348806== 
==348806== Conditional jump or move depends on uninitialised value(s)
==348806==    at 0xCB809A44: ??? (in /usr/lib/wsl/drivers/nvam.inf_amd64_7e083f37999613bd/libnvdxgdmal.so.1)
==348806==    by 0xC9DC6477: ??? (in /usr/lib/wsl/drivers/nvam.inf_amd64_7e083f37999613bd/libcuda.so.1.1)
==348806==    by 0xCB80A8E3: dxgdmalEnumAdapters (in /usr/lib/wsl/drivers/nvam.inf_amd64_7e083f37999613bd/libnvdxgdmal.so.1)
==348806==    by 0xC9D8B2FA: ??? (in /usr/lib/wsl/drivers/nvam.inf_amd64_7e083f37999613bd/libcuda.so.1.1)
==348806==    by 0xCA4D4A74: ??? (in /usr/lib/wsl/drivers/nvam.inf_amd64_7e083f37999613bd/libcuda.so.1.1)
==348806==    by 0xC9C01552: ??? (in /usr/lib/wsl/drivers/nvam.inf_amd64_7e083f37999613bd/libcuda.so.1.1)
==348806==    by 0xC9C6B121: ??? (in /usr/lib/wsl/drivers/nvam.inf_amd64_7e083f37999613bd/libcuda.so.1.1)
==348806==    by 0x4A34A75: ??? (in /usr/local/cuda-12.8/targets/x86_64-linux/lib/libcudart.so.12.8.90)
==348806==    by 0x4A39637: ??? (in /usr/local/cuda-12.8/targets/x86_64-linux/lib/libcudart.so.12.8.90)
==348806==    by 0x4F1DDEE7: __pthread_once_slow (pthread_once.c:116)
==348806==    by 0x4A88ED8: ??? (in /usr/local/cuda-12.8/targets/x86_64-linux/lib/libcudart.so.12.8.90)
==348806==    by 0x4A356FE: ??? (in /usr/local/cuda-12.8/targets/x86_64-linux/lib/libcudart.so.12.8.90)
==348806== 
==348806== Conditional jump or move depends on uninitialised value(s)
==348806==    at 0xCB809B86: ??? (in /usr/lib/wsl/drivers/nvam.inf_amd64_7e083f37999613bd/libnvdxgdmal.so.1)
==348806==    by 0xC9DC6477: ??? (in /usr/lib/wsl/drivers/nvam.inf_amd64_7e083f37999613bd/libcuda.so.1.1)
==348806==    by 0xCB80A8E3: dxgdmalEnumAdapters (in /usr/lib/wsl/drivers/nvam.inf_amd64_7e083f37999613bd/libnvdxgdmal.so.1)
==348806==    by 0xC9D8B2FA: ??? (in /usr/lib/wsl/drivers/nvam.inf_amd64_7e083f37999613bd/libcuda.so.1.1)
==348806==    by 0xCA4D4A74: ??? (in /usr/lib/wsl/drivers/nvam.inf_amd64_7e083f37999613bd/libcuda.so.1.1)
==348806==    by 0xC9C01552: ??? (in /usr/lib/wsl/drivers/nvam.inf_amd64_7e083f37999613bd/libcuda.so.1.1)
==348806==    by 0xC9C6B121: ??? (in /usr/lib/wsl/drivers/nvam.inf_amd64_7e083f37999613bd/libcuda.so.1.1)
==348806==    by 0x4A34A75: ??? (in /usr/local/cuda-12.8/targets/x86_64-linux/lib/libcudart.so.12.8.90)
==348806==    by 0x4A39637: ??? (in /usr/local/cuda-12.8/targets/x86_64-linux/lib/libcudart.so.12.8.90)
==348806==    by 0x4F1DDEE7: __pthread_once_slow (pthread_once.c:116)
==348806==    by 0x4A88ED8: ??? (in /usr/local/cuda-12.8/targets/x86_64-linux/lib/libcudart.so.12.8.90)
==348806==    by 0x4A356FE: ??? (in /usr/local/cuda-12.8/targets/x86_64-linux/lib/libcudart.so.12.8.90)
==348806== 
==348806== Conditional jump or move depends on uninitialised value(s)
==348806==    at 0xCB809CF2: ??? (in /usr/lib/wsl/drivers/nvam.inf_amd64_7e083f37999613bd/libnvdxgdmal.so.1)
==348806==    by 0xC9DC6477: ??? (in /usr/lib/wsl/drivers/nvam.inf_amd64_7e083f37999613bd/libcuda.so.1.1)
==348806==    by 0xCB80A8E3: dxgdmalEnumAdapters (in /usr/lib/wsl/drivers/nvam.inf_amd64_7e083f37999613bd/libnvdxgdmal.so.1)
==348806==    by 0xC9D8B2FA: ??? (in /usr/lib/wsl/drivers/nvam.inf_amd64_7e083f37999613bd/libcuda.so.1.1)
==348806==    by 0xCA4D4A74: ??? (in /usr/lib/wsl/drivers/nvam.inf_amd64_7e083f37999613bd/libcuda.so.1.1)
==348806==    by 0xC9C01552: ??? (in /usr/lib/wsl/drivers/nvam.inf_amd64_7e083f37999613bd/libcuda.so.1.1)
==348806==    by 0xC9C6B121: ??? (in /usr/lib/wsl/drivers/nvam.inf_amd64_7e083f37999613bd/libcuda.so.1.1)
==348806==    by 0x4A34A75: ??? (in /usr/local/cuda-12.8/targets/x86_64-linux/lib/libcudart.so.12.8.90)
==348806==    by 0x4A39637: ??? (in /usr/local/cuda-12.8/targets/x86_64-linux/lib/libcudart.so.12.8.90)
==348806==    by 0x4F1DDEE7: __pthread_once_slow (pthread_once.c:116)
==348806==    by 0x4A88ED8: ??? (in /usr/local/cuda-12.8/targets/x86_64-linux/lib/libcudart.so.12.8.90)
==348806==    by 0x4A356FE: ??? (in /usr/local/cuda-12.8/targets/x86_64-linux/lib/libcudart.so.12.8.90)
==348806== 
==348806== Conditional jump or move depends on uninitialised value(s)
==348806==    at 0xC9DC6490: ??? (in /usr/lib/wsl/drivers/nvam.inf_amd64_7e083f37999613bd/libcuda.so.1.1)
==348806==    by 0xCB80A8E3: dxgdmalEnumAdapters (in /usr/lib/wsl/drivers/nvam.inf_amd64_7e083f37999613bd/libnvdxgdmal.so.1)
==348806==    by 0xC9D8B2FA: ??? (in /usr/lib/wsl/drivers/nvam.inf_amd64_7e083f37999613bd/libcuda.so.1.1)
==348806==    by 0xCA4D4A74: ??? (in /usr/lib/wsl/drivers/nvam.inf_amd64_7e083f37999613bd/libcuda.so.1.1)
==348806==    by 0xC9C01552: ??? (in /usr/lib/wsl/drivers/nvam.inf_amd64_7e083f37999613bd/libcuda.so.1.1)
==348806==    by 0xC9C6B121: ??? (in /usr/lib/wsl/drivers/nvam.inf_amd64_7e083f37999613bd/libcuda.so.1.1)
==348806==    by 0x4A34A75: ??? (in /usr/local/cuda-12.8/targets/x86_64-linux/lib/libcudart.so.12.8.90)
==348806==    by 0x4A39637: ??? (in /usr/local/cuda-12.8/targets/x86_64-linux/lib/libcudart.so.12.8.90)
==348806==    by 0x4F1DDEE7: __pthread_once_slow (pthread_once.c:116)
==348806==    by 0x4A88ED8: ??? (in /usr/local/cuda-12.8/targets/x86_64-linux/lib/libcudart.so.12.8.90)
==348806==    by 0x4A356FE: ??? (in /usr/local/cuda-12.8/targets/x86_64-linux/lib/libcudart.so.12.8.90)
==348806==    by 0x4A4DB6C: cudaGetDeviceProperties_v2 (in /usr/local/cuda-12.8/targets/x86_64-linux/lib/libcudart.so.12.8.90)
==348806== 
==348806== Conditional jump or move depends on uninitialised value(s)
==348806==    at 0xC9DC64DF: ??? (in /usr/lib/wsl/drivers/nvam.inf_amd64_7e083f37999613bd/libcuda.so.1.1)
==348806==    by 0xCB80A8E3: dxgdmalEnumAdapters (in /usr/lib/wsl/drivers/nvam.inf_amd64_7e083f37999613bd/libnvdxgdmal.so.1)
==348806==    by 0xC9D8B2FA: ??? (in /usr/lib/wsl/drivers/nvam.inf_amd64_7e083f37999613bd/libcuda.so.1.1)
==348806==    by 0xCA4D4A74: ??? (in /usr/lib/wsl/drivers/nvam.inf_amd64_7e083f37999613bd/libcuda.so.1.1)
==348806==    by 0xC9C01552: ??? (in /usr/lib/wsl/drivers/nvam.inf_amd64_7e083f37999613bd/libcuda.so.1.1)
==348806==    by 0xC9C6B121: ??? (in /usr/lib/wsl/drivers/nvam.inf_amd64_7e083f37999613bd/libcuda.so.1.1)
==348806==    by 0x4A34A75: ??? (in /usr/local/cuda-12.8/targets/x86_64-linux/lib/libcudart.so.12.8.90)
==348806==    by 0x4A39637: ??? (in /usr/local/cuda-12.8/targets/x86_64-linux/lib/libcudart.so.12.8.90)
==348806==    by 0x4F1DDEE7: __pthread_once_slow (pthread_once.c:116)
==348806==    by 0x4A88ED8: ??? (in /usr/local/cuda-12.8/targets/x86_64-linux/lib/libcudart.so.12.8.90)
==348806==    by 0x4A356FE: ??? (in /usr/local/cuda-12.8/targets/x86_64-linux/lib/libcudart.so.12.8.90)
==348806==    by 0x4A4DB6C: cudaGetDeviceProperties_v2 (in /usr/local/cuda-12.8/targets/x86_64-linux/lib/libcudart.so.12.8.90)
==348806== 
==348806== Conditional jump or move depends on uninitialised value(s)
==348806==    at 0xC9DC64E1: ??? (in /usr/lib/wsl/drivers/nvam.inf_amd64_7e083f37999613bd/libcuda.so.1.1)
==348806==    by 0xCB80A8E3: dxgdmalEnumAdapters (in /usr/lib/wsl/drivers/nvam.inf_amd64_7e083f37999613bd/libnvdxgdmal.so.1)
==348806==    by 0xC9D8B2FA: ??? (in /usr/lib/wsl/drivers/nvam.inf_amd64_7e083f37999613bd/libcuda.so.1.1)
==348806==    by 0xCA4D4A74: ??? (in /usr/lib/wsl/drivers/nvam.inf_amd64_7e083f37999613bd/libcuda.so.1.1)
==348806==    by 0xC9C01552: ??? (in /usr/lib/wsl/drivers/nvam.inf_amd64_7e083f37999613bd/libcuda.so.1.1)
==348806==    by 0xC9C6B121: ??? (in /usr/lib/wsl/drivers/nvam.inf_amd64_7e083f37999613bd/libcuda.so.1.1)
==348806==    by 0x4A34A75: ??? (in /usr/local/cuda-12.8/targets/x86_64-linux/lib/libcudart.so.12.8.90)
==348806==    by 0x4A39637: ??? (in /usr/local/cuda-12.8/targets/x86_64-linux/lib/libcudart.so.12.8.90)
==348806==    by 0x4F1DDEE7: __pthread_once_slow (pthread_once.c:116)
==348806==    by 0x4A88ED8: ??? (in /usr/local/cuda-12.8/targets/x86_64-linux/lib/libcudart.so.12.8.90)
==348806==    by 0x4A356FE: ??? (in /usr/local/cuda-12.8/targets/x86_64-linux/lib/libcudart.so.12.8.90)
==348806==    by 0x4A4DB6C: cudaGetDeviceProperties_v2 (in /usr/local/cuda-12.8/targets/x86_64-linux/lib/libcudart.so.12.8.90)
==348806== 
==348806== Conditional jump or move depends on uninitialised value(s)
==348806==    at 0xC9DC64B6: ??? (in /usr/lib/wsl/drivers/nvam.inf_amd64_7e083f37999613bd/libcuda.so.1.1)
==348806==    by 0xCB80A8E3: dxgdmalEnumAdapters (in /usr/lib/wsl/drivers/nvam.inf_amd64_7e083f37999613bd/libnvdxgdmal.so.1)
==348806==    by 0xC9D8B2FA: ??? (in /usr/lib/wsl/drivers/nvam.inf_amd64_7e083f37999613bd/libcuda.so.1.1)
==348806==    by 0xCA4D4A74: ??? (in /usr/lib/wsl/drivers/nvam.inf_amd64_7e083f37999613bd/libcuda.so.1.1)
==348806==    by 0xC9C01552: ??? (in /usr/lib/wsl/drivers/nvam.inf_amd64_7e083f37999613bd/libcuda.so.1.1)
==348806==    by 0xC9C6B121: ??? (in /usr/lib/wsl/drivers/nvam.inf_amd64_7e083f37999613bd/libcuda.so.1.1)
==348806==    by 0x4A34A75: ??? (in /usr/local/cuda-12.8/targets/x86_64-linux/lib/libcudart.so.12.8.90)
==348806==    by 0x4A39637: ??? (in /usr/local/cuda-12.8/targets/x86_64-linux/lib/libcudart.so.12.8.90)
==348806==    by 0x4F1DDEE7: __pthread_once_slow (pthread_once.c:116)
==348806==    by 0x4A88ED8: ??? (in /usr/local/cuda-12.8/targets/x86_64-linux/lib/libcudart.so.12.8.90)
==348806==    by 0x4A356FE: ??? (in /usr/local/cuda-12.8/targets/x86_64-linux/lib/libcudart.so.12.8.90)
==348806==    by 0x4A4DB6C: cudaGetDeviceProperties_v2 (in /usr/local/cuda-12.8/targets/x86_64-linux/lib/libcudart.so.12.8.90)
==348806== 
==348806== Conditional jump or move depends on uninitialised value(s)
==348806==    at 0xC9DC64B8: ??? (in /usr/lib/wsl/drivers/nvam.inf_amd64_7e083f37999613bd/libcuda.so.1.1)
==348806==    by 0xCB80A8E3: dxgdmalEnumAdapters (in /usr/lib/wsl/drivers/nvam.inf_amd64_7e083f37999613bd/libnvdxgdmal.so.1)
==348806==    by 0xC9D8B2FA: ??? (in /usr/lib/wsl/drivers/nvam.inf_amd64_7e083f37999613bd/libcuda.so.1.1)
==348806==    by 0xCA4D4A74: ??? (in /usr/lib/wsl/drivers/nvam.inf_amd64_7e083f37999613bd/libcuda.so.1.1)
==348806==    by 0xC9C01552: ??? (in /usr/lib/wsl/drivers/nvam.inf_amd64_7e083f37999613bd/libcuda.so.1.1)
==348806==    by 0xC9C6B121: ??? (in /usr/lib/wsl/drivers/nvam.inf_amd64_7e083f37999613bd/libcuda.so.1.1)
==348806==    by 0x4A34A75: ??? (in /usr/local/cuda-12.8/targets/x86_64-linux/lib/libcudart.so.12.8.90)
==348806==    by 0x4A39637: ??? (in /usr/local/cuda-12.8/targets/x86_64-linux/lib/libcudart.so.12.8.90)
==348806==    by 0x4F1DDEE7: __pthread_once_slow (pthread_once.c:116)
==348806==    by 0x4A88ED8: ??? (in /usr/local/cuda-12.8/targets/x86_64-linux/lib/libcudart.so.12.8.90)
==348806==    by 0x4A356FE: ??? (in /usr/local/cuda-12.8/targets/x86_64-linux/lib/libcudart.so.12.8.90)
==348806==    by 0x4A4DB6C: cudaGetDeviceProperties_v2 (in /usr/local/cuda-12.8/targets/x86_64-linux/lib/libcudart.so.12.8.90)
==348806== 
==348806== Conditional jump or move depends on uninitialised value(s)
==348806==    at 0xC9DC6576: ??? (in /usr/lib/wsl/drivers/nvam.inf_amd64_7e083f37999613bd/libcuda.so.1.1)
==348806==    by 0xCB80A8E3: dxgdmalEnumAdapters (in /usr/lib/wsl/drivers/nvam.inf_amd64_7e083f37999613bd/libnvdxgdmal.so.1)
==348806==    by 0xC9D8B2FA: ??? (in /usr/lib/wsl/drivers/nvam.inf_amd64_7e083f37999613bd/libcuda.so.1.1)
==348806==    by 0xCA4D4A74: ??? (in /usr/lib/wsl/drivers/nvam.inf_amd64_7e083f37999613bd/libcuda.so.1.1)
==348806==    by 0xC9C01552: ??? (in /usr/lib/wsl/drivers/nvam.inf_amd64_7e083f37999613bd/libcuda.so.1.1)
==348806==    by 0xC9C6B121: ??? (in /usr/lib/wsl/drivers/nvam.inf_amd64_7e083f37999613bd/libcuda.so.1.1)
==348806==    by 0x4A34A75: ??? (in /usr/local/cuda-12.8/targets/x86_64-linux/lib/libcudart.so.12.8.90)
==348806==    by 0x4A39637: ??? (in /usr/local/cuda-12.8/targets/x86_64-linux/lib/libcudart.so.12.8.90)
==348806==    by 0x4F1DDEE7: __pthread_once_slow (pthread_once.c:116)
==348806==    by 0x4A88ED8: ??? (in /usr/local/cuda-12.8/targets/x86_64-linux/lib/libcudart.so.12.8.90)
==348806==    by 0x4A356FE: ??? (in /usr/local/cuda-12.8/targets/x86_64-linux/lib/libcudart.so.12.8.90)
==348806==    by 0x4A4DB6C: cudaGetDeviceProperties_v2 (in /usr/local/cuda-12.8/targets/x86_64-linux/lib/libcudart.so.12.8.90)
==348806== 
==348806== Conditional jump or move depends on uninitialised value(s)
==348806==    at 0xC9DC657E: ??? (in /usr/lib/wsl/drivers/nvam.inf_amd64_7e083f37999613bd/libcuda.so.1.1)
==348806==    by 0xCB80A8E3: dxgdmalEnumAdapters (in /usr/lib/wsl/drivers/nvam.inf_amd64_7e083f37999613bd/libnvdxgdmal.so.1)
==348806==    by 0xC9D8B2FA: ??? (in /usr/lib/wsl/drivers/nvam.inf_amd64_7e083f37999613bd/libcuda.so.1.1)
==348806==    by 0xCA4D4A74: ??? (in /usr/lib/wsl/drivers/nvam.inf_amd64_7e083f37999613bd/libcuda.so.1.1)
==348806==    by 0xC9C01552: ??? (in /usr/lib/wsl/drivers/nvam.inf_amd64_7e083f37999613bd/libcuda.so.1.1)
==348806==    by 0xC9C6B121: ??? (in /usr/lib/wsl/drivers/nvam.inf_amd64_7e083f37999613bd/libcuda.so.1.1)
==348806==    by 0x4A34A75: ??? (in /usr/local/cuda-12.8/targets/x86_64-linux/lib/libcudart.so.12.8.90)
==348806==    by 0x4A39637: ??? (in /usr/local/cuda-12.8/targets/x86_64-linux/lib/libcudart.so.12.8.90)
==348806==    by 0x4F1DDEE7: __pthread_once_slow (pthread_once.c:116)
==348806==    by 0x4A88ED8: ??? (in /usr/local/cuda-12.8/targets/x86_64-linux/lib/libcudart.so.12.8.90)
==348806==    by 0x4A356FE: ??? (in /usr/local/cuda-12.8/targets/x86_64-linux/lib/libcudart.so.12.8.90)
==348806==    by 0x4A4DB6C: cudaGetDeviceProperties_v2 (in /usr/local/cuda-12.8/targets/x86_64-linux/lib/libcudart.so.12.8.90)
==348806== 
==348806== Conditional jump or move depends on uninitialised value(s)
==348806==    at 0xC9DC64D5: ??? (in /usr/lib/wsl/drivers/nvam.inf_amd64_7e083f37999613bd/libcuda.so.1.1)
==348806==    by 0xCB80A8E3: dxgdmalEnumAdapters (in /usr/lib/wsl/drivers/nvam.inf_amd64_7e083f37999613bd/libnvdxgdmal.so.1)
==348806==    by 0xC9D8B2FA: ??? (in /usr/lib/wsl/drivers/nvam.inf_amd64_7e083f37999613bd/libcuda.so.1.1)
==348806==    by 0xCA4D4A74: ??? (in /usr/lib/wsl/drivers/nvam.inf_amd64_7e083f37999613bd/libcuda.so.1.1)
==348806==    by 0xC9C01552: ??? (in /usr/lib/wsl/drivers/nvam.inf_amd64_7e083f37999613bd/libcuda.so.1.1)
==348806==    by 0xC9C6B121: ??? (in /usr/lib/wsl/drivers/nvam.inf_amd64_7e083f37999613bd/libcuda.so.1.1)
==348806==    by 0x4A34A75: ??? (in /usr/local/cuda-12.8/targets/x86_64-linux/lib/libcudart.so.12.8.90)
==348806==    by 0x4A39637: ??? (in /usr/local/cuda-12.8/targets/x86_64-linux/lib/libcudart.so.12.8.90)
==348806==    by 0x4F1DDEE7: __pthread_once_slow (pthread_once.c:116)
==348806==    by 0x4A88ED8: ??? (in /usr/local/cuda-12.8/targets/x86_64-linux/lib/libcudart.so.12.8.90)
==348806==    by 0x4A356FE: ??? (in /usr/local/cuda-12.8/targets/x86_64-linux/lib/libcudart.so.12.8.90)
==348806==    by 0x4A4DB6C: cudaGetDeviceProperties_v2 (in /usr/local/cuda-12.8/targets/x86_64-linux/lib/libcudart.so.12.8.90)
==348806== 
==348806== 
==348806== More than 100 errors detected.  Subsequent errors
==348806== will still be recorded, but in less detail than before.
==348806== Conditional jump or move depends on uninitialised value(s)
==348806==    at 0xC9DC64E9: ??? (in /usr/lib/wsl/drivers/nvam.inf_amd64_7e083f37999613bd/libcuda.so.1.1)
==348806==    by 0xCB80A8E3: dxgdmalEnumAdapters (in /usr/lib/wsl/drivers/nvam.inf_amd64_7e083f37999613bd/libnvdxgdmal.so.1)
==348806==    by 0xC9D8B2FA: ??? (in /usr/lib/wsl/drivers/nvam.inf_amd64_7e083f37999613bd/libcuda.so.1.1)
==348806==    by 0xCA4D4A74: ??? (in /usr/lib/wsl/drivers/nvam.inf_amd64_7e083f37999613bd/libcuda.so.1.1)
==348806==    by 0xC9C01552: ??? (in /usr/lib/wsl/drivers/nvam.inf_amd64_7e083f37999613bd/libcuda.so.1.1)
==348806==    by 0xC9C6B121: ??? (in /usr/lib/wsl/drivers/nvam.inf_amd64_7e083f37999613bd/libcuda.so.1.1)
==348806==    by 0x4A34A75: ??? (in /usr/local/cuda-12.8/targets/x86_64-linux/lib/libcudart.so.12.8.90)
==348806==    by 0x4A39637: ??? (in /usr/local/cuda-12.8/targets/x86_64-linux/lib/libcudart.so.12.8.90)
==348806==    by 0x4F1DDEE7: __pthread_once_slow (pthread_once.c:116)
==348806==    by 0x4A88ED8: ??? (in /usr/local/cuda-12.8/targets/x86_64-linux/lib/libcudart.so.12.8.90)
==348806==    by 0x4A356FE: ??? (in /usr/local/cuda-12.8/targets/x86_64-linux/lib/libcudart.so.12.8.90)
==348806==    by 0x4A4DB6C: cudaGetDeviceProperties_v2 (in /usr/local/cuda-12.8/targets/x86_64-linux/lib/libcudart.so.12.8.90)
==348806== 
==348806== Conditional jump or move depends on uninitialised value(s)
==348806==    at 0xC9DC64EB: ??? (in /usr/lib/wsl/drivers/nvam.inf_amd64_7e083f37999613bd/libcuda.so.1.1)
==348806==    by 0xCB80A8E3: dxgdmalEnumAdapters (in /usr/lib/wsl/drivers/nvam.inf_amd64_7e083f37999613bd/libnvdxgdmal.so.1)
==348806==    by 0xC9D8B2FA: ??? (in /usr/lib/wsl/drivers/nvam.inf_amd64_7e083f37999613bd/libcuda.so.1.1)
==348806==    by 0xCA4D4A74: ??? (in /usr/lib/wsl/drivers/nvam.inf_amd64_7e083f37999613bd/libcuda.so.1.1)
==348806==    by 0xC9C01552: ??? (in /usr/lib/wsl/drivers/nvam.inf_amd64_7e083f37999613bd/libcuda.so.1.1)
==348806==    by 0xC9C6B121: ??? (in /usr/lib/wsl/drivers/nvam.inf_amd64_7e083f37999613bd/libcuda.so.1.1)
==348806==    by 0x4A34A75: ??? (in /usr/local/cuda-12.8/targets/x86_64-linux/lib/libcudart.so.12.8.90)
==348806==    by 0x4A39637: ??? (in /usr/local/cuda-12.8/targets/x86_64-linux/lib/libcudart.so.12.8.90)
==348806==    by 0x4F1DDEE7: __pthread_once_slow (pthread_once.c:116)
==348806==    by 0x4A88ED8: ??? (in /usr/local/cuda-12.8/targets/x86_64-linux/lib/libcudart.so.12.8.90)
==348806==    by 0x4A356FE: ??? (in /usr/local/cuda-12.8/targets/x86_64-linux/lib/libcudart.so.12.8.90)
==348806==    by 0x4A4DB6C: cudaGetDeviceProperties_v2 (in /usr/local/cuda-12.8/targets/x86_64-linux/lib/libcudart.so.12.8.90)
==348806== 
==348806== Conditional jump or move depends on uninitialised value(s)
==348806==    at 0xC9DC6596: ??? (in /usr/lib/wsl/drivers/nvam.inf_amd64_7e083f37999613bd/libcuda.so.1.1)
==348806==    by 0xCB80A8E3: dxgdmalEnumAdapters (in /usr/lib/wsl/drivers/nvam.inf_amd64_7e083f37999613bd/libnvdxgdmal.so.1)
==348806==    by 0xC9D8B2FA: ??? (in /usr/lib/wsl/drivers/nvam.inf_amd64_7e083f37999613bd/libcuda.so.1.1)
==348806==    by 0xCA4D4A74: ??? (in /usr/lib/wsl/drivers/nvam.inf_amd64_7e083f37999613bd/libcuda.so.1.1)
==348806==    by 0xC9C01552: ??? (in /usr/lib/wsl/drivers/nvam.inf_amd64_7e083f37999613bd/libcuda.so.1.1)
==348806==    by 0xC9C6B121: ??? (in /usr/lib/wsl/drivers/nvam.inf_amd64_7e083f37999613bd/libcuda.so.1.1)
==348806==    by 0x4A34A75: ??? (in /usr/local/cuda-12.8/targets/x86_64-linux/lib/libcudart.so.12.8.90)
==348806==    by 0x4A39637: ??? (in /usr/local/cuda-12.8/targets/x86_64-linux/lib/libcudart.so.12.8.90)
==348806==    by 0x4F1DDEE7: __pthread_once_slow (pthread_once.c:116)
==348806==    by 0x4A88ED8: ??? (in /usr/local/cuda-12.8/targets/x86_64-linux/lib/libcudart.so.12.8.90)
==348806==    by 0x4A356FE: ??? (in /usr/local/cuda-12.8/targets/x86_64-linux/lib/libcudart.so.12.8.90)
==348806==    by 0x4A4DB6C: cudaGetDeviceProperties_v2 (in /usr/local/cuda-12.8/targets/x86_64-linux/lib/libcudart.so.12.8.90)
==348806== 
==348806== Conditional jump or move depends on uninitialised value(s)
==348806==    at 0xC9DC65A2: ??? (in /usr/lib/wsl/drivers/nvam.inf_amd64_7e083f37999613bd/libcuda.so.1.1)
==348806==    by 0xCB80A8E3: dxgdmalEnumAdapters (in /usr/lib/wsl/drivers/nvam.inf_amd64_7e083f37999613bd/libnvdxgdmal.so.1)
==348806==    by 0xC9D8B2FA: ??? (in /usr/lib/wsl/drivers/nvam.inf_amd64_7e083f37999613bd/libcuda.so.1.1)
==348806==    by 0xCA4D4A74: ??? (in /usr/lib/wsl/drivers/nvam.inf_amd64_7e083f37999613bd/libcuda.so.1.1)
==348806==    by 0xC9C01552: ??? (in /usr/lib/wsl/drivers/nvam.inf_amd64_7e083f37999613bd/libcuda.so.1.1)
==348806==    by 0xC9C6B121: ??? (in /usr/lib/wsl/drivers/nvam.inf_amd64_7e083f37999613bd/libcuda.so.1.1)
==348806==    by 0x4A34A75: ??? (in /usr/local/cuda-12.8/targets/x86_64-linux/lib/libcudart.so.12.8.90)
==348806==    by 0x4A39637: ??? (in /usr/local/cuda-12.8/targets/x86_64-linux/lib/libcudart.so.12.8.90)
==348806==    by 0x4F1DDEE7: __pthread_once_slow (pthread_once.c:116)
==348806==    by 0x4A88ED8: ??? (in /usr/local/cuda-12.8/targets/x86_64-linux/lib/libcudart.so.12.8.90)
==348806==    by 0x4A356FE: ??? (in /usr/local/cuda-12.8/targets/x86_64-linux/lib/libcudart.so.12.8.90)
==348806==    by 0x4A4DB6C: cudaGetDeviceProperties_v2 (in /usr/local/cuda-12.8/targets/x86_64-linux/lib/libcudart.so.12.8.90)
==348806== 
==348806== Conditional jump or move depends on uninitialised value(s)
==348806==    at 0x484F02A: strncpy (in /usr/libexec/valgrind/vgpreload_memcheck-amd64-linux.so)
==348806==    by 0xC9DC626E: ??? (in /usr/lib/wsl/drivers/nvam.inf_amd64_7e083f37999613bd/libcuda.so.1.1)
==348806==    by 0xC9DC653E: ??? (in /usr/lib/wsl/drivers/nvam.inf_amd64_7e083f37999613bd/libcuda.so.1.1)
==348806==    by 0xCB80A8E3: dxgdmalEnumAdapters (in /usr/lib/wsl/drivers/nvam.inf_amd64_7e083f37999613bd/libnvdxgdmal.so.1)
==348806==    by 0xC9D8B2FA: ??? (in /usr/lib/wsl/drivers/nvam.inf_amd64_7e083f37999613bd/libcuda.so.1.1)
==348806==    by 0xCA4D4A74: ??? (in /usr/lib/wsl/drivers/nvam.inf_amd64_7e083f37999613bd/libcuda.so.1.1)
==348806==    by 0xC9C01552: ??? (in /usr/lib/wsl/drivers/nvam.inf_amd64_7e083f37999613bd/libcuda.so.1.1)
==348806==    by 0xC9C6B121: ??? (in /usr/lib/wsl/drivers/nvam.inf_amd64_7e083f37999613bd/libcuda.so.1.1)
==348806==    by 0x4A34A75: ??? (in /usr/local/cuda-12.8/targets/x86_64-linux/lib/libcudart.so.12.8.90)
==348806==    by 0x4A39637: ??? (in /usr/local/cuda-12.8/targets/x86_64-linux/lib/libcudart.so.12.8.90)
==348806==    by 0x4F1DDEE7: __pthread_once_slow (pthread_once.c:116)
==348806==    by 0x4A88ED8: ??? (in /usr/local/cuda-12.8/targets/x86_64-linux/lib/libcudart.so.12.8.90)
==348806== 
==348806== Conditional jump or move depends on uninitialised value(s)
==348806==    at 0xC9DC5C4D: ??? (in /usr/lib/wsl/drivers/nvam.inf_amd64_7e083f37999613bd/libcuda.so.1.1)
==348806==    by 0xC9DC653E: ??? (in /usr/lib/wsl/drivers/nvam.inf_amd64_7e083f37999613bd/libcuda.so.1.1)
==348806==    by 0xCB80A8E3: dxgdmalEnumAdapters (in /usr/lib/wsl/drivers/nvam.inf_amd64_7e083f37999613bd/libnvdxgdmal.so.1)
==348806==    by 0xC9D8B2FA: ??? (in /usr/lib/wsl/drivers/nvam.inf_amd64_7e083f37999613bd/libcuda.so.1.1)
==348806==    by 0xCA4D4A74: ??? (in /usr/lib/wsl/drivers/nvam.inf_amd64_7e083f37999613bd/libcuda.so.1.1)
==348806==    by 0xC9C01552: ??? (in /usr/lib/wsl/drivers/nvam.inf_amd64_7e083f37999613bd/libcuda.so.1.1)
==348806==    by 0xC9C6B121: ??? (in /usr/lib/wsl/drivers/nvam.inf_amd64_7e083f37999613bd/libcuda.so.1.1)
==348806==    by 0x4A34A75: ??? (in /usr/local/cuda-12.8/targets/x86_64-linux/lib/libcudart.so.12.8.90)
==348806==    by 0x4A39637: ??? (in /usr/local/cuda-12.8/targets/x86_64-linux/lib/libcudart.so.12.8.90)
==348806==    by 0x4F1DDEE7: __pthread_once_slow (pthread_once.c:116)
==348806==    by 0x4A88ED8: ??? (in /usr/local/cuda-12.8/targets/x86_64-linux/lib/libcudart.so.12.8.90)
==348806==    by 0x4A356FE: ??? (in /usr/local/cuda-12.8/targets/x86_64-linux/lib/libcudart.so.12.8.90)
==348806== 
==348806== Use of uninitialised value of size 8
==348806==    at 0xC9DC5D11: ??? (in /usr/lib/wsl/drivers/nvam.inf_amd64_7e083f37999613bd/libcuda.so.1.1)
==348806==    by 0xC9DC653E: ??? (in /usr/lib/wsl/drivers/nvam.inf_amd64_7e083f37999613bd/libcuda.so.1.1)
==348806==    by 0xCB80A8E3: dxgdmalEnumAdapters (in /usr/lib/wsl/drivers/nvam.inf_amd64_7e083f37999613bd/libnvdxgdmal.so.1)
==348806==    by 0xC9D8B2FA: ??? (in /usr/lib/wsl/drivers/nvam.inf_amd64_7e083f37999613bd/libcuda.so.1.1)
==348806==    by 0xCA4D4A74: ??? (in /usr/lib/wsl/drivers/nvam.inf_amd64_7e083f37999613bd/libcuda.so.1.1)
==348806==    by 0xC9C01552: ??? (in /usr/lib/wsl/drivers/nvam.inf_amd64_7e083f37999613bd/libcuda.so.1.1)
==348806==    by 0xC9C6B121: ??? (in /usr/lib/wsl/drivers/nvam.inf_amd64_7e083f37999613bd/libcuda.so.1.1)
==348806==    by 0x4A34A75: ??? (in /usr/local/cuda-12.8/targets/x86_64-linux/lib/libcudart.so.12.8.90)
==348806==    by 0x4A39637: ??? (in /usr/local/cuda-12.8/targets/x86_64-linux/lib/libcudart.so.12.8.90)
==348806==    by 0x4F1DDEE7: __pthread_once_slow (pthread_once.c:116)
==348806==    by 0x4A88ED8: ??? (in /usr/local/cuda-12.8/targets/x86_64-linux/lib/libcudart.so.12.8.90)
==348806==    by 0x4A356FE: ??? (in /usr/local/cuda-12.8/targets/x86_64-linux/lib/libcudart.so.12.8.90)
==348806== 
==348806== Conditional jump or move depends on uninitialised value(s)
==348806==    at 0x484F02A: strncpy (in /usr/libexec/valgrind/vgpreload_memcheck-amd64-linux.so)
==348806==    by 0xC9DC5E08: ??? (in /usr/lib/wsl/drivers/nvam.inf_amd64_7e083f37999613bd/libcuda.so.1.1)
==348806==    by 0xC9DC653E: ??? (in /usr/lib/wsl/drivers/nvam.inf_amd64_7e083f37999613bd/libcuda.so.1.1)
==348806==    by 0xCB80A8E3: dxgdmalEnumAdapters (in /usr/lib/wsl/drivers/nvam.inf_amd64_7e083f37999613bd/libnvdxgdmal.so.1)
==348806==    by 0xC9D8B2FA: ??? (in /usr/lib/wsl/drivers/nvam.inf_amd64_7e083f37999613bd/libcuda.so.1.1)
==348806==    by 0xCA4D4A74: ??? (in /usr/lib/wsl/drivers/nvam.inf_amd64_7e083f37999613bd/libcuda.so.1.1)
==348806==    by 0xC9C01552: ??? (in /usr/lib/wsl/drivers/nvam.inf_amd64_7e083f37999613bd/libcuda.so.1.1)
==348806==    by 0xC9C6B121: ??? (in /usr/lib/wsl/drivers/nvam.inf_amd64_7e083f37999613bd/libcuda.so.1.1)
==348806==    by 0x4A34A75: ??? (in /usr/local/cuda-12.8/targets/x86_64-linux/lib/libcudart.so.12.8.90)
==348806==    by 0x4A39637: ??? (in /usr/local/cuda-12.8/targets/x86_64-linux/lib/libcudart.so.12.8.90)
==348806==    by 0x4F1DDEE7: __pthread_once_slow (pthread_once.c:116)
==348806==    by 0x4A88ED8: ??? (in /usr/local/cuda-12.8/targets/x86_64-linux/lib/libcudart.so.12.8.90)
==348806== 
==348806== Conditional jump or move depends on uninitialised value(s)
==348806==    at 0x484F02A: strncpy (in /usr/libexec/valgrind/vgpreload_memcheck-amd64-linux.so)
==348806==    by 0xC9DC5E25: ??? (in /usr/lib/wsl/drivers/nvam.inf_amd64_7e083f37999613bd/libcuda.so.1.1)
==348806==    by 0xC9DC653E: ??? (in /usr/lib/wsl/drivers/nvam.inf_amd64_7e083f37999613bd/libcuda.so.1.1)
==348806==    by 0xCB80A8E3: dxgdmalEnumAdapters (in /usr/lib/wsl/drivers/nvam.inf_amd64_7e083f37999613bd/libnvdxgdmal.so.1)
==348806==    by 0xC9D8B2FA: ??? (in /usr/lib/wsl/drivers/nvam.inf_amd64_7e083f37999613bd/libcuda.so.1.1)
==348806==    by 0xCA4D4A74: ??? (in /usr/lib/wsl/drivers/nvam.inf_amd64_7e083f37999613bd/libcuda.so.1.1)
==348806==    by 0xC9C01552: ??? (in /usr/lib/wsl/drivers/nvam.inf_amd64_7e083f37999613bd/libcuda.so.1.1)
==348806==    by 0xC9C6B121: ??? (in /usr/lib/wsl/drivers/nvam.inf_amd64_7e083f37999613bd/libcuda.so.1.1)
==348806==    by 0x4A34A75: ??? (in /usr/local/cuda-12.8/targets/x86_64-linux/lib/libcudart.so.12.8.90)
==348806==    by 0x4A39637: ??? (in /usr/local/cuda-12.8/targets/x86_64-linux/lib/libcudart.so.12.8.90)
==348806==    by 0x4F1DDEE7: __pthread_once_slow (pthread_once.c:116)
==348806==    by 0x4A88ED8: ??? (in /usr/local/cuda-12.8/targets/x86_64-linux/lib/libcudart.so.12.8.90)
==348806== 
==348806== Conditional jump or move depends on uninitialised value(s)
==348806==    at 0x484F02A: strncpy (in /usr/libexec/valgrind/vgpreload_memcheck-amd64-linux.so)
==348806==    by 0xC9DC5E45: ??? (in /usr/lib/wsl/drivers/nvam.inf_amd64_7e083f37999613bd/libcuda.so.1.1)
==348806==    by 0xC9DC653E: ??? (in /usr/lib/wsl/drivers/nvam.inf_amd64_7e083f37999613bd/libcuda.so.1.1)
==348806==    by 0xCB80A8E3: dxgdmalEnumAdapters (in /usr/lib/wsl/drivers/nvam.inf_amd64_7e083f37999613bd/libnvdxgdmal.so.1)
==348806==    by 0xC9D8B2FA: ??? (in /usr/lib/wsl/drivers/nvam.inf_amd64_7e083f37999613bd/libcuda.so.1.1)
==348806==    by 0xCA4D4A74: ??? (in /usr/lib/wsl/drivers/nvam.inf_amd64_7e083f37999613bd/libcuda.so.1.1)
==348806==    by 0xC9C01552: ??? (in /usr/lib/wsl/drivers/nvam.inf_amd64_7e083f37999613bd/libcuda.so.1.1)
==348806==    by 0xC9C6B121: ??? (in /usr/lib/wsl/drivers/nvam.inf_amd64_7e083f37999613bd/libcuda.so.1.1)
==348806==    by 0x4A34A75: ??? (in /usr/local/cuda-12.8/targets/x86_64-linux/lib/libcudart.so.12.8.90)
==348806==    by 0x4A39637: ??? (in /usr/local/cuda-12.8/targets/x86_64-linux/lib/libcudart.so.12.8.90)
==348806==    by 0x4F1DDEE7: __pthread_once_slow (pthread_once.c:116)
==348806==    by 0x4A88ED8: ??? (in /usr/local/cuda-12.8/targets/x86_64-linux/lib/libcudart.so.12.8.90)
==348806== 
==348806== Conditional jump or move depends on uninitialised value(s)
==348806==    at 0xC9DC5EB7: ??? (in /usr/lib/wsl/drivers/nvam.inf_amd64_7e083f37999613bd/libcuda.so.1.1)
==348806==    by 0xC9DC653E: ??? (in /usr/lib/wsl/drivers/nvam.inf_amd64_7e083f37999613bd/libcuda.so.1.1)
==348806==    by 0xCB80A8E3: dxgdmalEnumAdapters (in /usr/lib/wsl/drivers/nvam.inf_amd64_7e083f37999613bd/libnvdxgdmal.so.1)
==348806==    by 0xC9D8B2FA: ??? (in /usr/lib/wsl/drivers/nvam.inf_amd64_7e083f37999613bd/libcuda.so.1.1)
==348806==    by 0xCA4D4A74: ??? (in /usr/lib/wsl/drivers/nvam.inf_amd64_7e083f37999613bd/libcuda.so.1.1)
==348806==    by 0xC9C01552: ??? (in /usr/lib/wsl/drivers/nvam.inf_amd64_7e083f37999613bd/libcuda.so.1.1)
==348806==    by 0xC9C6B121: ??? (in /usr/lib/wsl/drivers/nvam.inf_amd64_7e083f37999613bd/libcuda.so.1.1)
==348806==    by 0x4A34A75: ??? (in /usr/local/cuda-12.8/targets/x86_64-linux/lib/libcudart.so.12.8.90)
==348806==    by 0x4A39637: ??? (in /usr/local/cuda-12.8/targets/x86_64-linux/lib/libcudart.so.12.8.90)
==348806==    by 0x4F1DDEE7: __pthread_once_slow (pthread_once.c:116)
==348806==    by 0x4A88ED8: ??? (in /usr/local/cuda-12.8/targets/x86_64-linux/lib/libcudart.so.12.8.90)
==348806==    by 0x4A356FE: ??? (in /usr/local/cuda-12.8/targets/x86_64-linux/lib/libcudart.so.12.8.90)
==348806== 
==348806== Conditional jump or move depends on uninitialised value(s)
==348806==    at 0xC9DC5F74: ??? (in /usr/lib/wsl/drivers/nvam.inf_amd64_7e083f37999613bd/libcuda.so.1.1)
==348806==    by 0xC9DC653E: ??? (in /usr/lib/wsl/drivers/nvam.inf_amd64_7e083f37999613bd/libcuda.so.1.1)
==348806==    by 0xCB80A8E3: dxgdmalEnumAdapters (in /usr/lib/wsl/drivers/nvam.inf_amd64_7e083f37999613bd/libnvdxgdmal.so.1)
==348806==    by 0xC9D8B2FA: ??? (in /usr/lib/wsl/drivers/nvam.inf_amd64_7e083f37999613bd/libcuda.so.1.1)
==348806==    by 0xCA4D4A74: ??? (in /usr/lib/wsl/drivers/nvam.inf_amd64_7e083f37999613bd/libcuda.so.1.1)
==348806==    by 0xC9C01552: ??? (in /usr/lib/wsl/drivers/nvam.inf_amd64_7e083f37999613bd/libcuda.so.1.1)
==348806==    by 0xC9C6B121: ??? (in /usr/lib/wsl/drivers/nvam.inf_amd64_7e083f37999613bd/libcuda.so.1.1)
==348806==    by 0x4A34A75: ??? (in /usr/local/cuda-12.8/targets/x86_64-linux/lib/libcudart.so.12.8.90)
==348806==    by 0x4A39637: ??? (in /usr/local/cuda-12.8/targets/x86_64-linux/lib/libcudart.so.12.8.90)
==348806==    by 0x4F1DDEE7: __pthread_once_slow (pthread_once.c:116)
==348806==    by 0x4A88ED8: ??? (in /usr/local/cuda-12.8/targets/x86_64-linux/lib/libcudart.so.12.8.90)
==348806==    by 0x4A356FE: ??? (in /usr/local/cuda-12.8/targets/x86_64-linux/lib/libcudart.so.12.8.90)
==348806== 
==348806== Conditional jump or move depends on uninitialised value(s)
==348806==    at 0xC9DC5F78: ??? (in /usr/lib/wsl/drivers/nvam.inf_amd64_7e083f37999613bd/libcuda.so.1.1)
==348806==    by 0xC9DC653E: ??? (in /usr/lib/wsl/drivers/nvam.inf_amd64_7e083f37999613bd/libcuda.so.1.1)
==348806==    by 0xCB80A8E3: dxgdmalEnumAdapters (in /usr/lib/wsl/drivers/nvam.inf_amd64_7e083f37999613bd/libnvdxgdmal.so.1)
==348806==    by 0xC9D8B2FA: ??? (in /usr/lib/wsl/drivers/nvam.inf_amd64_7e083f37999613bd/libcuda.so.1.1)
==348806==    by 0xCA4D4A74: ??? (in /usr/lib/wsl/drivers/nvam.inf_amd64_7e083f37999613bd/libcuda.so.1.1)
==348806==    by 0xC9C01552: ??? (in /usr/lib/wsl/drivers/nvam.inf_amd64_7e083f37999613bd/libcuda.so.1.1)
==348806==    by 0xC9C6B121: ??? (in /usr/lib/wsl/drivers/nvam.inf_amd64_7e083f37999613bd/libcuda.so.1.1)
==348806==    by 0x4A34A75: ??? (in /usr/local/cuda-12.8/targets/x86_64-linux/lib/libcudart.so.12.8.90)
==348806==    by 0x4A39637: ??? (in /usr/local/cuda-12.8/targets/x86_64-linux/lib/libcudart.so.12.8.90)
==348806==    by 0x4F1DDEE7: __pthread_once_slow (pthread_once.c:116)
==348806==    by 0x4A88ED8: ??? (in /usr/local/cuda-12.8/targets/x86_64-linux/lib/libcudart.so.12.8.90)
==348806==    by 0x4A356FE: ??? (in /usr/local/cuda-12.8/targets/x86_64-linux/lib/libcudart.so.12.8.90)
==348806== 
==348806== Conditional jump or move depends on uninitialised value(s)
==348806==    at 0xC9DC7502: ??? (in /usr/lib/wsl/drivers/nvam.inf_amd64_7e083f37999613bd/libcuda.so.1.1)
==348806==    by 0xC9C97D4D: ??? (in /usr/lib/wsl/drivers/nvam.inf_amd64_7e083f37999613bd/libcuda.so.1.1)
==348806==    by 0xC9DC5FD0: ??? (in /usr/lib/wsl/drivers/nvam.inf_amd64_7e083f37999613bd/libcuda.so.1.1)
==348806==    by 0xC9DC653E: ??? (in /usr/lib/wsl/drivers/nvam.inf_amd64_7e083f37999613bd/libcuda.so.1.1)
==348806==    by 0xCB80A8E3: dxgdmalEnumAdapters (in /usr/lib/wsl/drivers/nvam.inf_amd64_7e083f37999613bd/libnvdxgdmal.so.1)
==348806==    by 0xC9D8B2FA: ??? (in /usr/lib/wsl/drivers/nvam.inf_amd64_7e083f37999613bd/libcuda.so.1.1)
==348806==    by 0xCA4D4A74: ??? (in /usr/lib/wsl/drivers/nvam.inf_amd64_7e083f37999613bd/libcuda.so.1.1)
==348806==    by 0xC9C01552: ??? (in /usr/lib/wsl/drivers/nvam.inf_amd64_7e083f37999613bd/libcuda.so.1.1)
==348806==    by 0xC9C6B121: ??? (in /usr/lib/wsl/drivers/nvam.inf_amd64_7e083f37999613bd/libcuda.so.1.1)
==348806==    by 0x4A34A75: ??? (in /usr/local/cuda-12.8/targets/x86_64-linux/lib/libcudart.so.12.8.90)
==348806==    by 0x4A39637: ??? (in /usr/local/cuda-12.8/targets/x86_64-linux/lib/libcudart.so.12.8.90)
==348806==    by 0x4F1DDEE7: __pthread_once_slow (pthread_once.c:116)
==348806== 
==348806== Conditional jump or move depends on uninitialised value(s)
==348806==    at 0xC9DC7FCC: ??? (in /usr/lib/wsl/drivers/nvam.inf_amd64_7e083f37999613bd/libcuda.so.1.1)
==348806==    by 0xC9C97D4D: ??? (in /usr/lib/wsl/drivers/nvam.inf_amd64_7e083f37999613bd/libcuda.so.1.1)
==348806==    by 0xC9DC5FD0: ??? (in /usr/lib/wsl/drivers/nvam.inf_amd64_7e083f37999613bd/libcuda.so.1.1)
==348806==    by 0xC9DC653E: ??? (in /usr/lib/wsl/drivers/nvam.inf_amd64_7e083f37999613bd/libcuda.so.1.1)
==348806==    by 0xCB80A8E3: dxgdmalEnumAdapters (in /usr/lib/wsl/drivers/nvam.inf_amd64_7e083f37999613bd/libnvdxgdmal.so.1)
==348806==    by 0xC9D8B2FA: ??? (in /usr/lib/wsl/drivers/nvam.inf_amd64_7e083f37999613bd/libcuda.so.1.1)
==348806==    by 0xCA4D4A74: ??? (in /usr/lib/wsl/drivers/nvam.inf_amd64_7e083f37999613bd/libcuda.so.1.1)
==348806==    by 0xC9C01552: ??? (in /usr/lib/wsl/drivers/nvam.inf_amd64_7e083f37999613bd/libcuda.so.1.1)
==348806==    by 0xC9C6B121: ??? (in /usr/lib/wsl/drivers/nvam.inf_amd64_7e083f37999613bd/libcuda.so.1.1)
==348806==    by 0x4A34A75: ??? (in /usr/local/cuda-12.8/targets/x86_64-linux/lib/libcudart.so.12.8.90)
==348806==    by 0x4A39637: ??? (in /usr/local/cuda-12.8/targets/x86_64-linux/lib/libcudart.so.12.8.90)
==348806==    by 0x4F1DDEE7: __pthread_once_slow (pthread_once.c:116)
==348806== 
==348806== Conditional jump or move depends on uninitialised value(s)
==348806==    at 0xC9DC8029: ??? (in /usr/lib/wsl/drivers/nvam.inf_amd64_7e083f37999613bd/libcuda.so.1.1)
==348806==    by 0xC9C97D4D: ??? (in /usr/lib/wsl/drivers/nvam.inf_amd64_7e083f37999613bd/libcuda.so.1.1)
==348806==    by 0xC9DC5FD0: ??? (in /usr/lib/wsl/drivers/nvam.inf_amd64_7e083f37999613bd/libcuda.so.1.1)
==348806==    by 0xC9DC653E: ??? (in /usr/lib/wsl/drivers/nvam.inf_amd64_7e083f37999613bd/libcuda.so.1.1)
==348806==    by 0xCB80A8E3: dxgdmalEnumAdapters (in /usr/lib/wsl/drivers/nvam.inf_amd64_7e083f37999613bd/libnvdxgdmal.so.1)
==348806==    by 0xC9D8B2FA: ??? (in /usr/lib/wsl/drivers/nvam.inf_amd64_7e083f37999613bd/libcuda.so.1.1)
==348806==    by 0xCA4D4A74: ??? (in /usr/lib/wsl/drivers/nvam.inf_amd64_7e083f37999613bd/libcuda.so.1.1)
==348806==    by 0xC9C01552: ??? (in /usr/lib/wsl/drivers/nvam.inf_amd64_7e083f37999613bd/libcuda.so.1.1)
==348806==    by 0xC9C6B121: ??? (in /usr/lib/wsl/drivers/nvam.inf_amd64_7e083f37999613bd/libcuda.so.1.1)
==348806==    by 0x4A34A75: ??? (in /usr/local/cuda-12.8/targets/x86_64-linux/lib/libcudart.so.12.8.90)
==348806==    by 0x4A39637: ??? (in /usr/local/cuda-12.8/targets/x86_64-linux/lib/libcudart.so.12.8.90)
==348806==    by 0x4F1DDEE7: __pthread_once_slow (pthread_once.c:116)
==348806== 
==348806== Conditional jump or move depends on uninitialised value(s)
==348806==    at 0xC9C7BB9A: ??? (in /usr/lib/wsl/drivers/nvam.inf_amd64_7e083f37999613bd/libcuda.so.1.1)
==348806==    by 0xC9DC80D9: ??? (in /usr/lib/wsl/drivers/nvam.inf_amd64_7e083f37999613bd/libcuda.so.1.1)
==348806==    by 0xC9C97D4D: ??? (in /usr/lib/wsl/drivers/nvam.inf_amd64_7e083f37999613bd/libcuda.so.1.1)
==348806==    by 0xC9DC5FD0: ??? (in /usr/lib/wsl/drivers/nvam.inf_amd64_7e083f37999613bd/libcuda.so.1.1)
==348806==    by 0xC9DC653E: ??? (in /usr/lib/wsl/drivers/nvam.inf_amd64_7e083f37999613bd/libcuda.so.1.1)
==348806==    by 0xCB80A8E3: dxgdmalEnumAdapters (in /usr/lib/wsl/drivers/nvam.inf_amd64_7e083f37999613bd/libnvdxgdmal.so.1)
==348806==    by 0xC9D8B2FA: ??? (in /usr/lib/wsl/drivers/nvam.inf_amd64_7e083f37999613bd/libcuda.so.1.1)
==348806==    by 0xCA4D4A74: ??? (in /usr/lib/wsl/drivers/nvam.inf_amd64_7e083f37999613bd/libcuda.so.1.1)
==348806==    by 0xC9C01552: ??? (in /usr/lib/wsl/drivers/nvam.inf_amd64_7e083f37999613bd/libcuda.so.1.1)
==348806==    by 0xC9C6B121: ??? (in /usr/lib/wsl/drivers/nvam.inf_amd64_7e083f37999613bd/libcuda.so.1.1)
==348806==    by 0x4A34A75: ??? (in /usr/local/cuda-12.8/targets/x86_64-linux/lib/libcudart.so.12.8.90)
==348806==    by 0x4A39637: ??? (in /usr/local/cuda-12.8/targets/x86_64-linux/lib/libcudart.so.12.8.90)
==348806== 
==348806== Conditional jump or move depends on uninitialised value(s)
==348806==    at 0xCB80865B: ??? (in /usr/lib/wsl/drivers/nvam.inf_amd64_7e083f37999613bd/libnvdxgdmal.so.1)
==348806==    by 0xCA4E4B9F: ??? (in /usr/lib/wsl/drivers/nvam.inf_amd64_7e083f37999613bd/libcuda.so.1.1)
==348806==    by 0xC9DC80B2: ??? (in /usr/lib/wsl/drivers/nvam.inf_amd64_7e083f37999613bd/libcuda.so.1.1)
==348806==    by 0xC9C97D4D: ??? (in /usr/lib/wsl/drivers/nvam.inf_amd64_7e083f37999613bd/libcuda.so.1.1)
==348806==    by 0xC9DC5FD0: ??? (in /usr/lib/wsl/drivers/nvam.inf_amd64_7e083f37999613bd/libcuda.so.1.1)
==348806==    by 0xC9DC653E: ??? (in /usr/lib/wsl/drivers/nvam.inf_amd64_7e083f37999613bd/libcuda.so.1.1)
==348806==    by 0xCB80A8E3: dxgdmalEnumAdapters (in /usr/lib/wsl/drivers/nvam.inf_amd64_7e083f37999613bd/libnvdxgdmal.so.1)
==348806==    by 0xC9D8B2FA: ??? (in /usr/lib/wsl/drivers/nvam.inf_amd64_7e083f37999613bd/libcuda.so.1.1)
==348806==    by 0xCA4D4A74: ??? (in /usr/lib/wsl/drivers/nvam.inf_amd64_7e083f37999613bd/libcuda.so.1.1)
==348806==    by 0xC9C01552: ??? (in /usr/lib/wsl/drivers/nvam.inf_amd64_7e083f37999613bd/libcuda.so.1.1)
==348806==    by 0xC9C6B121: ??? (in /usr/lib/wsl/drivers/nvam.inf_amd64_7e083f37999613bd/libcuda.so.1.1)
==348806==    by 0x4A34A75: ??? (in /usr/local/cuda-12.8/targets/x86_64-linux/lib/libcudart.so.12.8.90)
==348806== 
==348806== Conditional jump or move depends on uninitialised value(s)
==348806==    at 0xCB808687: ??? (in /usr/lib/wsl/drivers/nvam.inf_amd64_7e083f37999613bd/libnvdxgdmal.so.1)
==348806==    by 0xCA4E4B9F: ??? (in /usr/lib/wsl/drivers/nvam.inf_amd64_7e083f37999613bd/libcuda.so.1.1)
==348806==    by 0xC9DC80B2: ??? (in /usr/lib/wsl/drivers/nvam.inf_amd64_7e083f37999613bd/libcuda.so.1.1)
==348806==    by 0xC9C97D4D: ??? (in /usr/lib/wsl/drivers/nvam.inf_amd64_7e083f37999613bd/libcuda.so.1.1)
==348806==    by 0xC9DC5FD0: ??? (in /usr/lib/wsl/drivers/nvam.inf_amd64_7e083f37999613bd/libcuda.so.1.1)
==348806==    by 0xC9DC653E: ??? (in /usr/lib/wsl/drivers/nvam.inf_amd64_7e083f37999613bd/libcuda.so.1.1)
==348806==    by 0xCB80A8E3: dxgdmalEnumAdapters (in /usr/lib/wsl/drivers/nvam.inf_amd64_7e083f37999613bd/libnvdxgdmal.so.1)
==348806==    by 0xC9D8B2FA: ??? (in /usr/lib/wsl/drivers/nvam.inf_amd64_7e083f37999613bd/libcuda.so.1.1)
==348806==    by 0xCA4D4A74: ??? (in /usr/lib/wsl/drivers/nvam.inf_amd64_7e083f37999613bd/libcuda.so.1.1)
==348806==    by 0xC9C01552: ??? (in /usr/lib/wsl/drivers/nvam.inf_amd64_7e083f37999613bd/libcuda.so.1.1)
==348806==    by 0xC9C6B121: ??? (in /usr/lib/wsl/drivers/nvam.inf_amd64_7e083f37999613bd/libcuda.so.1.1)
==348806==    by 0x4A34A75: ??? (in /usr/local/cuda-12.8/targets/x86_64-linux/lib/libcudart.so.12.8.90)
==348806== 
==348806== Conditional jump or move depends on uninitialised value(s)
==348806==    at 0xCB80868C: ??? (in /usr/lib/wsl/drivers/nvam.inf_amd64_7e083f37999613bd/libnvdxgdmal.so.1)
==348806==    by 0xCA4E4B9F: ??? (in /usr/lib/wsl/drivers/nvam.inf_amd64_7e083f37999613bd/libcuda.so.1.1)
==348806==    by 0xC9DC80B2: ??? (in /usr/lib/wsl/drivers/nvam.inf_amd64_7e083f37999613bd/libcuda.so.1.1)
==348806==    by 0xC9C97D4D: ??? (in /usr/lib/wsl/drivers/nvam.inf_amd64_7e083f37999613bd/libcuda.so.1.1)
==348806==    by 0xC9DC5FD0: ??? (in /usr/lib/wsl/drivers/nvam.inf_amd64_7e083f37999613bd/libcuda.so.1.1)
==348806==    by 0xC9DC653E: ??? (in /usr/lib/wsl/drivers/nvam.inf_amd64_7e083f37999613bd/libcuda.so.1.1)
==348806==    by 0xCB80A8E3: dxgdmalEnumAdapters (in /usr/lib/wsl/drivers/nvam.inf_amd64_7e083f37999613bd/libnvdxgdmal.so.1)
==348806==    by 0xC9D8B2FA: ??? (in /usr/lib/wsl/drivers/nvam.inf_amd64_7e083f37999613bd/libcuda.so.1.1)
==348806==    by 0xCA4D4A74: ??? (in /usr/lib/wsl/drivers/nvam.inf_amd64_7e083f37999613bd/libcuda.so.1.1)
==348806==    by 0xC9C01552: ??? (in /usr/lib/wsl/drivers/nvam.inf_amd64_7e083f37999613bd/libcuda.so.1.1)
==348806==    by 0xC9C6B121: ??? (in /usr/lib/wsl/drivers/nvam.inf_amd64_7e083f37999613bd/libcuda.so.1.1)
==348806==    by 0x4A34A75: ??? (in /usr/local/cuda-12.8/targets/x86_64-linux/lib/libcudart.so.12.8.90)
==348806== 
==348806== Conditional jump or move depends on uninitialised value(s)
==348806==    at 0xCB80871B: ??? (in /usr/lib/wsl/drivers/nvam.inf_amd64_7e083f37999613bd/libnvdxgdmal.so.1)
==348806==    by 0xCA4E4B9F: ??? (in /usr/lib/wsl/drivers/nvam.inf_amd64_7e083f37999613bd/libcuda.so.1.1)
==348806==    by 0xC9DC80B2: ??? (in /usr/lib/wsl/drivers/nvam.inf_amd64_7e083f37999613bd/libcuda.so.1.1)
==348806==    by 0xC9C97D4D: ??? (in /usr/lib/wsl/drivers/nvam.inf_amd64_7e083f37999613bd/libcuda.so.1.1)
==348806==    by 0xC9DC5FD0: ??? (in /usr/lib/wsl/drivers/nvam.inf_amd64_7e083f37999613bd/libcuda.so.1.1)
==348806==    by 0xC9DC653E: ??? (in /usr/lib/wsl/drivers/nvam.inf_amd64_7e083f37999613bd/libcuda.so.1.1)
==348806==    by 0xCB80A8E3: dxgdmalEnumAdapters (in /usr/lib/wsl/drivers/nvam.inf_amd64_7e083f37999613bd/libnvdxgdmal.so.1)
==348806==    by 0xC9D8B2FA: ??? (in /usr/lib/wsl/drivers/nvam.inf_amd64_7e083f37999613bd/libcuda.so.1.1)
==348806==    by 0xCA4D4A74: ??? (in /usr/lib/wsl/drivers/nvam.inf_amd64_7e083f37999613bd/libcuda.so.1.1)
==348806==    by 0xC9C01552: ??? (in /usr/lib/wsl/drivers/nvam.inf_amd64_7e083f37999613bd/libcuda.so.1.1)
==348806==    by 0xC9C6B121: ??? (in /usr/lib/wsl/drivers/nvam.inf_amd64_7e083f37999613bd/libcuda.so.1.1)
==348806==    by 0x4A34A75: ??? (in /usr/local/cuda-12.8/targets/x86_64-linux/lib/libcudart.so.12.8.90)
==348806== 
==348806== Syscall param ioctl(generic) points to uninitialised byte(s)
==348806==    at 0x4F25E94F: ioctl (ioctl.c:36)
==348806==    by 0x4F906CF3: D3DKMTCreateContextVirtual (in /usr/lib/wsl/lib/libdxcore.so)
==348806==    by 0xCB808A2B: ??? (in /usr/lib/wsl/drivers/nvam.inf_amd64_7e083f37999613bd/libnvdxgdmal.so.1)
==348806==    by 0xCA4E4B9F: ??? (in /usr/lib/wsl/drivers/nvam.inf_amd64_7e083f37999613bd/libcuda.so.1.1)
==348806==    by 0xC9DC80B2: ??? (in /usr/lib/wsl/drivers/nvam.inf_amd64_7e083f37999613bd/libcuda.so.1.1)
==348806==    by 0xC9C97D4D: ??? (in /usr/lib/wsl/drivers/nvam.inf_amd64_7e083f37999613bd/libcuda.so.1.1)
==348806==    by 0xC9DC5FD0: ??? (in /usr/lib/wsl/drivers/nvam.inf_amd64_7e083f37999613bd/libcuda.so.1.1)
==348806==    by 0xC9DC653E: ??? (in /usr/lib/wsl/drivers/nvam.inf_amd64_7e083f37999613bd/libcuda.so.1.1)
==348806==    by 0xCB80A8E3: dxgdmalEnumAdapters (in /usr/lib/wsl/drivers/nvam.inf_amd64_7e083f37999613bd/libnvdxgdmal.so.1)
==348806==    by 0xC9D8B2FA: ??? (in /usr/lib/wsl/drivers/nvam.inf_amd64_7e083f37999613bd/libcuda.so.1.1)
==348806==    by 0xCA4D4A74: ??? (in /usr/lib/wsl/drivers/nvam.inf_amd64_7e083f37999613bd/libcuda.so.1.1)
==348806==    by 0xC9C01552: ??? (in /usr/lib/wsl/drivers/nvam.inf_amd64_7e083f37999613bd/libcuda.so.1.1)
==348806==  Address 0x1ffeffac1c is on thread 1's stack
==348806== 
==348806== Use of uninitialised value of size 8
==348806==    at 0xCB8088E3: ??? (in /usr/lib/wsl/drivers/nvam.inf_amd64_7e083f37999613bd/libnvdxgdmal.so.1)
==348806==    by 0xCA4E4B9F: ??? (in /usr/lib/wsl/drivers/nvam.inf_amd64_7e083f37999613bd/libcuda.so.1.1)
==348806==    by 0xC9DC80B2: ??? (in /usr/lib/wsl/drivers/nvam.inf_amd64_7e083f37999613bd/libcuda.so.1.1)
==348806==    by 0xC9C97D4D: ??? (in /usr/lib/wsl/drivers/nvam.inf_amd64_7e083f37999613bd/libcuda.so.1.1)
==348806==    by 0xC9DC5FD0: ??? (in /usr/lib/wsl/drivers/nvam.inf_amd64_7e083f37999613bd/libcuda.so.1.1)
==348806==    by 0xC9DC653E: ??? (in /usr/lib/wsl/drivers/nvam.inf_amd64_7e083f37999613bd/libcuda.so.1.1)
==348806==    by 0xCB80A8E3: dxgdmalEnumAdapters (in /usr/lib/wsl/drivers/nvam.inf_amd64_7e083f37999613bd/libnvdxgdmal.so.1)
==348806==    by 0xC9D8B2FA: ??? (in /usr/lib/wsl/drivers/nvam.inf_amd64_7e083f37999613bd/libcuda.so.1.1)
==348806==    by 0xCA4D4A74: ??? (in /usr/lib/wsl/drivers/nvam.inf_amd64_7e083f37999613bd/libcuda.so.1.1)
==348806==    by 0xC9C01552: ??? (in /usr/lib/wsl/drivers/nvam.inf_amd64_7e083f37999613bd/libcuda.so.1.1)
==348806==    by 0xC9C6B121: ??? (in /usr/lib/wsl/drivers/nvam.inf_amd64_7e083f37999613bd/libcuda.so.1.1)
==348806==    by 0x4A34A75: ??? (in /usr/local/cuda-12.8/targets/x86_64-linux/lib/libcudart.so.12.8.90)
==348806== 
==348806== Conditional jump or move depends on uninitialised value(s)
==348806==    at 0x4848842: malloc (in /usr/libexec/valgrind/vgpreload_memcheck-amd64-linux.so)
==348806==    by 0xCA4E4C5E: ??? (in /usr/lib/wsl/drivers/nvam.inf_amd64_7e083f37999613bd/libcuda.so.1.1)
==348806==    by 0xC9DC80B2: ??? (in /usr/lib/wsl/drivers/nvam.inf_amd64_7e083f37999613bd/libcuda.so.1.1)
==348806==    by 0xC9C97D4D: ??? (in /usr/lib/wsl/drivers/nvam.inf_amd64_7e083f37999613bd/libcuda.so.1.1)
==348806==    by 0xC9DC5FD0: ??? (in /usr/lib/wsl/drivers/nvam.inf_amd64_7e083f37999613bd/libcuda.so.1.1)
==348806==    by 0xC9DC653E: ??? (in /usr/lib/wsl/drivers/nvam.inf_amd64_7e083f37999613bd/libcuda.so.1.1)
==348806==    by 0xCB80A8E3: dxgdmalEnumAdapters (in /usr/lib/wsl/drivers/nvam.inf_amd64_7e083f37999613bd/libnvdxgdmal.so.1)
==348806==    by 0xC9D8B2FA: ??? (in /usr/lib/wsl/drivers/nvam.inf_amd64_7e083f37999613bd/libcuda.so.1.1)
==348806==    by 0xCA4D4A74: ??? (in /usr/lib/wsl/drivers/nvam.inf_amd64_7e083f37999613bd/libcuda.so.1.1)
==348806==    by 0xC9C01552: ??? (in /usr/lib/wsl/drivers/nvam.inf_amd64_7e083f37999613bd/libcuda.so.1.1)
==348806==    by 0xC9C6B121: ??? (in /usr/lib/wsl/drivers/nvam.inf_amd64_7e083f37999613bd/libcuda.so.1.1)
==348806==    by 0x4A34A75: ??? (in /usr/local/cuda-12.8/targets/x86_64-linux/lib/libcudart.so.12.8.90)
==348806== 
==348806== Conditional jump or move depends on uninitialised value(s)
==348806==    at 0x48527D6: memset (in /usr/libexec/valgrind/vgpreload_memcheck-amd64-linux.so)
==348806==    by 0xCA4E4C7F: ??? (in /usr/lib/wsl/drivers/nvam.inf_amd64_7e083f37999613bd/libcuda.so.1.1)
==348806==    by 0xC9DC80B2: ??? (in /usr/lib/wsl/drivers/nvam.inf_amd64_7e083f37999613bd/libcuda.so.1.1)
==348806==    by 0xC9C97D4D: ??? (in /usr/lib/wsl/drivers/nvam.inf_amd64_7e083f37999613bd/libcuda.so.1.1)
==348806==    by 0xC9DC5FD0: ??? (in /usr/lib/wsl/drivers/nvam.inf_amd64_7e083f37999613bd/libcuda.so.1.1)
==348806==    by 0xC9DC653E: ??? (in /usr/lib/wsl/drivers/nvam.inf_amd64_7e083f37999613bd/libcuda.so.1.1)
==348806==    by 0xCB80A8E3: dxgdmalEnumAdapters (in /usr/lib/wsl/drivers/nvam.inf_amd64_7e083f37999613bd/libnvdxgdmal.so.1)
==348806==    by 0xC9D8B2FA: ??? (in /usr/lib/wsl/drivers/nvam.inf_amd64_7e083f37999613bd/libcuda.so.1.1)
==348806==    by 0xCA4D4A74: ??? (in /usr/lib/wsl/drivers/nvam.inf_amd64_7e083f37999613bd/libcuda.so.1.1)
==348806==    by 0xC9C01552: ??? (in /usr/lib/wsl/drivers/nvam.inf_amd64_7e083f37999613bd/libcuda.so.1.1)
==348806==    by 0xC9C6B121: ??? (in /usr/lib/wsl/drivers/nvam.inf_amd64_7e083f37999613bd/libcuda.so.1.1)
==348806==    by 0x4A34A75: ??? (in /usr/local/cuda-12.8/targets/x86_64-linux/lib/libcudart.so.12.8.90)
==348806== 
==348806== Conditional jump or move depends on uninitialised value(s)
==348806==    at 0x4852809: memset (in /usr/libexec/valgrind/vgpreload_memcheck-amd64-linux.so)
==348806==    by 0xCA4E4C7F: ??? (in /usr/lib/wsl/drivers/nvam.inf_amd64_7e083f37999613bd/libcuda.so.1.1)
==348806==    by 0xC9DC80B2: ??? (in /usr/lib/wsl/drivers/nvam.inf_amd64_7e083f37999613bd/libcuda.so.1.1)
==348806==    by 0xC9C97D4D: ??? (in /usr/lib/wsl/drivers/nvam.inf_amd64_7e083f37999613bd/libcuda.so.1.1)
==348806==    by 0xC9DC5FD0: ??? (in /usr/lib/wsl/drivers/nvam.inf_amd64_7e083f37999613bd/libcuda.so.1.1)
==348806==    by 0xC9DC653E: ??? (in /usr/lib/wsl/drivers/nvam.inf_amd64_7e083f37999613bd/libcuda.so.1.1)
==348806==    by 0xCB80A8E3: dxgdmalEnumAdapters (in /usr/lib/wsl/drivers/nvam.inf_amd64_7e083f37999613bd/libnvdxgdmal.so.1)
==348806==    by 0xC9D8B2FA: ??? (in /usr/lib/wsl/drivers/nvam.inf_amd64_7e083f37999613bd/libcuda.so.1.1)
==348806==    by 0xCA4D4A74: ??? (in /usr/lib/wsl/drivers/nvam.inf_amd64_7e083f37999613bd/libcuda.so.1.1)
==348806==    by 0xC9C01552: ??? (in /usr/lib/wsl/drivers/nvam.inf_amd64_7e083f37999613bd/libcuda.so.1.1)
==348806==    by 0xC9C6B121: ??? (in /usr/lib/wsl/drivers/nvam.inf_amd64_7e083f37999613bd/libcuda.so.1.1)
==348806==    by 0x4A34A75: ??? (in /usr/local/cuda-12.8/targets/x86_64-linux/lib/libcudart.so.12.8.90)
==348806== 
==348806== Conditional jump or move depends on uninitialised value(s)
==348806==    at 0x485281A: memset (in /usr/libexec/valgrind/vgpreload_memcheck-amd64-linux.so)
==348806==    by 0xCA4E4C7F: ??? (in /usr/lib/wsl/drivers/nvam.inf_amd64_7e083f37999613bd/libcuda.so.1.1)
==348806==    by 0xC9DC80B2: ??? (in /usr/lib/wsl/drivers/nvam.inf_amd64_7e083f37999613bd/libcuda.so.1.1)
==348806==    by 0xC9C97D4D: ??? (in /usr/lib/wsl/drivers/nvam.inf_amd64_7e083f37999613bd/libcuda.so.1.1)
==348806==    by 0xC9DC5FD0: ??? (in /usr/lib/wsl/drivers/nvam.inf_amd64_7e083f37999613bd/libcuda.so.1.1)
==348806==    by 0xC9DC653E: ??? (in /usr/lib/wsl/drivers/nvam.inf_amd64_7e083f37999613bd/libcuda.so.1.1)
==348806==    by 0xCB80A8E3: dxgdmalEnumAdapters (in /usr/lib/wsl/drivers/nvam.inf_amd64_7e083f37999613bd/libnvdxgdmal.so.1)
==348806==    by 0xC9D8B2FA: ??? (in /usr/lib/wsl/drivers/nvam.inf_amd64_7e083f37999613bd/libcuda.so.1.1)
==348806==    by 0xCA4D4A74: ??? (in /usr/lib/wsl/drivers/nvam.inf_amd64_7e083f37999613bd/libcuda.so.1.1)
==348806==    by 0xC9C01552: ??? (in /usr/lib/wsl/drivers/nvam.inf_amd64_7e083f37999613bd/libcuda.so.1.1)
==348806==    by 0xC9C6B121: ??? (in /usr/lib/wsl/drivers/nvam.inf_amd64_7e083f37999613bd/libcuda.so.1.1)
==348806==    by 0x4A34A75: ??? (in /usr/local/cuda-12.8/targets/x86_64-linux/lib/libcudart.so.12.8.90)
==348806== 
==348806== Use of uninitialised value of size 8
==348806==    at 0x4852824: memset (in /usr/libexec/valgrind/vgpreload_memcheck-amd64-linux.so)
==348806==    by 0xCA4E4C7F: ??? (in /usr/lib/wsl/drivers/nvam.inf_amd64_7e083f37999613bd/libcuda.so.1.1)
==348806==    by 0xC9DC80B2: ??? (in /usr/lib/wsl/drivers/nvam.inf_amd64_7e083f37999613bd/libcuda.so.1.1)
==348806==    by 0xC9C97D4D: ??? (in /usr/lib/wsl/drivers/nvam.inf_amd64_7e083f37999613bd/libcuda.so.1.1)
==348806==    by 0xC9DC5FD0: ??? (in /usr/lib/wsl/drivers/nvam.inf_amd64_7e083f37999613bd/libcuda.so.1.1)
==348806==    by 0xC9DC653E: ??? (in /usr/lib/wsl/drivers/nvam.inf_amd64_7e083f37999613bd/libcuda.so.1.1)
==348806==    by 0xCB80A8E3: dxgdmalEnumAdapters (in /usr/lib/wsl/drivers/nvam.inf_amd64_7e083f37999613bd/libnvdxgdmal.so.1)
==348806==    by 0xC9D8B2FA: ??? (in /usr/lib/wsl/drivers/nvam.inf_amd64_7e083f37999613bd/libcuda.so.1.1)
==348806==    by 0xCA4D4A74: ??? (in /usr/lib/wsl/drivers/nvam.inf_amd64_7e083f37999613bd/libcuda.so.1.1)
==348806==    by 0xC9C01552: ??? (in /usr/lib/wsl/drivers/nvam.inf_amd64_7e083f37999613bd/libcuda.so.1.1)
==348806==    by 0xC9C6B121: ??? (in /usr/lib/wsl/drivers/nvam.inf_amd64_7e083f37999613bd/libcuda.so.1.1)
==348806==    by 0x4A34A75: ??? (in /usr/local/cuda-12.8/targets/x86_64-linux/lib/libcudart.so.12.8.90)
==348806== 
==348806== Conditional jump or move depends on uninitialised value(s)
==348806==    at 0x485283A: memset (in /usr/libexec/valgrind/vgpreload_memcheck-amd64-linux.so)
==348806==    by 0xCA4E4C7F: ??? (in /usr/lib/wsl/drivers/nvam.inf_amd64_7e083f37999613bd/libcuda.so.1.1)
==348806==    by 0xC9DC80B2: ??? (in /usr/lib/wsl/drivers/nvam.inf_amd64_7e083f37999613bd/libcuda.so.1.1)
==348806==    by 0xC9C97D4D: ??? (in /usr/lib/wsl/drivers/nvam.inf_amd64_7e083f37999613bd/libcuda.so.1.1)
==348806==    by 0xC9DC5FD0: ??? (in /usr/lib/wsl/drivers/nvam.inf_amd64_7e083f37999613bd/libcuda.so.1.1)
==348806==    by 0xC9DC653E: ??? (in /usr/lib/wsl/drivers/nvam.inf_amd64_7e083f37999613bd/libcuda.so.1.1)
==348806==    by 0xCB80A8E3: dxgdmalEnumAdapters (in /usr/lib/wsl/drivers/nvam.inf_amd64_7e083f37999613bd/libnvdxgdmal.so.1)
==348806==    by 0xC9D8B2FA: ??? (in /usr/lib/wsl/drivers/nvam.inf_amd64_7e083f37999613bd/libcuda.so.1.1)
==348806==    by 0xCA4D4A74: ??? (in /usr/lib/wsl/drivers/nvam.inf_amd64_7e083f37999613bd/libcuda.so.1.1)
==348806==    by 0xC9C01552: ??? (in /usr/lib/wsl/drivers/nvam.inf_amd64_7e083f37999613bd/libcuda.so.1.1)
==348806==    by 0xC9C6B121: ??? (in /usr/lib/wsl/drivers/nvam.inf_amd64_7e083f37999613bd/libcuda.so.1.1)
==348806==    by 0x4A34A75: ??? (in /usr/local/cuda-12.8/targets/x86_64-linux/lib/libcudart.so.12.8.90)
==348806== 
==348806== Conditional jump or move depends on uninitialised value(s)
==348806==    at 0xCA4E4E4D: ??? (in /usr/lib/wsl/drivers/nvam.inf_amd64_7e083f37999613bd/libcuda.so.1.1)
==348806==    by 0xC9DC80B2: ??? (in /usr/lib/wsl/drivers/nvam.inf_amd64_7e083f37999613bd/libcuda.so.1.1)
==348806==    by 0xC9C97D4D: ??? (in /usr/lib/wsl/drivers/nvam.inf_amd64_7e083f37999613bd/libcuda.so.1.1)
==348806==    by 0xC9DC5FD0: ??? (in /usr/lib/wsl/drivers/nvam.inf_amd64_7e083f37999613bd/libcuda.so.1.1)
==348806==    by 0xC9DC653E: ??? (in /usr/lib/wsl/drivers/nvam.inf_amd64_7e083f37999613bd/libcuda.so.1.1)
==348806==    by 0xCB80A8E3: dxgdmalEnumAdapters (in /usr/lib/wsl/drivers/nvam.inf_amd64_7e083f37999613bd/libnvdxgdmal.so.1)
==348806==    by 0xC9D8B2FA: ??? (in /usr/lib/wsl/drivers/nvam.inf_amd64_7e083f37999613bd/libcuda.so.1.1)
==348806==    by 0xCA4D4A74: ??? (in /usr/lib/wsl/drivers/nvam.inf_amd64_7e083f37999613bd/libcuda.so.1.1)
==348806==    by 0xC9C01552: ??? (in /usr/lib/wsl/drivers/nvam.inf_amd64_7e083f37999613bd/libcuda.so.1.1)
==348806==    by 0xC9C6B121: ??? (in /usr/lib/wsl/drivers/nvam.inf_amd64_7e083f37999613bd/libcuda.so.1.1)
==348806==    by 0x4A34A75: ??? (in /usr/local/cuda-12.8/targets/x86_64-linux/lib/libcudart.so.12.8.90)
==348806==    by 0x4A39637: ??? (in /usr/local/cuda-12.8/targets/x86_64-linux/lib/libcudart.so.12.8.90)
==348806== 
==348806== Conditional jump or move depends on uninitialised value(s)
==348806==    at 0xCB808D82: ??? (in /usr/lib/wsl/drivers/nvam.inf_amd64_7e083f37999613bd/libnvdxgdmal.so.1)
==348806==    by 0xC9E28A1E: ??? (in /usr/lib/wsl/drivers/nvam.inf_amd64_7e083f37999613bd/libcuda.so.1.1)
==348806==    by 0xC9C97D89: ??? (in /usr/lib/wsl/drivers/nvam.inf_amd64_7e083f37999613bd/libcuda.so.1.1)
==348806==    by 0xC9DC5FD0: ??? (in /usr/lib/wsl/drivers/nvam.inf_amd64_7e083f37999613bd/libcuda.so.1.1)
==348806==    by 0xC9DC653E: ??? (in /usr/lib/wsl/drivers/nvam.inf_amd64_7e083f37999613bd/libcuda.so.1.1)
==348806==    by 0xCB80A8E3: dxgdmalEnumAdapters (in /usr/lib/wsl/drivers/nvam.inf_amd64_7e083f37999613bd/libnvdxgdmal.so.1)
==348806==    by 0xC9D8B2FA: ??? (in /usr/lib/wsl/drivers/nvam.inf_amd64_7e083f37999613bd/libcuda.so.1.1)
==348806==    by 0xCA4D4A74: ??? (in /usr/lib/wsl/drivers/nvam.inf_amd64_7e083f37999613bd/libcuda.so.1.1)
==348806==    by 0xC9C01552: ??? (in /usr/lib/wsl/drivers/nvam.inf_amd64_7e083f37999613bd/libcuda.so.1.1)
==348806==    by 0xC9C6B121: ??? (in /usr/lib/wsl/drivers/nvam.inf_amd64_7e083f37999613bd/libcuda.so.1.1)
==348806==    by 0x4A34A75: ??? (in /usr/local/cuda-12.8/targets/x86_64-linux/lib/libcudart.so.12.8.90)
==348806==    by 0x4A39637: ??? (in /usr/local/cuda-12.8/targets/x86_64-linux/lib/libcudart.so.12.8.90)
==348806== 
==348806== Conditional jump or move depends on uninitialised value(s)
==348806==    at 0xCB808D8E: ??? (in /usr/lib/wsl/drivers/nvam.inf_amd64_7e083f37999613bd/libnvdxgdmal.so.1)
==348806==    by 0xC9E28A1E: ??? (in /usr/lib/wsl/drivers/nvam.inf_amd64_7e083f37999613bd/libcuda.so.1.1)
==348806==    by 0xC9C97D89: ??? (in /usr/lib/wsl/drivers/nvam.inf_amd64_7e083f37999613bd/libcuda.so.1.1)
==348806==    by 0xC9DC5FD0: ??? (in /usr/lib/wsl/drivers/nvam.inf_amd64_7e083f37999613bd/libcuda.so.1.1)
==348806==    by 0xC9DC653E: ??? (in /usr/lib/wsl/drivers/nvam.inf_amd64_7e083f37999613bd/libcuda.so.1.1)
==348806==    by 0xCB80A8E3: dxgdmalEnumAdapters (in /usr/lib/wsl/drivers/nvam.inf_amd64_7e083f37999613bd/libnvdxgdmal.so.1)
==348806==    by 0xC9D8B2FA: ??? (in /usr/lib/wsl/drivers/nvam.inf_amd64_7e083f37999613bd/libcuda.so.1.1)
==348806==    by 0xCA4D4A74: ??? (in /usr/lib/wsl/drivers/nvam.inf_amd64_7e083f37999613bd/libcuda.so.1.1)
==348806==    by 0xC9C01552: ??? (in /usr/lib/wsl/drivers/nvam.inf_amd64_7e083f37999613bd/libcuda.so.1.1)
==348806==    by 0xC9C6B121: ??? (in /usr/lib/wsl/drivers/nvam.inf_amd64_7e083f37999613bd/libcuda.so.1.1)
==348806==    by 0x4A34A75: ??? (in /usr/local/cuda-12.8/targets/x86_64-linux/lib/libcudart.so.12.8.90)
==348806==    by 0x4A39637: ??? (in /usr/local/cuda-12.8/targets/x86_64-linux/lib/libcudart.so.12.8.90)
==348806== 
==348806== Conditional jump or move depends on uninitialised value(s)
==348806==    at 0xCB808F70: ??? (in /usr/lib/wsl/drivers/nvam.inf_amd64_7e083f37999613bd/libnvdxgdmal.so.1)
==348806==    by 0xC9E28A1E: ??? (in /usr/lib/wsl/drivers/nvam.inf_amd64_7e083f37999613bd/libcuda.so.1.1)
==348806==    by 0xC9C97D89: ??? (in /usr/lib/wsl/drivers/nvam.inf_amd64_7e083f37999613bd/libcuda.so.1.1)
==348806==    by 0xC9DC5FD0: ??? (in /usr/lib/wsl/drivers/nvam.inf_amd64_7e083f37999613bd/libcuda.so.1.1)
==348806==    by 0xC9DC653E: ??? (in /usr/lib/wsl/drivers/nvam.inf_amd64_7e083f37999613bd/libcuda.so.1.1)
==348806==    by 0xCB80A8E3: dxgdmalEnumAdapters (in /usr/lib/wsl/drivers/nvam.inf_amd64_7e083f37999613bd/libnvdxgdmal.so.1)
==348806==    by 0xC9D8B2FA: ??? (in /usr/lib/wsl/drivers/nvam.inf_amd64_7e083f37999613bd/libcuda.so.1.1)
==348806==    by 0xCA4D4A74: ??? (in /usr/lib/wsl/drivers/nvam.inf_amd64_7e083f37999613bd/libcuda.so.1.1)
==348806==    by 0xC9C01552: ??? (in /usr/lib/wsl/drivers/nvam.inf_amd64_7e083f37999613bd/libcuda.so.1.1)
==348806==    by 0xC9C6B121: ??? (in /usr/lib/wsl/drivers/nvam.inf_amd64_7e083f37999613bd/libcuda.so.1.1)
==348806==    by 0x4A34A75: ??? (in /usr/local/cuda-12.8/targets/x86_64-linux/lib/libcudart.so.12.8.90)
==348806==    by 0x4A39637: ??? (in /usr/local/cuda-12.8/targets/x86_64-linux/lib/libcudart.so.12.8.90)
==348806== 
==348806== Conditional jump or move depends on uninitialised value(s)
==348806==    at 0xCB808FD6: ??? (in /usr/lib/wsl/drivers/nvam.inf_amd64_7e083f37999613bd/libnvdxgdmal.so.1)
==348806==    by 0xC9E28A1E: ??? (in /usr/lib/wsl/drivers/nvam.inf_amd64_7e083f37999613bd/libcuda.so.1.1)
==348806==    by 0xC9C97D89: ??? (in /usr/lib/wsl/drivers/nvam.inf_amd64_7e083f37999613bd/libcuda.so.1.1)
==348806==    by 0xC9DC5FD0: ??? (in /usr/lib/wsl/drivers/nvam.inf_amd64_7e083f37999613bd/libcuda.so.1.1)
==348806==    by 0xC9DC653E: ??? (in /usr/lib/wsl/drivers/nvam.inf_amd64_7e083f37999613bd/libcuda.so.1.1)
==348806==    by 0xCB80A8E3: dxgdmalEnumAdapters (in /usr/lib/wsl/drivers/nvam.inf_amd64_7e083f37999613bd/libnvdxgdmal.so.1)
==348806==    by 0xC9D8B2FA: ??? (in /usr/lib/wsl/drivers/nvam.inf_amd64_7e083f37999613bd/libcuda.so.1.1)
==348806==    by 0xCA4D4A74: ??? (in /usr/lib/wsl/drivers/nvam.inf_amd64_7e083f37999613bd/libcuda.so.1.1)
==348806==    by 0xC9C01552: ??? (in /usr/lib/wsl/drivers/nvam.inf_amd64_7e083f37999613bd/libcuda.so.1.1)
==348806==    by 0xC9C6B121: ??? (in /usr/lib/wsl/drivers/nvam.inf_amd64_7e083f37999613bd/libcuda.so.1.1)
==348806==    by 0x4A34A75: ??? (in /usr/local/cuda-12.8/targets/x86_64-linux/lib/libcudart.so.12.8.90)
==348806==    by 0x4A39637: ??? (in /usr/local/cuda-12.8/targets/x86_64-linux/lib/libcudart.so.12.8.90)
==348806== 
==348806== Conditional jump or move depends on uninitialised value(s)
==348806==    at 0xCB809097: ??? (in /usr/lib/wsl/drivers/nvam.inf_amd64_7e083f37999613bd/libnvdxgdmal.so.1)
==348806==    by 0xC9E28A1E: ??? (in /usr/lib/wsl/drivers/nvam.inf_amd64_7e083f37999613bd/libcuda.so.1.1)
==348806==    by 0xC9C97D89: ??? (in /usr/lib/wsl/drivers/nvam.inf_amd64_7e083f37999613bd/libcuda.so.1.1)
==348806==    by 0xC9DC5FD0: ??? (in /usr/lib/wsl/drivers/nvam.inf_amd64_7e083f37999613bd/libcuda.so.1.1)
==348806==    by 0xC9DC653E: ??? (in /usr/lib/wsl/drivers/nvam.inf_amd64_7e083f37999613bd/libcuda.so.1.1)
==348806==    by 0xCB80A8E3: dxgdmalEnumAdapters (in /usr/lib/wsl/drivers/nvam.inf_amd64_7e083f37999613bd/libnvdxgdmal.so.1)
==348806==    by 0xC9D8B2FA: ??? (in /usr/lib/wsl/drivers/nvam.inf_amd64_7e083f37999613bd/libcuda.so.1.1)
==348806==    by 0xCA4D4A74: ??? (in /usr/lib/wsl/drivers/nvam.inf_amd64_7e083f37999613bd/libcuda.so.1.1)
==348806==    by 0xC9C01552: ??? (in /usr/lib/wsl/drivers/nvam.inf_amd64_7e083f37999613bd/libcuda.so.1.1)
==348806==    by 0xC9C6B121: ??? (in /usr/lib/wsl/drivers/nvam.inf_amd64_7e083f37999613bd/libcuda.so.1.1)
==348806==    by 0x4A34A75: ??? (in /usr/local/cuda-12.8/targets/x86_64-linux/lib/libcudart.so.12.8.90)
==348806==    by 0x4A39637: ??? (in /usr/local/cuda-12.8/targets/x86_64-linux/lib/libcudart.so.12.8.90)
==348806== 
==348806== Conditional jump or move depends on uninitialised value(s)
==348806==    at 0xCB809216: ??? (in /usr/lib/wsl/drivers/nvam.inf_amd64_7e083f37999613bd/libnvdxgdmal.so.1)
==348806==    by 0xC9E28A1E: ??? (in /usr/lib/wsl/drivers/nvam.inf_amd64_7e083f37999613bd/libcuda.so.1.1)
==348806==    by 0xC9C97D89: ??? (in /usr/lib/wsl/drivers/nvam.inf_amd64_7e083f37999613bd/libcuda.so.1.1)
==348806==    by 0xC9DC5FD0: ??? (in /usr/lib/wsl/drivers/nvam.inf_amd64_7e083f37999613bd/libcuda.so.1.1)
==348806==    by 0xC9DC653E: ??? (in /usr/lib/wsl/drivers/nvam.inf_amd64_7e083f37999613bd/libcuda.so.1.1)
==348806==    by 0xCB80A8E3: dxgdmalEnumAdapters (in /usr/lib/wsl/drivers/nvam.inf_amd64_7e083f37999613bd/libnvdxgdmal.so.1)
==348806==    by 0xC9D8B2FA: ??? (in /usr/lib/wsl/drivers/nvam.inf_amd64_7e083f37999613bd/libcuda.so.1.1)
==348806==    by 0xCA4D4A74: ??? (in /usr/lib/wsl/drivers/nvam.inf_amd64_7e083f37999613bd/libcuda.so.1.1)
==348806==    by 0xC9C01552: ??? (in /usr/lib/wsl/drivers/nvam.inf_amd64_7e083f37999613bd/libcuda.so.1.1)
==348806==    by 0xC9C6B121: ??? (in /usr/lib/wsl/drivers/nvam.inf_amd64_7e083f37999613bd/libcuda.so.1.1)
==348806==    by 0x4A34A75: ??? (in /usr/local/cuda-12.8/targets/x86_64-linux/lib/libcudart.so.12.8.90)
==348806==    by 0x4A39637: ??? (in /usr/local/cuda-12.8/targets/x86_64-linux/lib/libcudart.so.12.8.90)
==348806== 
==348806== Use of uninitialised value of size 8
==348806==    at 0xCB80921F: ??? (in /usr/lib/wsl/drivers/nvam.inf_amd64_7e083f37999613bd/libnvdxgdmal.so.1)
==348806==    by 0xC9E28A1E: ??? (in /usr/lib/wsl/drivers/nvam.inf_amd64_7e083f37999613bd/libcuda.so.1.1)
==348806==    by 0xC9C97D89: ??? (in /usr/lib/wsl/drivers/nvam.inf_amd64_7e083f37999613bd/libcuda.so.1.1)
==348806==    by 0xC9DC5FD0: ??? (in /usr/lib/wsl/drivers/nvam.inf_amd64_7e083f37999613bd/libcuda.so.1.1)
==348806==    by 0xC9DC653E: ??? (in /usr/lib/wsl/drivers/nvam.inf_amd64_7e083f37999613bd/libcuda.so.1.1)
==348806==    by 0xCB80A8E3: dxgdmalEnumAdapters (in /usr/lib/wsl/drivers/nvam.inf_amd64_7e083f37999613bd/libnvdxgdmal.so.1)
==348806==    by 0xC9D8B2FA: ??? (in /usr/lib/wsl/drivers/nvam.inf_amd64_7e083f37999613bd/libcuda.so.1.1)
==348806==    by 0xCA4D4A74: ??? (in /usr/lib/wsl/drivers/nvam.inf_amd64_7e083f37999613bd/libcuda.so.1.1)
==348806==    by 0xC9C01552: ??? (in /usr/lib/wsl/drivers/nvam.inf_amd64_7e083f37999613bd/libcuda.so.1.1)
==348806==    by 0xC9C6B121: ??? (in /usr/lib/wsl/drivers/nvam.inf_amd64_7e083f37999613bd/libcuda.so.1.1)
==348806==    by 0x4A34A75: ??? (in /usr/local/cuda-12.8/targets/x86_64-linux/lib/libcudart.so.12.8.90)
==348806==    by 0x4A39637: ??? (in /usr/local/cuda-12.8/targets/x86_64-linux/lib/libcudart.so.12.8.90)
==348806== 
==348806== Conditional jump or move depends on uninitialised value(s)
==348806==    at 0xCB8095EB: ??? (in /usr/lib/wsl/drivers/nvam.inf_amd64_7e083f37999613bd/libnvdxgdmal.so.1)
==348806==    by 0xC9E28A1E: ??? (in /usr/lib/wsl/drivers/nvam.inf_amd64_7e083f37999613bd/libcuda.so.1.1)
==348806==    by 0xC9C97D89: ??? (in /usr/lib/wsl/drivers/nvam.inf_amd64_7e083f37999613bd/libcuda.so.1.1)
==348806==    by 0xC9DC5FD0: ??? (in /usr/lib/wsl/drivers/nvam.inf_amd64_7e083f37999613bd/libcuda.so.1.1)
==348806==    by 0xC9DC653E: ??? (in /usr/lib/wsl/drivers/nvam.inf_amd64_7e083f37999613bd/libcuda.so.1.1)
==348806==    by 0xCB80A8E3: dxgdmalEnumAdapters (in /usr/lib/wsl/drivers/nvam.inf_amd64_7e083f37999613bd/libnvdxgdmal.so.1)
==348806==    by 0xC9D8B2FA: ??? (in /usr/lib/wsl/drivers/nvam.inf_amd64_7e083f37999613bd/libcuda.so.1.1)
==348806==    by 0xCA4D4A74: ??? (in /usr/lib/wsl/drivers/nvam.inf_amd64_7e083f37999613bd/libcuda.so.1.1)
==348806==    by 0xC9C01552: ??? (in /usr/lib/wsl/drivers/nvam.inf_amd64_7e083f37999613bd/libcuda.so.1.1)
==348806==    by 0xC9C6B121: ??? (in /usr/lib/wsl/drivers/nvam.inf_amd64_7e083f37999613bd/libcuda.so.1.1)
==348806==    by 0x4A34A75: ??? (in /usr/local/cuda-12.8/targets/x86_64-linux/lib/libcudart.so.12.8.90)
==348806==    by 0x4A39637: ??? (in /usr/local/cuda-12.8/targets/x86_64-linux/lib/libcudart.so.12.8.90)
==348806== 
==348806== Conditional jump or move depends on uninitialised value(s)
==348806==    at 0xCB80966C: ??? (in /usr/lib/wsl/drivers/nvam.inf_amd64_7e083f37999613bd/libnvdxgdmal.so.1)
==348806==    by 0xC9E28A1E: ??? (in /usr/lib/wsl/drivers/nvam.inf_amd64_7e083f37999613bd/libcuda.so.1.1)
==348806==    by 0xC9C97D89: ??? (in /usr/lib/wsl/drivers/nvam.inf_amd64_7e083f37999613bd/libcuda.so.1.1)
==348806==    by 0xC9DC5FD0: ??? (in /usr/lib/wsl/drivers/nvam.inf_amd64_7e083f37999613bd/libcuda.so.1.1)
==348806==    by 0xC9DC653E: ??? (in /usr/lib/wsl/drivers/nvam.inf_amd64_7e083f37999613bd/libcuda.so.1.1)
==348806==    by 0xCB80A8E3: dxgdmalEnumAdapters (in /usr/lib/wsl/drivers/nvam.inf_amd64_7e083f37999613bd/libnvdxgdmal.so.1)
==348806==    by 0xC9D8B2FA: ??? (in /usr/lib/wsl/drivers/nvam.inf_amd64_7e083f37999613bd/libcuda.so.1.1)
==348806==    by 0xCA4D4A74: ??? (in /usr/lib/wsl/drivers/nvam.inf_amd64_7e083f37999613bd/libcuda.so.1.1)
==348806==    by 0xC9C01552: ??? (in /usr/lib/wsl/drivers/nvam.inf_amd64_7e083f37999613bd/libcuda.so.1.1)
==348806==    by 0xC9C6B121: ??? (in /usr/lib/wsl/drivers/nvam.inf_amd64_7e083f37999613bd/libcuda.so.1.1)
==348806==    by 0x4A34A75: ??? (in /usr/local/cuda-12.8/targets/x86_64-linux/lib/libcudart.so.12.8.90)
==348806==    by 0x4A39637: ??? (in /usr/local/cuda-12.8/targets/x86_64-linux/lib/libcudart.so.12.8.90)
==348806== 
==348806== Use of uninitialised value of size 8
==348806==    at 0xCB809679: ??? (in /usr/lib/wsl/drivers/nvam.inf_amd64_7e083f37999613bd/libnvdxgdmal.so.1)
==348806==    by 0xC9E28A1E: ??? (in /usr/lib/wsl/drivers/nvam.inf_amd64_7e083f37999613bd/libcuda.so.1.1)
==348806==    by 0xC9C97D89: ??? (in /usr/lib/wsl/drivers/nvam.inf_amd64_7e083f37999613bd/libcuda.so.1.1)
==348806==    by 0xC9DC5FD0: ??? (in /usr/lib/wsl/drivers/nvam.inf_amd64_7e083f37999613bd/libcuda.so.1.1)
==348806==    by 0xC9DC653E: ??? (in /usr/lib/wsl/drivers/nvam.inf_amd64_7e083f37999613bd/libcuda.so.1.1)
==348806==    by 0xCB80A8E3: dxgdmalEnumAdapters (in /usr/lib/wsl/drivers/nvam.inf_amd64_7e083f37999613bd/libnvdxgdmal.so.1)
==348806==    by 0xC9D8B2FA: ??? (in /usr/lib/wsl/drivers/nvam.inf_amd64_7e083f37999613bd/libcuda.so.1.1)
==348806==    by 0xCA4D4A74: ??? (in /usr/lib/wsl/drivers/nvam.inf_amd64_7e083f37999613bd/libcuda.so.1.1)
==348806==    by 0xC9C01552: ??? (in /usr/lib/wsl/drivers/nvam.inf_amd64_7e083f37999613bd/libcuda.so.1.1)
==348806==    by 0xC9C6B121: ??? (in /usr/lib/wsl/drivers/nvam.inf_amd64_7e083f37999613bd/libcuda.so.1.1)
==348806==    by 0x4A34A75: ??? (in /usr/local/cuda-12.8/targets/x86_64-linux/lib/libcudart.so.12.8.90)
==348806==    by 0x4A39637: ??? (in /usr/local/cuda-12.8/targets/x86_64-linux/lib/libcudart.so.12.8.90)
==348806== 
==348806== Conditional jump or move depends on uninitialised value(s)
==348806==    at 0xCB80969F: ??? (in /usr/lib/wsl/drivers/nvam.inf_amd64_7e083f37999613bd/libnvdxgdmal.so.1)
==348806==    by 0xC9E28A1E: ??? (in /usr/lib/wsl/drivers/nvam.inf_amd64_7e083f37999613bd/libcuda.so.1.1)
==348806==    by 0xC9C97D89: ??? (in /usr/lib/wsl/drivers/nvam.inf_amd64_7e083f37999613bd/libcuda.so.1.1)
==348806==    by 0xC9DC5FD0: ??? (in /usr/lib/wsl/drivers/nvam.inf_amd64_7e083f37999613bd/libcuda.so.1.1)
==348806==    by 0xC9DC653E: ??? (in /usr/lib/wsl/drivers/nvam.inf_amd64_7e083f37999613bd/libcuda.so.1.1)
==348806==    by 0xCB80A8E3: dxgdmalEnumAdapters (in /usr/lib/wsl/drivers/nvam.inf_amd64_7e083f37999613bd/libnvdxgdmal.so.1)
==348806==    by 0xC9D8B2FA: ??? (in /usr/lib/wsl/drivers/nvam.inf_amd64_7e083f37999613bd/libcuda.so.1.1)
==348806==    by 0xCA4D4A74: ??? (in /usr/lib/wsl/drivers/nvam.inf_amd64_7e083f37999613bd/libcuda.so.1.1)
==348806==    by 0xC9C01552: ??? (in /usr/lib/wsl/drivers/nvam.inf_amd64_7e083f37999613bd/libcuda.so.1.1)
==348806==    by 0xC9C6B121: ??? (in /usr/lib/wsl/drivers/nvam.inf_amd64_7e083f37999613bd/libcuda.so.1.1)
==348806==    by 0x4A34A75: ??? (in /usr/local/cuda-12.8/targets/x86_64-linux/lib/libcudart.so.12.8.90)
==348806==    by 0x4A39637: ??? (in /usr/local/cuda-12.8/targets/x86_64-linux/lib/libcudart.so.12.8.90)
==348806== 
==348806== Use of uninitialised value of size 8
==348806==    at 0xCB8096A5: ??? (in /usr/lib/wsl/drivers/nvam.inf_amd64_7e083f37999613bd/libnvdxgdmal.so.1)
==348806==    by 0xC9E28A1E: ??? (in /usr/lib/wsl/drivers/nvam.inf_amd64_7e083f37999613bd/libcuda.so.1.1)
==348806==    by 0xC9C97D89: ??? (in /usr/lib/wsl/drivers/nvam.inf_amd64_7e083f37999613bd/libcuda.so.1.1)
==348806==    by 0xC9DC5FD0: ??? (in /usr/lib/wsl/drivers/nvam.inf_amd64_7e083f37999613bd/libcuda.so.1.1)
==348806==    by 0xC9DC653E: ??? (in /usr/lib/wsl/drivers/nvam.inf_amd64_7e083f37999613bd/libcuda.so.1.1)
==348806==    by 0xCB80A8E3: dxgdmalEnumAdapters (in /usr/lib/wsl/drivers/nvam.inf_amd64_7e083f37999613bd/libnvdxgdmal.so.1)
==348806==    by 0xC9D8B2FA: ??? (in /usr/lib/wsl/drivers/nvam.inf_amd64_7e083f37999613bd/libcuda.so.1.1)
==348806==    by 0xCA4D4A74: ??? (in /usr/lib/wsl/drivers/nvam.inf_amd64_7e083f37999613bd/libcuda.so.1.1)
==348806==    by 0xC9C01552: ??? (in /usr/lib/wsl/drivers/nvam.inf_amd64_7e083f37999613bd/libcuda.so.1.1)
==348806==    by 0xC9C6B121: ??? (in /usr/lib/wsl/drivers/nvam.inf_amd64_7e083f37999613bd/libcuda.so.1.1)
==348806==    by 0x4A34A75: ??? (in /usr/local/cuda-12.8/targets/x86_64-linux/lib/libcudart.so.12.8.90)
==348806==    by 0x4A39637: ??? (in /usr/local/cuda-12.8/targets/x86_64-linux/lib/libcudart.so.12.8.90)
==348806== 
==348806== Conditional jump or move depends on uninitialised value(s)
==348806==    at 0xCB8096E0: ??? (in /usr/lib/wsl/drivers/nvam.inf_amd64_7e083f37999613bd/libnvdxgdmal.so.1)
==348806==    by 0xC9E28A1E: ??? (in /usr/lib/wsl/drivers/nvam.inf_amd64_7e083f37999613bd/libcuda.so.1.1)
==348806==    by 0xC9C97D89: ??? (in /usr/lib/wsl/drivers/nvam.inf_amd64_7e083f37999613bd/libcuda.so.1.1)
==348806==    by 0xC9DC5FD0: ??? (in /usr/lib/wsl/drivers/nvam.inf_amd64_7e083f37999613bd/libcuda.so.1.1)
==348806==    by 0xC9DC653E: ??? (in /usr/lib/wsl/drivers/nvam.inf_amd64_7e083f37999613bd/libcuda.so.1.1)
==348806==    by 0xCB80A8E3: dxgdmalEnumAdapters (in /usr/lib/wsl/drivers/nvam.inf_amd64_7e083f37999613bd/libnvdxgdmal.so.1)
==348806==    by 0xC9D8B2FA: ??? (in /usr/lib/wsl/drivers/nvam.inf_amd64_7e083f37999613bd/libcuda.so.1.1)
==348806==    by 0xCA4D4A74: ??? (in /usr/lib/wsl/drivers/nvam.inf_amd64_7e083f37999613bd/libcuda.so.1.1)
==348806==    by 0xC9C01552: ??? (in /usr/lib/wsl/drivers/nvam.inf_amd64_7e083f37999613bd/libcuda.so.1.1)
==348806==    by 0xC9C6B121: ??? (in /usr/lib/wsl/drivers/nvam.inf_amd64_7e083f37999613bd/libcuda.so.1.1)
==348806==    by 0x4A34A75: ??? (in /usr/local/cuda-12.8/targets/x86_64-linux/lib/libcudart.so.12.8.90)
==348806==    by 0x4A39637: ??? (in /usr/local/cuda-12.8/targets/x86_64-linux/lib/libcudart.so.12.8.90)
==348806== 
==348806== Use of uninitialised value of size 8
==348806==    at 0xCB8096E6: ??? (in /usr/lib/wsl/drivers/nvam.inf_amd64_7e083f37999613bd/libnvdxgdmal.so.1)
==348806==    by 0xC9E28A1E: ??? (in /usr/lib/wsl/drivers/nvam.inf_amd64_7e083f37999613bd/libcuda.so.1.1)
==348806==    by 0xC9C97D89: ??? (in /usr/lib/wsl/drivers/nvam.inf_amd64_7e083f37999613bd/libcuda.so.1.1)
==348806==    by 0xC9DC5FD0: ??? (in /usr/lib/wsl/drivers/nvam.inf_amd64_7e083f37999613bd/libcuda.so.1.1)
==348806==    by 0xC9DC653E: ??? (in /usr/lib/wsl/drivers/nvam.inf_amd64_7e083f37999613bd/libcuda.so.1.1)
==348806==    by 0xCB80A8E3: dxgdmalEnumAdapters (in /usr/lib/wsl/drivers/nvam.inf_amd64_7e083f37999613bd/libnvdxgdmal.so.1)
==348806==    by 0xC9D8B2FA: ??? (in /usr/lib/wsl/drivers/nvam.inf_amd64_7e083f37999613bd/libcuda.so.1.1)
==348806==    by 0xCA4D4A74: ??? (in /usr/lib/wsl/drivers/nvam.inf_amd64_7e083f37999613bd/libcuda.so.1.1)
==348806==    by 0xC9C01552: ??? (in /usr/lib/wsl/drivers/nvam.inf_amd64_7e083f37999613bd/libcuda.so.1.1)
==348806==    by 0xC9C6B121: ??? (in /usr/lib/wsl/drivers/nvam.inf_amd64_7e083f37999613bd/libcuda.so.1.1)
==348806==    by 0x4A34A75: ??? (in /usr/local/cuda-12.8/targets/x86_64-linux/lib/libcudart.so.12.8.90)
==348806==    by 0x4A39637: ??? (in /usr/local/cuda-12.8/targets/x86_64-linux/lib/libcudart.so.12.8.90)
==348806== 
==348806== Conditional jump or move depends on uninitialised value(s)
==348806==    at 0xCB809720: ??? (in /usr/lib/wsl/drivers/nvam.inf_amd64_7e083f37999613bd/libnvdxgdmal.so.1)
==348806==    by 0xC9E28A1E: ??? (in /usr/lib/wsl/drivers/nvam.inf_amd64_7e083f37999613bd/libcuda.so.1.1)
==348806==    by 0xC9C97D89: ??? (in /usr/lib/wsl/drivers/nvam.inf_amd64_7e083f37999613bd/libcuda.so.1.1)
==348806==    by 0xC9DC5FD0: ??? (in /usr/lib/wsl/drivers/nvam.inf_amd64_7e083f37999613bd/libcuda.so.1.1)
==348806==    by 0xC9DC653E: ??? (in /usr/lib/wsl/drivers/nvam.inf_amd64_7e083f37999613bd/libcuda.so.1.1)
==348806==    by 0xCB80A8E3: dxgdmalEnumAdapters (in /usr/lib/wsl/drivers/nvam.inf_amd64_7e083f37999613bd/libnvdxgdmal.so.1)
==348806==    by 0xC9D8B2FA: ??? (in /usr/lib/wsl/drivers/nvam.inf_amd64_7e083f37999613bd/libcuda.so.1.1)
==348806==    by 0xCA4D4A74: ??? (in /usr/lib/wsl/drivers/nvam.inf_amd64_7e083f37999613bd/libcuda.so.1.1)
==348806==    by 0xC9C01552: ??? (in /usr/lib/wsl/drivers/nvam.inf_amd64_7e083f37999613bd/libcuda.so.1.1)
==348806==    by 0xC9C6B121: ??? (in /usr/lib/wsl/drivers/nvam.inf_amd64_7e083f37999613bd/libcuda.so.1.1)
==348806==    by 0x4A34A75: ??? (in /usr/local/cuda-12.8/targets/x86_64-linux/lib/libcudart.so.12.8.90)
==348806==    by 0x4A39637: ??? (in /usr/local/cuda-12.8/targets/x86_64-linux/lib/libcudart.so.12.8.90)
==348806== 
==348806== Use of uninitialised value of size 8
==348806==    at 0xCB809726: ??? (in /usr/lib/wsl/drivers/nvam.inf_amd64_7e083f37999613bd/libnvdxgdmal.so.1)
==348806==    by 0xC9E28A1E: ??? (in /usr/lib/wsl/drivers/nvam.inf_amd64_7e083f37999613bd/libcuda.so.1.1)
==348806==    by 0xC9C97D89: ??? (in /usr/lib/wsl/drivers/nvam.inf_amd64_7e083f37999613bd/libcuda.so.1.1)
==348806==    by 0xC9DC5FD0: ??? (in /usr/lib/wsl/drivers/nvam.inf_amd64_7e083f37999613bd/libcuda.so.1.1)
==348806==    by 0xC9DC653E: ??? (in /usr/lib/wsl/drivers/nvam.inf_amd64_7e083f37999613bd/libcuda.so.1.1)
==348806==    by 0xCB80A8E3: dxgdmalEnumAdapters (in /usr/lib/wsl/drivers/nvam.inf_amd64_7e083f37999613bd/libnvdxgdmal.so.1)
==348806==    by 0xC9D8B2FA: ??? (in /usr/lib/wsl/drivers/nvam.inf_amd64_7e083f37999613bd/libcuda.so.1.1)
==348806==    by 0xCA4D4A74: ??? (in /usr/lib/wsl/drivers/nvam.inf_amd64_7e083f37999613bd/libcuda.so.1.1)
==348806==    by 0xC9C01552: ??? (in /usr/lib/wsl/drivers/nvam.inf_amd64_7e083f37999613bd/libcuda.so.1.1)
==348806==    by 0xC9C6B121: ??? (in /usr/lib/wsl/drivers/nvam.inf_amd64_7e083f37999613bd/libcuda.so.1.1)
==348806==    by 0x4A34A75: ??? (in /usr/local/cuda-12.8/targets/x86_64-linux/lib/libcudart.so.12.8.90)
==348806==    by 0x4A39637: ??? (in /usr/local/cuda-12.8/targets/x86_64-linux/lib/libcudart.so.12.8.90)
==348806== 
==348806== Conditional jump or move depends on uninitialised value(s)
==348806==    at 0xCB8095BC: ??? (in /usr/lib/wsl/drivers/nvam.inf_amd64_7e083f37999613bd/libnvdxgdmal.so.1)
==348806==    by 0xC9E28A1E: ??? (in /usr/lib/wsl/drivers/nvam.inf_amd64_7e083f37999613bd/libcuda.so.1.1)
==348806==    by 0xC9C97D89: ??? (in /usr/lib/wsl/drivers/nvam.inf_amd64_7e083f37999613bd/libcuda.so.1.1)
==348806==    by 0xC9DC5FD0: ??? (in /usr/lib/wsl/drivers/nvam.inf_amd64_7e083f37999613bd/libcuda.so.1.1)
==348806==    by 0xC9DC653E: ??? (in /usr/lib/wsl/drivers/nvam.inf_amd64_7e083f37999613bd/libcuda.so.1.1)
==348806==    by 0xCB80A8E3: dxgdmalEnumAdapters (in /usr/lib/wsl/drivers/nvam.inf_amd64_7e083f37999613bd/libnvdxgdmal.so.1)
==348806==    by 0xC9D8B2FA: ??? (in /usr/lib/wsl/drivers/nvam.inf_amd64_7e083f37999613bd/libcuda.so.1.1)
==348806==    by 0xCA4D4A74: ??? (in /usr/lib/wsl/drivers/nvam.inf_amd64_7e083f37999613bd/libcuda.so.1.1)
==348806==    by 0xC9C01552: ??? (in /usr/lib/wsl/drivers/nvam.inf_amd64_7e083f37999613bd/libcuda.so.1.1)
==348806==    by 0xC9C6B121: ??? (in /usr/lib/wsl/drivers/nvam.inf_amd64_7e083f37999613bd/libcuda.so.1.1)
==348806==    by 0x4A34A75: ??? (in /usr/local/cuda-12.8/targets/x86_64-linux/lib/libcudart.so.12.8.90)
==348806==    by 0x4A39637: ??? (in /usr/local/cuda-12.8/targets/x86_64-linux/lib/libcudart.so.12.8.90)
==348806== 
==348806== Conditional jump or move depends on uninitialised value(s)
==348806==    at 0xCB80991D: ??? (in /usr/lib/wsl/drivers/nvam.inf_amd64_7e083f37999613bd/libnvdxgdmal.so.1)
==348806==    by 0xC9E28A1E: ??? (in /usr/lib/wsl/drivers/nvam.inf_amd64_7e083f37999613bd/libcuda.so.1.1)
==348806==    by 0xC9C97D89: ??? (in /usr/lib/wsl/drivers/nvam.inf_amd64_7e083f37999613bd/libcuda.so.1.1)
==348806==    by 0xC9DC5FD0: ??? (in /usr/lib/wsl/drivers/nvam.inf_amd64_7e083f37999613bd/libcuda.so.1.1)
==348806==    by 0xC9DC653E: ??? (in /usr/lib/wsl/drivers/nvam.inf_amd64_7e083f37999613bd/libcuda.so.1.1)
==348806==    by 0xCB80A8E3: dxgdmalEnumAdapters (in /usr/lib/wsl/drivers/nvam.inf_amd64_7e083f37999613bd/libnvdxgdmal.so.1)
==348806==    by 0xC9D8B2FA: ??? (in /usr/lib/wsl/drivers/nvam.inf_amd64_7e083f37999613bd/libcuda.so.1.1)
==348806==    by 0xCA4D4A74: ??? (in /usr/lib/wsl/drivers/nvam.inf_amd64_7e083f37999613bd/libcuda.so.1.1)
==348806==    by 0xC9C01552: ??? (in /usr/lib/wsl/drivers/nvam.inf_amd64_7e083f37999613bd/libcuda.so.1.1)
==348806==    by 0xC9C6B121: ??? (in /usr/lib/wsl/drivers/nvam.inf_amd64_7e083f37999613bd/libcuda.so.1.1)
==348806==    by 0x4A34A75: ??? (in /usr/local/cuda-12.8/targets/x86_64-linux/lib/libcudart.so.12.8.90)
==348806==    by 0x4A39637: ??? (in /usr/local/cuda-12.8/targets/x86_64-linux/lib/libcudart.so.12.8.90)
==348806== 
==348806== Conditional jump or move depends on uninitialised value(s)
==348806==    at 0xCB809987: ??? (in /usr/lib/wsl/drivers/nvam.inf_amd64_7e083f37999613bd/libnvdxgdmal.so.1)
==348806==    by 0xC9E28A1E: ??? (in /usr/lib/wsl/drivers/nvam.inf_amd64_7e083f37999613bd/libcuda.so.1.1)
==348806==    by 0xC9C97D89: ??? (in /usr/lib/wsl/drivers/nvam.inf_amd64_7e083f37999613bd/libcuda.so.1.1)
==348806==    by 0xC9DC5FD0: ??? (in /usr/lib/wsl/drivers/nvam.inf_amd64_7e083f37999613bd/libcuda.so.1.1)
==348806==    by 0xC9DC653E: ??? (in /usr/lib/wsl/drivers/nvam.inf_amd64_7e083f37999613bd/libcuda.so.1.1)
==348806==    by 0xCB80A8E3: dxgdmalEnumAdapters (in /usr/lib/wsl/drivers/nvam.inf_amd64_7e083f37999613bd/libnvdxgdmal.so.1)
==348806==    by 0xC9D8B2FA: ??? (in /usr/lib/wsl/drivers/nvam.inf_amd64_7e083f37999613bd/libcuda.so.1.1)
==348806==    by 0xCA4D4A74: ??? (in /usr/lib/wsl/drivers/nvam.inf_amd64_7e083f37999613bd/libcuda.so.1.1)
==348806==    by 0xC9C01552: ??? (in /usr/lib/wsl/drivers/nvam.inf_amd64_7e083f37999613bd/libcuda.so.1.1)
==348806==    by 0xC9C6B121: ??? (in /usr/lib/wsl/drivers/nvam.inf_amd64_7e083f37999613bd/libcuda.so.1.1)
==348806==    by 0x4A34A75: ??? (in /usr/local/cuda-12.8/targets/x86_64-linux/lib/libcudart.so.12.8.90)
==348806==    by 0x4A39637: ??? (in /usr/local/cuda-12.8/targets/x86_64-linux/lib/libcudart.so.12.8.90)
==348806== 
==348806== Conditional jump or move depends on uninitialised value(s)
==348806==    at 0xCB809992: ??? (in /usr/lib/wsl/drivers/nvam.inf_amd64_7e083f37999613bd/libnvdxgdmal.so.1)
==348806==    by 0xC9E28A1E: ??? (in /usr/lib/wsl/drivers/nvam.inf_amd64_7e083f37999613bd/libcuda.so.1.1)
==348806==    by 0xC9C97D89: ??? (in /usr/lib/wsl/drivers/nvam.inf_amd64_7e083f37999613bd/libcuda.so.1.1)
==348806==    by 0xC9DC5FD0: ??? (in /usr/lib/wsl/drivers/nvam.inf_amd64_7e083f37999613bd/libcuda.so.1.1)
==348806==    by 0xC9DC653E: ??? (in /usr/lib/wsl/drivers/nvam.inf_amd64_7e083f37999613bd/libcuda.so.1.1)
==348806==    by 0xCB80A8E3: dxgdmalEnumAdapters (in /usr/lib/wsl/drivers/nvam.inf_amd64_7e083f37999613bd/libnvdxgdmal.so.1)
==348806==    by 0xC9D8B2FA: ??? (in /usr/lib/wsl/drivers/nvam.inf_amd64_7e083f37999613bd/libcuda.so.1.1)
==348806==    by 0xCA4D4A74: ??? (in /usr/lib/wsl/drivers/nvam.inf_amd64_7e083f37999613bd/libcuda.so.1.1)
==348806==    by 0xC9C01552: ??? (in /usr/lib/wsl/drivers/nvam.inf_amd64_7e083f37999613bd/libcuda.so.1.1)
==348806==    by 0xC9C6B121: ??? (in /usr/lib/wsl/drivers/nvam.inf_amd64_7e083f37999613bd/libcuda.so.1.1)
==348806==    by 0x4A34A75: ??? (in /usr/local/cuda-12.8/targets/x86_64-linux/lib/libcudart.so.12.8.90)
==348806==    by 0x4A39637: ??? (in /usr/local/cuda-12.8/targets/x86_64-linux/lib/libcudart.so.12.8.90)
==348806== 
==348806== Conditional jump or move depends on uninitialised value(s)
==348806==    at 0xCB8099AE: ??? (in /usr/lib/wsl/drivers/nvam.inf_amd64_7e083f37999613bd/libnvdxgdmal.so.1)
==348806==    by 0xC9E28A1E: ??? (in /usr/lib/wsl/drivers/nvam.inf_amd64_7e083f37999613bd/libcuda.so.1.1)
==348806==    by 0xC9C97D89: ??? (in /usr/lib/wsl/drivers/nvam.inf_amd64_7e083f37999613bd/libcuda.so.1.1)
==348806==    by 0xC9DC5FD0: ??? (in /usr/lib/wsl/drivers/nvam.inf_amd64_7e083f37999613bd/libcuda.so.1.1)
==348806==    by 0xC9DC653E: ??? (in /usr/lib/wsl/drivers/nvam.inf_amd64_7e083f37999613bd/libcuda.so.1.1)
==348806==    by 0xCB80A8E3: dxgdmalEnumAdapters (in /usr/lib/wsl/drivers/nvam.inf_amd64_7e083f37999613bd/libnvdxgdmal.so.1)
==348806==    by 0xC9D8B2FA: ??? (in /usr/lib/wsl/drivers/nvam.inf_amd64_7e083f37999613bd/libcuda.so.1.1)
==348806==    by 0xCA4D4A74: ??? (in /usr/lib/wsl/drivers/nvam.inf_amd64_7e083f37999613bd/libcuda.so.1.1)
==348806==    by 0xC9C01552: ??? (in /usr/lib/wsl/drivers/nvam.inf_amd64_7e083f37999613bd/libcuda.so.1.1)
==348806==    by 0xC9C6B121: ??? (in /usr/lib/wsl/drivers/nvam.inf_amd64_7e083f37999613bd/libcuda.so.1.1)
==348806==    by 0x4A34A75: ??? (in /usr/local/cuda-12.8/targets/x86_64-linux/lib/libcudart.so.12.8.90)
==348806==    by 0x4A39637: ??? (in /usr/local/cuda-12.8/targets/x86_64-linux/lib/libcudart.so.12.8.90)
==348806== 
==348806== Conditional jump or move depends on uninitialised value(s)
==348806==    at 0xCB80996C: ??? (in /usr/lib/wsl/drivers/nvam.inf_amd64_7e083f37999613bd/libnvdxgdmal.so.1)
==348806==    by 0xC9E28A1E: ??? (in /usr/lib/wsl/drivers/nvam.inf_amd64_7e083f37999613bd/libcuda.so.1.1)
==348806==    by 0xC9C97D89: ??? (in /usr/lib/wsl/drivers/nvam.inf_amd64_7e083f37999613bd/libcuda.so.1.1)
==348806==    by 0xC9DC5FD0: ??? (in /usr/lib/wsl/drivers/nvam.inf_amd64_7e083f37999613bd/libcuda.so.1.1)
==348806==    by 0xC9DC653E: ??? (in /usr/lib/wsl/drivers/nvam.inf_amd64_7e083f37999613bd/libcuda.so.1.1)
==348806==    by 0xCB80A8E3: dxgdmalEnumAdapters (in /usr/lib/wsl/drivers/nvam.inf_amd64_7e083f37999613bd/libnvdxgdmal.so.1)
==348806==    by 0xC9D8B2FA: ??? (in /usr/lib/wsl/drivers/nvam.inf_amd64_7e083f37999613bd/libcuda.so.1.1)
==348806==    by 0xCA4D4A74: ??? (in /usr/lib/wsl/drivers/nvam.inf_amd64_7e083f37999613bd/libcuda.so.1.1)
==348806==    by 0xC9C01552: ??? (in /usr/lib/wsl/drivers/nvam.inf_amd64_7e083f37999613bd/libcuda.so.1.1)
==348806==    by 0xC9C6B121: ??? (in /usr/lib/wsl/drivers/nvam.inf_amd64_7e083f37999613bd/libcuda.so.1.1)
==348806==    by 0x4A34A75: ??? (in /usr/local/cuda-12.8/targets/x86_64-linux/lib/libcudart.so.12.8.90)
==348806==    by 0x4A39637: ??? (in /usr/local/cuda-12.8/targets/x86_64-linux/lib/libcudart.so.12.8.90)
==348806== 
==348806== Conditional jump or move depends on uninitialised value(s)
==348806==    at 0xCB80995F: ??? (in /usr/lib/wsl/drivers/nvam.inf_amd64_7e083f37999613bd/libnvdxgdmal.so.1)
==348806==    by 0xC9E28A1E: ??? (in /usr/lib/wsl/drivers/nvam.inf_amd64_7e083f37999613bd/libcuda.so.1.1)
==348806==    by 0xC9C97D89: ??? (in /usr/lib/wsl/drivers/nvam.inf_amd64_7e083f37999613bd/libcuda.so.1.1)
==348806==    by 0xC9DC5FD0: ??? (in /usr/lib/wsl/drivers/nvam.inf_amd64_7e083f37999613bd/libcuda.so.1.1)
==348806==    by 0xC9DC653E: ??? (in /usr/lib/wsl/drivers/nvam.inf_amd64_7e083f37999613bd/libcuda.so.1.1)
==348806==    by 0xCB80A8E3: dxgdmalEnumAdapters (in /usr/lib/wsl/drivers/nvam.inf_amd64_7e083f37999613bd/libnvdxgdmal.so.1)
==348806==    by 0xC9D8B2FA: ??? (in /usr/lib/wsl/drivers/nvam.inf_amd64_7e083f37999613bd/libcuda.so.1.1)
==348806==    by 0xCA4D4A74: ??? (in /usr/lib/wsl/drivers/nvam.inf_amd64_7e083f37999613bd/libcuda.so.1.1)
==348806==    by 0xC9C01552: ??? (in /usr/lib/wsl/drivers/nvam.inf_amd64_7e083f37999613bd/libcuda.so.1.1)
==348806==    by 0xC9C6B121: ??? (in /usr/lib/wsl/drivers/nvam.inf_amd64_7e083f37999613bd/libcuda.so.1.1)
==348806==    by 0x4A34A75: ??? (in /usr/local/cuda-12.8/targets/x86_64-linux/lib/libcudart.so.12.8.90)
==348806==    by 0x4A39637: ??? (in /usr/local/cuda-12.8/targets/x86_64-linux/lib/libcudart.so.12.8.90)
==348806== 
==348806== Conditional jump or move depends on uninitialised value(s)
==348806==    at 0xCB809A44: ??? (in /usr/lib/wsl/drivers/nvam.inf_amd64_7e083f37999613bd/libnvdxgdmal.so.1)
==348806==    by 0xC9E28A1E: ??? (in /usr/lib/wsl/drivers/nvam.inf_amd64_7e083f37999613bd/libcuda.so.1.1)
==348806==    by 0xC9C97D89: ??? (in /usr/lib/wsl/drivers/nvam.inf_amd64_7e083f37999613bd/libcuda.so.1.1)
==348806==    by 0xC9DC5FD0: ??? (in /usr/lib/wsl/drivers/nvam.inf_amd64_7e083f37999613bd/libcuda.so.1.1)
==348806==    by 0xC9DC653E: ??? (in /usr/lib/wsl/drivers/nvam.inf_amd64_7e083f37999613bd/libcuda.so.1.1)
==348806==    by 0xCB80A8E3: dxgdmalEnumAdapters (in /usr/lib/wsl/drivers/nvam.inf_amd64_7e083f37999613bd/libnvdxgdmal.so.1)
==348806==    by 0xC9D8B2FA: ??? (in /usr/lib/wsl/drivers/nvam.inf_amd64_7e083f37999613bd/libcuda.so.1.1)
==348806==    by 0xCA4D4A74: ??? (in /usr/lib/wsl/drivers/nvam.inf_amd64_7e083f37999613bd/libcuda.so.1.1)
==348806==    by 0xC9C01552: ??? (in /usr/lib/wsl/drivers/nvam.inf_amd64_7e083f37999613bd/libcuda.so.1.1)
==348806==    by 0xC9C6B121: ??? (in /usr/lib/wsl/drivers/nvam.inf_amd64_7e083f37999613bd/libcuda.so.1.1)
==348806==    by 0x4A34A75: ??? (in /usr/local/cuda-12.8/targets/x86_64-linux/lib/libcudart.so.12.8.90)
==348806==    by 0x4A39637: ??? (in /usr/local/cuda-12.8/targets/x86_64-linux/lib/libcudart.so.12.8.90)
==348806== 
==348806== Conditional jump or move depends on uninitialised value(s)
==348806==    at 0xCB809B86: ??? (in /usr/lib/wsl/drivers/nvam.inf_amd64_7e083f37999613bd/libnvdxgdmal.so.1)
==348806==    by 0xC9E28A1E: ??? (in /usr/lib/wsl/drivers/nvam.inf_amd64_7e083f37999613bd/libcuda.so.1.1)
==348806==    by 0xC9C97D89: ??? (in /usr/lib/wsl/drivers/nvam.inf_amd64_7e083f37999613bd/libcuda.so.1.1)
==348806==    by 0xC9DC5FD0: ??? (in /usr/lib/wsl/drivers/nvam.inf_amd64_7e083f37999613bd/libcuda.so.1.1)
==348806==    by 0xC9DC653E: ??? (in /usr/lib/wsl/drivers/nvam.inf_amd64_7e083f37999613bd/libcuda.so.1.1)
==348806==    by 0xCB80A8E3: dxgdmalEnumAdapters (in /usr/lib/wsl/drivers/nvam.inf_amd64_7e083f37999613bd/libnvdxgdmal.so.1)
==348806==    by 0xC9D8B2FA: ??? (in /usr/lib/wsl/drivers/nvam.inf_amd64_7e083f37999613bd/libcuda.so.1.1)
==348806==    by 0xCA4D4A74: ??? (in /usr/lib/wsl/drivers/nvam.inf_amd64_7e083f37999613bd/libcuda.so.1.1)
==348806==    by 0xC9C01552: ??? (in /usr/lib/wsl/drivers/nvam.inf_amd64_7e083f37999613bd/libcuda.so.1.1)
==348806==    by 0xC9C6B121: ??? (in /usr/lib/wsl/drivers/nvam.inf_amd64_7e083f37999613bd/libcuda.so.1.1)
==348806==    by 0x4A34A75: ??? (in /usr/local/cuda-12.8/targets/x86_64-linux/lib/libcudart.so.12.8.90)
==348806==    by 0x4A39637: ??? (in /usr/local/cuda-12.8/targets/x86_64-linux/lib/libcudart.so.12.8.90)
==348806== 
==348806== Conditional jump or move depends on uninitialised value(s)
==348806==    at 0xCB809CF2: ??? (in /usr/lib/wsl/drivers/nvam.inf_amd64_7e083f37999613bd/libnvdxgdmal.so.1)
==348806==    by 0xC9E28A1E: ??? (in /usr/lib/wsl/drivers/nvam.inf_amd64_7e083f37999613bd/libcuda.so.1.1)
==348806==    by 0xC9C97D89: ??? (in /usr/lib/wsl/drivers/nvam.inf_amd64_7e083f37999613bd/libcuda.so.1.1)
==348806==    by 0xC9DC5FD0: ??? (in /usr/lib/wsl/drivers/nvam.inf_amd64_7e083f37999613bd/libcuda.so.1.1)
==348806==    by 0xC9DC653E: ??? (in /usr/lib/wsl/drivers/nvam.inf_amd64_7e083f37999613bd/libcuda.so.1.1)
==348806==    by 0xCB80A8E3: dxgdmalEnumAdapters (in /usr/lib/wsl/drivers/nvam.inf_amd64_7e083f37999613bd/libnvdxgdmal.so.1)
==348806==    by 0xC9D8B2FA: ??? (in /usr/lib/wsl/drivers/nvam.inf_amd64_7e083f37999613bd/libcuda.so.1.1)
==348806==    by 0xCA4D4A74: ??? (in /usr/lib/wsl/drivers/nvam.inf_amd64_7e083f37999613bd/libcuda.so.1.1)
==348806==    by 0xC9C01552: ??? (in /usr/lib/wsl/drivers/nvam.inf_amd64_7e083f37999613bd/libcuda.so.1.1)
==348806==    by 0xC9C6B121: ??? (in /usr/lib/wsl/drivers/nvam.inf_amd64_7e083f37999613bd/libcuda.so.1.1)
==348806==    by 0x4A34A75: ??? (in /usr/local/cuda-12.8/targets/x86_64-linux/lib/libcudart.so.12.8.90)
==348806==    by 0x4A39637: ??? (in /usr/local/cuda-12.8/targets/x86_64-linux/lib/libcudart.so.12.8.90)
==348806== 
==348806== Conditional jump or move depends on uninitialised value(s)
==348806==    at 0xC9E28AFB: ??? (in /usr/lib/wsl/drivers/nvam.inf_amd64_7e083f37999613bd/libcuda.so.1.1)
==348806==    by 0xC9C97D89: ??? (in /usr/lib/wsl/drivers/nvam.inf_amd64_7e083f37999613bd/libcuda.so.1.1)
==348806==    by 0xC9DC5FD0: ??? (in /usr/lib/wsl/drivers/nvam.inf_amd64_7e083f37999613bd/libcuda.so.1.1)
==348806==    by 0xC9DC653E: ??? (in /usr/lib/wsl/drivers/nvam.inf_amd64_7e083f37999613bd/libcuda.so.1.1)
==348806==    by 0xCB80A8E3: dxgdmalEnumAdapters (in /usr/lib/wsl/drivers/nvam.inf_amd64_7e083f37999613bd/libnvdxgdmal.so.1)
==348806==    by 0xC9D8B2FA: ??? (in /usr/lib/wsl/drivers/nvam.inf_amd64_7e083f37999613bd/libcuda.so.1.1)
==348806==    by 0xCA4D4A74: ??? (in /usr/lib/wsl/drivers/nvam.inf_amd64_7e083f37999613bd/libcuda.so.1.1)
==348806==    by 0xC9C01552: ??? (in /usr/lib/wsl/drivers/nvam.inf_amd64_7e083f37999613bd/libcuda.so.1.1)
==348806==    by 0xC9C6B121: ??? (in /usr/lib/wsl/drivers/nvam.inf_amd64_7e083f37999613bd/libcuda.so.1.1)
==348806==    by 0x4A34A75: ??? (in /usr/local/cuda-12.8/targets/x86_64-linux/lib/libcudart.so.12.8.90)
==348806==    by 0x4A39637: ??? (in /usr/local/cuda-12.8/targets/x86_64-linux/lib/libcudart.so.12.8.90)
==348806==    by 0x4F1DDEE7: __pthread_once_slow (pthread_once.c:116)
==348806== 
==348806== Conditional jump or move depends on uninitialised value(s)
==348806==    at 0x4848842: malloc (in /usr/libexec/valgrind/vgpreload_memcheck-amd64-linux.so)
==348806==    by 0xC9E28B6B: ??? (in /usr/lib/wsl/drivers/nvam.inf_amd64_7e083f37999613bd/libcuda.so.1.1)
==348806==    by 0xC9C97D89: ??? (in /usr/lib/wsl/drivers/nvam.inf_amd64_7e083f37999613bd/libcuda.so.1.1)
==348806==    by 0xC9DC5FD0: ??? (in /usr/lib/wsl/drivers/nvam.inf_amd64_7e083f37999613bd/libcuda.so.1.1)
==348806==    by 0xC9DC653E: ??? (in /usr/lib/wsl/drivers/nvam.inf_amd64_7e083f37999613bd/libcuda.so.1.1)
==348806==    by 0xCB80A8E3: dxgdmalEnumAdapters (in /usr/lib/wsl/drivers/nvam.inf_amd64_7e083f37999613bd/libnvdxgdmal.so.1)
==348806==    by 0xC9D8B2FA: ??? (in /usr/lib/wsl/drivers/nvam.inf_amd64_7e083f37999613bd/libcuda.so.1.1)
==348806==    by 0xCA4D4A74: ??? (in /usr/lib/wsl/drivers/nvam.inf_amd64_7e083f37999613bd/libcuda.so.1.1)
==348806==    by 0xC9C01552: ??? (in /usr/lib/wsl/drivers/nvam.inf_amd64_7e083f37999613bd/libcuda.so.1.1)
==348806==    by 0xC9C6B121: ??? (in /usr/lib/wsl/drivers/nvam.inf_amd64_7e083f37999613bd/libcuda.so.1.1)
==348806==    by 0x4A34A75: ??? (in /usr/local/cuda-12.8/targets/x86_64-linux/lib/libcudart.so.12.8.90)
==348806==    by 0x4A39637: ??? (in /usr/local/cuda-12.8/targets/x86_64-linux/lib/libcudart.so.12.8.90)
==348806== 
==348806== Conditional jump or move depends on uninitialised value(s)
==348806==    at 0xC9E28B97: ??? (in /usr/lib/wsl/drivers/nvam.inf_amd64_7e083f37999613bd/libcuda.so.1.1)
==348806==    by 0xC9C97D89: ??? (in /usr/lib/wsl/drivers/nvam.inf_amd64_7e083f37999613bd/libcuda.so.1.1)
==348806==    by 0xC9DC5FD0: ??? (in /usr/lib/wsl/drivers/nvam.inf_amd64_7e083f37999613bd/libcuda.so.1.1)
==348806==    by 0xC9DC653E: ??? (in /usr/lib/wsl/drivers/nvam.inf_amd64_7e083f37999613bd/libcuda.so.1.1)
==348806==    by 0xCB80A8E3: dxgdmalEnumAdapters (in /usr/lib/wsl/drivers/nvam.inf_amd64_7e083f37999613bd/libnvdxgdmal.so.1)
==348806==    by 0xC9D8B2FA: ??? (in /usr/lib/wsl/drivers/nvam.inf_amd64_7e083f37999613bd/libcuda.so.1.1)
==348806==    by 0xCA4D4A74: ??? (in /usr/lib/wsl/drivers/nvam.inf_amd64_7e083f37999613bd/libcuda.so.1.1)
==348806==    by 0xC9C01552: ??? (in /usr/lib/wsl/drivers/nvam.inf_amd64_7e083f37999613bd/libcuda.so.1.1)
==348806==    by 0xC9C6B121: ??? (in /usr/lib/wsl/drivers/nvam.inf_amd64_7e083f37999613bd/libcuda.so.1.1)
==348806==    by 0x4A34A75: ??? (in /usr/local/cuda-12.8/targets/x86_64-linux/lib/libcudart.so.12.8.90)
==348806==    by 0x4A39637: ??? (in /usr/local/cuda-12.8/targets/x86_64-linux/lib/libcudart.so.12.8.90)
==348806==    by 0x4F1DDEE7: __pthread_once_slow (pthread_once.c:116)
==348806== 
==348806== Conditional jump or move depends on uninitialised value(s)
==348806==    at 0xC9E28BCB: ??? (in /usr/lib/wsl/drivers/nvam.inf_amd64_7e083f37999613bd/libcuda.so.1.1)
==348806==    by 0xC9C97D89: ??? (in /usr/lib/wsl/drivers/nvam.inf_amd64_7e083f37999613bd/libcuda.so.1.1)
==348806==    by 0xC9DC5FD0: ??? (in /usr/lib/wsl/drivers/nvam.inf_amd64_7e083f37999613bd/libcuda.so.1.1)
==348806==    by 0xC9DC653E: ??? (in /usr/lib/wsl/drivers/nvam.inf_amd64_7e083f37999613bd/libcuda.so.1.1)
==348806==    by 0xCB80A8E3: dxgdmalEnumAdapters (in /usr/lib/wsl/drivers/nvam.inf_amd64_7e083f37999613bd/libnvdxgdmal.so.1)
==348806==    by 0xC9D8B2FA: ??? (in /usr/lib/wsl/drivers/nvam.inf_amd64_7e083f37999613bd/libcuda.so.1.1)
==348806==    by 0xCA4D4A74: ??? (in /usr/lib/wsl/drivers/nvam.inf_amd64_7e083f37999613bd/libcuda.so.1.1)
==348806==    by 0xC9C01552: ??? (in /usr/lib/wsl/drivers/nvam.inf_amd64_7e083f37999613bd/libcuda.so.1.1)
==348806==    by 0xC9C6B121: ??? (in /usr/lib/wsl/drivers/nvam.inf_amd64_7e083f37999613bd/libcuda.so.1.1)
==348806==    by 0x4A34A75: ??? (in /usr/local/cuda-12.8/targets/x86_64-linux/lib/libcudart.so.12.8.90)
==348806==    by 0x4A39637: ??? (in /usr/local/cuda-12.8/targets/x86_64-linux/lib/libcudart.so.12.8.90)
==348806==    by 0x4F1DDEE7: __pthread_once_slow (pthread_once.c:116)
==348806== 
==348806== Use of uninitialised value of size 8
==348806==    at 0xC9E28CFA: ??? (in /usr/lib/wsl/drivers/nvam.inf_amd64_7e083f37999613bd/libcuda.so.1.1)
==348806==    by 0xC9C97D89: ??? (in /usr/lib/wsl/drivers/nvam.inf_amd64_7e083f37999613bd/libcuda.so.1.1)
==348806==    by 0xC9DC5FD0: ??? (in /usr/lib/wsl/drivers/nvam.inf_amd64_7e083f37999613bd/libcuda.so.1.1)
==348806==    by 0xC9DC653E: ??? (in /usr/lib/wsl/drivers/nvam.inf_amd64_7e083f37999613bd/libcuda.so.1.1)
==348806==    by 0xCB80A8E3: dxgdmalEnumAdapters (in /usr/lib/wsl/drivers/nvam.inf_amd64_7e083f37999613bd/libnvdxgdmal.so.1)
==348806==    by 0xC9D8B2FA: ??? (in /usr/lib/wsl/drivers/nvam.inf_amd64_7e083f37999613bd/libcuda.so.1.1)
==348806==    by 0xCA4D4A74: ??? (in /usr/lib/wsl/drivers/nvam.inf_amd64_7e083f37999613bd/libcuda.so.1.1)
==348806==    by 0xC9C01552: ??? (in /usr/lib/wsl/drivers/nvam.inf_amd64_7e083f37999613bd/libcuda.so.1.1)
==348806==    by 0xC9C6B121: ??? (in /usr/lib/wsl/drivers/nvam.inf_amd64_7e083f37999613bd/libcuda.so.1.1)
==348806==    by 0x4A34A75: ??? (in /usr/local/cuda-12.8/targets/x86_64-linux/lib/libcudart.so.12.8.90)
==348806==    by 0x4A39637: ??? (in /usr/local/cuda-12.8/targets/x86_64-linux/lib/libcudart.so.12.8.90)
==348806==    by 0x4F1DDEE7: __pthread_once_slow (pthread_once.c:116)
==348806== 
==348806== Conditional jump or move depends on uninitialised value(s)
==348806==    at 0xC9E28DDE: ??? (in /usr/lib/wsl/drivers/nvam.inf_amd64_7e083f37999613bd/libcuda.so.1.1)
==348806==    by 0xC9C97D89: ??? (in /usr/lib/wsl/drivers/nvam.inf_amd64_7e083f37999613bd/libcuda.so.1.1)
==348806==    by 0xC9DC5FD0: ??? (in /usr/lib/wsl/drivers/nvam.inf_amd64_7e083f37999613bd/libcuda.so.1.1)
==348806==    by 0xC9DC653E: ??? (in /usr/lib/wsl/drivers/nvam.inf_amd64_7e083f37999613bd/libcuda.so.1.1)
==348806==    by 0xCB80A8E3: dxgdmalEnumAdapters (in /usr/lib/wsl/drivers/nvam.inf_amd64_7e083f37999613bd/libnvdxgdmal.so.1)
==348806==    by 0xC9D8B2FA: ??? (in /usr/lib/wsl/drivers/nvam.inf_amd64_7e083f37999613bd/libcuda.so.1.1)
==348806==    by 0xCA4D4A74: ??? (in /usr/lib/wsl/drivers/nvam.inf_amd64_7e083f37999613bd/libcuda.so.1.1)
==348806==    by 0xC9C01552: ??? (in /usr/lib/wsl/drivers/nvam.inf_amd64_7e083f37999613bd/libcuda.so.1.1)
==348806==    by 0xC9C6B121: ??? (in /usr/lib/wsl/drivers/nvam.inf_amd64_7e083f37999613bd/libcuda.so.1.1)
==348806==    by 0x4A34A75: ??? (in /usr/local/cuda-12.8/targets/x86_64-linux/lib/libcudart.so.12.8.90)
==348806==    by 0x4A39637: ??? (in /usr/local/cuda-12.8/targets/x86_64-linux/lib/libcudart.so.12.8.90)
==348806==    by 0x4F1DDEE7: __pthread_once_slow (pthread_once.c:116)
==348806== 
==348806== Conditional jump or move depends on uninitialised value(s)
==348806==    at 0xC9BD6F73: ??? (in /usr/lib/wsl/drivers/nvam.inf_amd64_7e083f37999613bd/libcuda.so.1.1)
==348806==    by 0xC9C97E24: ??? (in /usr/lib/wsl/drivers/nvam.inf_amd64_7e083f37999613bd/libcuda.so.1.1)
==348806==    by 0xC9DC5FD0: ??? (in /usr/lib/wsl/drivers/nvam.inf_amd64_7e083f37999613bd/libcuda.so.1.1)
==348806==    by 0xC9DC653E: ??? (in /usr/lib/wsl/drivers/nvam.inf_amd64_7e083f37999613bd/libcuda.so.1.1)
==348806==    by 0xCB80A8E3: dxgdmalEnumAdapters (in /usr/lib/wsl/drivers/nvam.inf_amd64_7e083f37999613bd/libnvdxgdmal.so.1)
==348806==    by 0xC9D8B2FA: ??? (in /usr/lib/wsl/drivers/nvam.inf_amd64_7e083f37999613bd/libcuda.so.1.1)
==348806==    by 0xCA4D4A74: ??? (in /usr/lib/wsl/drivers/nvam.inf_amd64_7e083f37999613bd/libcuda.so.1.1)
==348806==    by 0xC9C01552: ??? (in /usr/lib/wsl/drivers/nvam.inf_amd64_7e083f37999613bd/libcuda.so.1.1)
==348806==    by 0xC9C6B121: ??? (in /usr/lib/wsl/drivers/nvam.inf_amd64_7e083f37999613bd/libcuda.so.1.1)
==348806==    by 0x4A34A75: ??? (in /usr/local/cuda-12.8/targets/x86_64-linux/lib/libcudart.so.12.8.90)
==348806==    by 0x4A39637: ??? (in /usr/local/cuda-12.8/targets/x86_64-linux/lib/libcudart.so.12.8.90)
==348806==    by 0x4F1DDEE7: __pthread_once_slow (pthread_once.c:116)
==348806== 
==348806== Conditional jump or move depends on uninitialised value(s)
==348806==    at 0xC9BD6F79: ??? (in /usr/lib/wsl/drivers/nvam.inf_amd64_7e083f37999613bd/libcuda.so.1.1)
==348806==    by 0xC9C97E24: ??? (in /usr/lib/wsl/drivers/nvam.inf_amd64_7e083f37999613bd/libcuda.so.1.1)
==348806==    by 0xC9DC5FD0: ??? (in /usr/lib/wsl/drivers/nvam.inf_amd64_7e083f37999613bd/libcuda.so.1.1)
==348806==    by 0xC9DC653E: ??? (in /usr/lib/wsl/drivers/nvam.inf_amd64_7e083f37999613bd/libcuda.so.1.1)
==348806==    by 0xCB80A8E3: dxgdmalEnumAdapters (in /usr/lib/wsl/drivers/nvam.inf_amd64_7e083f37999613bd/libnvdxgdmal.so.1)
==348806==    by 0xC9D8B2FA: ??? (in /usr/lib/wsl/drivers/nvam.inf_amd64_7e083f37999613bd/libcuda.so.1.1)
==348806==    by 0xCA4D4A74: ??? (in /usr/lib/wsl/drivers/nvam.inf_amd64_7e083f37999613bd/libcuda.so.1.1)
==348806==    by 0xC9C01552: ??? (in /usr/lib/wsl/drivers/nvam.inf_amd64_7e083f37999613bd/libcuda.so.1.1)
==348806==    by 0xC9C6B121: ??? (in /usr/lib/wsl/drivers/nvam.inf_amd64_7e083f37999613bd/libcuda.so.1.1)
==348806==    by 0x4A34A75: ??? (in /usr/local/cuda-12.8/targets/x86_64-linux/lib/libcudart.so.12.8.90)
==348806==    by 0x4A39637: ??? (in /usr/local/cuda-12.8/targets/x86_64-linux/lib/libcudart.so.12.8.90)
==348806==    by 0x4F1DDEE7: __pthread_once_slow (pthread_once.c:116)
==348806== 
==348806== Use of uninitialised value of size 8
==348806==    at 0xC9D89C10: ??? (in /usr/lib/wsl/drivers/nvam.inf_amd64_7e083f37999613bd/libcuda.so.1.1)
==348806==    by 0xC9C97F35: ??? (in /usr/lib/wsl/drivers/nvam.inf_amd64_7e083f37999613bd/libcuda.so.1.1)
==348806==    by 0xC9DC5FD0: ??? (in /usr/lib/wsl/drivers/nvam.inf_amd64_7e083f37999613bd/libcuda.so.1.1)
==348806==    by 0xC9DC653E: ??? (in /usr/lib/wsl/drivers/nvam.inf_amd64_7e083f37999613bd/libcuda.so.1.1)
==348806==    by 0xCB80A8E3: dxgdmalEnumAdapters (in /usr/lib/wsl/drivers/nvam.inf_amd64_7e083f37999613bd/libnvdxgdmal.so.1)
==348806==    by 0xC9D8B2FA: ??? (in /usr/lib/wsl/drivers/nvam.inf_amd64_7e083f37999613bd/libcuda.so.1.1)
==348806==    by 0xCA4D4A74: ??? (in /usr/lib/wsl/drivers/nvam.inf_amd64_7e083f37999613bd/libcuda.so.1.1)
==348806==    by 0xC9C01552: ??? (in /usr/lib/wsl/drivers/nvam.inf_amd64_7e083f37999613bd/libcuda.so.1.1)
==348806==    by 0xC9C6B121: ??? (in /usr/lib/wsl/drivers/nvam.inf_amd64_7e083f37999613bd/libcuda.so.1.1)
==348806==    by 0x4A34A75: ??? (in /usr/local/cuda-12.8/targets/x86_64-linux/lib/libcudart.so.12.8.90)
==348806==    by 0x4A39637: ??? (in /usr/local/cuda-12.8/targets/x86_64-linux/lib/libcudart.so.12.8.90)
==348806==    by 0x4F1DDEE7: __pthread_once_slow (pthread_once.c:116)
==348806== 
==348806== Syscall param ioctl(generic) points to uninitialised byte(s)
==348806==    at 0x4F25E94F: ioctl (ioctl.c:36)
==348806==    by 0x4F906D8F: D3DKMTCreatePagingQueue (in /usr/lib/wsl/lib/libdxcore.so)
==348806==    by 0xCB80777F: ??? (in /usr/lib/wsl/drivers/nvam.inf_amd64_7e083f37999613bd/libnvdxgdmal.so.1)
==348806==    by 0xC9D89C74: ??? (in /usr/lib/wsl/drivers/nvam.inf_amd64_7e083f37999613bd/libcuda.so.1.1)
==348806==    by 0xC9C97F35: ??? (in /usr/lib/wsl/drivers/nvam.inf_amd64_7e083f37999613bd/libcuda.so.1.1)
==348806==    by 0xC9DC5FD0: ??? (in /usr/lib/wsl/drivers/nvam.inf_amd64_7e083f37999613bd/libcuda.so.1.1)
==348806==    by 0xC9DC653E: ??? (in /usr/lib/wsl/drivers/nvam.inf_amd64_7e083f37999613bd/libcuda.so.1.1)
==348806==    by 0xCB80A8E3: dxgdmalEnumAdapters (in /usr/lib/wsl/drivers/nvam.inf_amd64_7e083f37999613bd/libnvdxgdmal.so.1)
==348806==    by 0xC9D8B2FA: ??? (in /usr/lib/wsl/drivers/nvam.inf_amd64_7e083f37999613bd/libcuda.so.1.1)
==348806==    by 0xCA4D4A74: ??? (in /usr/lib/wsl/drivers/nvam.inf_amd64_7e083f37999613bd/libcuda.so.1.1)
==348806==    by 0xC9C01552: ??? (in /usr/lib/wsl/drivers/nvam.inf_amd64_7e083f37999613bd/libcuda.so.1.1)
==348806==    by 0xC9C6B121: ??? (in /usr/lib/wsl/drivers/nvam.inf_amd64_7e083f37999613bd/libcuda.so.1.1)
==348806==  Address 0x1ffeffd188 is on thread 1's stack
==348806== 
==348806== Use of uninitialised value of size 8
==348806==    at 0xC9D89CBC: ??? (in /usr/lib/wsl/drivers/nvam.inf_amd64_7e083f37999613bd/libcuda.so.1.1)
==348806==    by 0xC9C97F35: ??? (in /usr/lib/wsl/drivers/nvam.inf_amd64_7e083f37999613bd/libcuda.so.1.1)
==348806==    by 0xC9DC5FD0: ??? (in /usr/lib/wsl/drivers/nvam.inf_amd64_7e083f37999613bd/libcuda.so.1.1)
==348806==    by 0xC9DC653E: ??? (in /usr/lib/wsl/drivers/nvam.inf_amd64_7e083f37999613bd/libcuda.so.1.1)
==348806==    by 0xCB80A8E3: dxgdmalEnumAdapters (in /usr/lib/wsl/drivers/nvam.inf_amd64_7e083f37999613bd/libnvdxgdmal.so.1)
==348806==    by 0xC9D8B2FA: ??? (in /usr/lib/wsl/drivers/nvam.inf_amd64_7e083f37999613bd/libcuda.so.1.1)
==348806==    by 0xCA4D4A74: ??? (in /usr/lib/wsl/drivers/nvam.inf_amd64_7e083f37999613bd/libcuda.so.1.1)
==348806==    by 0xC9C01552: ??? (in /usr/lib/wsl/drivers/nvam.inf_amd64_7e083f37999613bd/libcuda.so.1.1)
==348806==    by 0xC9C6B121: ??? (in /usr/lib/wsl/drivers/nvam.inf_amd64_7e083f37999613bd/libcuda.so.1.1)
==348806==    by 0x4A34A75: ??? (in /usr/local/cuda-12.8/targets/x86_64-linux/lib/libcudart.so.12.8.90)
==348806==    by 0x4A39637: ??? (in /usr/local/cuda-12.8/targets/x86_64-linux/lib/libcudart.so.12.8.90)
==348806==    by 0x4F1DDEE7: __pthread_once_slow (pthread_once.c:116)
==348806== 
==348806== Conditional jump or move depends on uninitialised value(s)
==348806==    at 0xC9C97F51: ??? (in /usr/lib/wsl/drivers/nvam.inf_amd64_7e083f37999613bd/libcuda.so.1.1)
==348806==    by 0xC9DC5FD0: ??? (in /usr/lib/wsl/drivers/nvam.inf_amd64_7e083f37999613bd/libcuda.so.1.1)
==348806==    by 0xC9DC653E: ??? (in /usr/lib/wsl/drivers/nvam.inf_amd64_7e083f37999613bd/libcuda.so.1.1)
==348806==    by 0xCB80A8E3: dxgdmalEnumAdapters (in /usr/lib/wsl/drivers/nvam.inf_amd64_7e083f37999613bd/libnvdxgdmal.so.1)
==348806==    by 0xC9D8B2FA: ??? (in /usr/lib/wsl/drivers/nvam.inf_amd64_7e083f37999613bd/libcuda.so.1.1)
==348806==    by 0xCA4D4A74: ??? (in /usr/lib/wsl/drivers/nvam.inf_amd64_7e083f37999613bd/libcuda.so.1.1)
==348806==    by 0xC9C01552: ??? (in /usr/lib/wsl/drivers/nvam.inf_amd64_7e083f37999613bd/libcuda.so.1.1)
==348806==    by 0xC9C6B121: ??? (in /usr/lib/wsl/drivers/nvam.inf_amd64_7e083f37999613bd/libcuda.so.1.1)
==348806==    by 0x4A34A75: ??? (in /usr/local/cuda-12.8/targets/x86_64-linux/lib/libcudart.so.12.8.90)
==348806==    by 0x4A39637: ??? (in /usr/local/cuda-12.8/targets/x86_64-linux/lib/libcudart.so.12.8.90)
==348806==    by 0x4F1DDEE7: __pthread_once_slow (pthread_once.c:116)
==348806==    by 0x4A88ED8: ??? (in /usr/local/cuda-12.8/targets/x86_64-linux/lib/libcudart.so.12.8.90)
==348806== 
==348806== Conditional jump or move depends on uninitialised value(s)
==348806==    at 0xC9C98042: ??? (in /usr/lib/wsl/drivers/nvam.inf_amd64_7e083f37999613bd/libcuda.so.1.1)
==348806==    by 0xC9DC5FD0: ??? (in /usr/lib/wsl/drivers/nvam.inf_amd64_7e083f37999613bd/libcuda.so.1.1)
==348806==    by 0xC9DC653E: ??? (in /usr/lib/wsl/drivers/nvam.inf_amd64_7e083f37999613bd/libcuda.so.1.1)
==348806==    by 0xCB80A8E3: dxgdmalEnumAdapters (in /usr/lib/wsl/drivers/nvam.inf_amd64_7e083f37999613bd/libnvdxgdmal.so.1)
==348806==    by 0xC9D8B2FA: ??? (in /usr/lib/wsl/drivers/nvam.inf_amd64_7e083f37999613bd/libcuda.so.1.1)
==348806==    by 0xCA4D4A74: ??? (in /usr/lib/wsl/drivers/nvam.inf_amd64_7e083f37999613bd/libcuda.so.1.1)
==348806==    by 0xC9C01552: ??? (in /usr/lib/wsl/drivers/nvam.inf_amd64_7e083f37999613bd/libcuda.so.1.1)
==348806==    by 0xC9C6B121: ??? (in /usr/lib/wsl/drivers/nvam.inf_amd64_7e083f37999613bd/libcuda.so.1.1)
==348806==    by 0x4A34A75: ??? (in /usr/local/cuda-12.8/targets/x86_64-linux/lib/libcudart.so.12.8.90)
==348806==    by 0x4A39637: ??? (in /usr/local/cuda-12.8/targets/x86_64-linux/lib/libcudart.so.12.8.90)
==348806==    by 0x4F1DDEE7: __pthread_once_slow (pthread_once.c:116)
==348806==    by 0x4A88ED8: ??? (in /usr/local/cuda-12.8/targets/x86_64-linux/lib/libcudart.so.12.8.90)
==348806== 
==348806== Conditional jump or move depends on uninitialised value(s)
==348806==    at 0xC9C9C33F: ??? (in /usr/lib/wsl/drivers/nvam.inf_amd64_7e083f37999613bd/libcuda.so.1.1)
==348806==    by 0xC9DC5FD0: ??? (in /usr/lib/wsl/drivers/nvam.inf_amd64_7e083f37999613bd/libcuda.so.1.1)
==348806==    by 0xC9DC653E: ??? (in /usr/lib/wsl/drivers/nvam.inf_amd64_7e083f37999613bd/libcuda.so.1.1)
==348806==    by 0xCB80A8E3: dxgdmalEnumAdapters (in /usr/lib/wsl/drivers/nvam.inf_amd64_7e083f37999613bd/libnvdxgdmal.so.1)
==348806==    by 0xC9D8B2FA: ??? (in /usr/lib/wsl/drivers/nvam.inf_amd64_7e083f37999613bd/libcuda.so.1.1)
==348806==    by 0xCA4D4A74: ??? (in /usr/lib/wsl/drivers/nvam.inf_amd64_7e083f37999613bd/libcuda.so.1.1)
==348806==    by 0xC9C01552: ??? (in /usr/lib/wsl/drivers/nvam.inf_amd64_7e083f37999613bd/libcuda.so.1.1)
==348806==    by 0xC9C6B121: ??? (in /usr/lib/wsl/drivers/nvam.inf_amd64_7e083f37999613bd/libcuda.so.1.1)
==348806==    by 0x4A34A75: ??? (in /usr/local/cuda-12.8/targets/x86_64-linux/lib/libcudart.so.12.8.90)
==348806==    by 0x4A39637: ??? (in /usr/local/cuda-12.8/targets/x86_64-linux/lib/libcudart.so.12.8.90)
==348806==    by 0x4F1DDEE7: __pthread_once_slow (pthread_once.c:116)
==348806==    by 0x4A88ED8: ??? (in /usr/local/cuda-12.8/targets/x86_64-linux/lib/libcudart.so.12.8.90)
==348806== 
==348806== Conditional jump or move depends on uninitialised value(s)
==348806==    at 0xCB808D82: ??? (in /usr/lib/wsl/drivers/nvam.inf_amd64_7e083f37999613bd/libnvdxgdmal.so.1)
==348806==    by 0xC9E2B60C: ??? (in /usr/lib/wsl/drivers/nvam.inf_amd64_7e083f37999613bd/libcuda.so.1.1)
==348806==    by 0xC9C98D56: ??? (in /usr/lib/wsl/drivers/nvam.inf_amd64_7e083f37999613bd/libcuda.so.1.1)
==348806==    by 0xC9DC5FD0: ??? (in /usr/lib/wsl/drivers/nvam.inf_amd64_7e083f37999613bd/libcuda.so.1.1)
==348806==    by 0xC9DC653E: ??? (in /usr/lib/wsl/drivers/nvam.inf_amd64_7e083f37999613bd/libcuda.so.1.1)
==348806==    by 0xCB80A8E3: dxgdmalEnumAdapters (in /usr/lib/wsl/drivers/nvam.inf_amd64_7e083f37999613bd/libnvdxgdmal.so.1)
==348806==    by 0xC9D8B2FA: ??? (in /usr/lib/wsl/drivers/nvam.inf_amd64_7e083f37999613bd/libcuda.so.1.1)
==348806==    by 0xCA4D4A74: ??? (in /usr/lib/wsl/drivers/nvam.inf_amd64_7e083f37999613bd/libcuda.so.1.1)
==348806==    by 0xC9C01552: ??? (in /usr/lib/wsl/drivers/nvam.inf_amd64_7e083f37999613bd/libcuda.so.1.1)
==348806==    by 0xC9C6B121: ??? (in /usr/lib/wsl/drivers/nvam.inf_amd64_7e083f37999613bd/libcuda.so.1.1)
==348806==    by 0x4A34A75: ??? (in /usr/local/cuda-12.8/targets/x86_64-linux/lib/libcudart.so.12.8.90)
==348806==    by 0x4A39637: ??? (in /usr/local/cuda-12.8/targets/x86_64-linux/lib/libcudart.so.12.8.90)
==348806== 
==348806== Conditional jump or move depends on uninitialised value(s)
==348806==    at 0xCB808D8E: ??? (in /usr/lib/wsl/drivers/nvam.inf_amd64_7e083f37999613bd/libnvdxgdmal.so.1)
==348806==    by 0xC9E2B60C: ??? (in /usr/lib/wsl/drivers/nvam.inf_amd64_7e083f37999613bd/libcuda.so.1.1)
==348806==    by 0xC9C98D56: ??? (in /usr/lib/wsl/drivers/nvam.inf_amd64_7e083f37999613bd/libcuda.so.1.1)
==348806==    by 0xC9DC5FD0: ??? (in /usr/lib/wsl/drivers/nvam.inf_amd64_7e083f37999613bd/libcuda.so.1.1)
==348806==    by 0xC9DC653E: ??? (in /usr/lib/wsl/drivers/nvam.inf_amd64_7e083f37999613bd/libcuda.so.1.1)
==348806==    by 0xCB80A8E3: dxgdmalEnumAdapters (in /usr/lib/wsl/drivers/nvam.inf_amd64_7e083f37999613bd/libnvdxgdmal.so.1)
==348806==    by 0xC9D8B2FA: ??? (in /usr/lib/wsl/drivers/nvam.inf_amd64_7e083f37999613bd/libcuda.so.1.1)
==348806==    by 0xCA4D4A74: ??? (in /usr/lib/wsl/drivers/nvam.inf_amd64_7e083f37999613bd/libcuda.so.1.1)
==348806==    by 0xC9C01552: ??? (in /usr/lib/wsl/drivers/nvam.inf_amd64_7e083f37999613bd/libcuda.so.1.1)
==348806==    by 0xC9C6B121: ??? (in /usr/lib/wsl/drivers/nvam.inf_amd64_7e083f37999613bd/libcuda.so.1.1)
==348806==    by 0x4A34A75: ??? (in /usr/local/cuda-12.8/targets/x86_64-linux/lib/libcudart.so.12.8.90)
==348806==    by 0x4A39637: ??? (in /usr/local/cuda-12.8/targets/x86_64-linux/lib/libcudart.so.12.8.90)
==348806== 
==348806== Conditional jump or move depends on uninitialised value(s)
==348806==    at 0xCB808F70: ??? (in /usr/lib/wsl/drivers/nvam.inf_amd64_7e083f37999613bd/libnvdxgdmal.so.1)
==348806==    by 0xC9E2B60C: ??? (in /usr/lib/wsl/drivers/nvam.inf_amd64_7e083f37999613bd/libcuda.so.1.1)
==348806==    by 0xC9C98D56: ??? (in /usr/lib/wsl/drivers/nvam.inf_amd64_7e083f37999613bd/libcuda.so.1.1)
==348806==    by 0xC9DC5FD0: ??? (in /usr/lib/wsl/drivers/nvam.inf_amd64_7e083f37999613bd/libcuda.so.1.1)
==348806==    by 0xC9DC653E: ??? (in /usr/lib/wsl/drivers/nvam.inf_amd64_7e083f37999613bd/libcuda.so.1.1)
==348806==    by 0xCB80A8E3: dxgdmalEnumAdapters (in /usr/lib/wsl/drivers/nvam.inf_amd64_7e083f37999613bd/libnvdxgdmal.so.1)
==348806==    by 0xC9D8B2FA: ??? (in /usr/lib/wsl/drivers/nvam.inf_amd64_7e083f37999613bd/libcuda.so.1.1)
==348806==    by 0xCA4D4A74: ??? (in /usr/lib/wsl/drivers/nvam.inf_amd64_7e083f37999613bd/libcuda.so.1.1)
==348806==    by 0xC9C01552: ??? (in /usr/lib/wsl/drivers/nvam.inf_amd64_7e083f37999613bd/libcuda.so.1.1)
==348806==    by 0xC9C6B121: ??? (in /usr/lib/wsl/drivers/nvam.inf_amd64_7e083f37999613bd/libcuda.so.1.1)
==348806==    by 0x4A34A75: ??? (in /usr/local/cuda-12.8/targets/x86_64-linux/lib/libcudart.so.12.8.90)
==348806==    by 0x4A39637: ??? (in /usr/local/cuda-12.8/targets/x86_64-linux/lib/libcudart.so.12.8.90)
==348806== 
==348806== Conditional jump or move depends on uninitialised value(s)
==348806==    at 0xCB808FD6: ??? (in /usr/lib/wsl/drivers/nvam.inf_amd64_7e083f37999613bd/libnvdxgdmal.so.1)
==348806==    by 0xC9E2B60C: ??? (in /usr/lib/wsl/drivers/nvam.inf_amd64_7e083f37999613bd/libcuda.so.1.1)
==348806==    by 0xC9C98D56: ??? (in /usr/lib/wsl/drivers/nvam.inf_amd64_7e083f37999613bd/libcuda.so.1.1)
==348806==    by 0xC9DC5FD0: ??? (in /usr/lib/wsl/drivers/nvam.inf_amd64_7e083f37999613bd/libcuda.so.1.1)
==348806==    by 0xC9DC653E: ??? (in /usr/lib/wsl/drivers/nvam.inf_amd64_7e083f37999613bd/libcuda.so.1.1)
==348806==    by 0xCB80A8E3: dxgdmalEnumAdapters (in /usr/lib/wsl/drivers/nvam.inf_amd64_7e083f37999613bd/libnvdxgdmal.so.1)
==348806==    by 0xC9D8B2FA: ??? (in /usr/lib/wsl/drivers/nvam.inf_amd64_7e083f37999613bd/libcuda.so.1.1)
==348806==    by 0xCA4D4A74: ??? (in /usr/lib/wsl/drivers/nvam.inf_amd64_7e083f37999613bd/libcuda.so.1.1)
==348806==    by 0xC9C01552: ??? (in /usr/lib/wsl/drivers/nvam.inf_amd64_7e083f37999613bd/libcuda.so.1.1)
==348806==    by 0xC9C6B121: ??? (in /usr/lib/wsl/drivers/nvam.inf_amd64_7e083f37999613bd/libcuda.so.1.1)
==348806==    by 0x4A34A75: ??? (in /usr/local/cuda-12.8/targets/x86_64-linux/lib/libcudart.so.12.8.90)
==348806==    by 0x4A39637: ??? (in /usr/local/cuda-12.8/targets/x86_64-linux/lib/libcudart.so.12.8.90)
==348806== 
==348806== Conditional jump or move depends on uninitialised value(s)
==348806==    at 0xCB809097: ??? (in /usr/lib/wsl/drivers/nvam.inf_amd64_7e083f37999613bd/libnvdxgdmal.so.1)
==348806==    by 0xC9E2B60C: ??? (in /usr/lib/wsl/drivers/nvam.inf_amd64_7e083f37999613bd/libcuda.so.1.1)
==348806==    by 0xC9C98D56: ??? (in /usr/lib/wsl/drivers/nvam.inf_amd64_7e083f37999613bd/libcuda.so.1.1)
==348806==    by 0xC9DC5FD0: ??? (in /usr/lib/wsl/drivers/nvam.inf_amd64_7e083f37999613bd/libcuda.so.1.1)
==348806==    by 0xC9DC653E: ??? (in /usr/lib/wsl/drivers/nvam.inf_amd64_7e083f37999613bd/libcuda.so.1.1)
==348806==    by 0xCB80A8E3: dxgdmalEnumAdapters (in /usr/lib/wsl/drivers/nvam.inf_amd64_7e083f37999613bd/libnvdxgdmal.so.1)
==348806==    by 0xC9D8B2FA: ??? (in /usr/lib/wsl/drivers/nvam.inf_amd64_7e083f37999613bd/libcuda.so.1.1)
==348806==    by 0xCA4D4A74: ??? (in /usr/lib/wsl/drivers/nvam.inf_amd64_7e083f37999613bd/libcuda.so.1.1)
==348806==    by 0xC9C01552: ??? (in /usr/lib/wsl/drivers/nvam.inf_amd64_7e083f37999613bd/libcuda.so.1.1)
==348806==    by 0xC9C6B121: ??? (in /usr/lib/wsl/drivers/nvam.inf_amd64_7e083f37999613bd/libcuda.so.1.1)
==348806==    by 0x4A34A75: ??? (in /usr/local/cuda-12.8/targets/x86_64-linux/lib/libcudart.so.12.8.90)
==348806==    by 0x4A39637: ??? (in /usr/local/cuda-12.8/targets/x86_64-linux/lib/libcudart.so.12.8.90)
==348806== 
==348806== Conditional jump or move depends on uninitialised value(s)
==348806==    at 0xCB809216: ??? (in /usr/lib/wsl/drivers/nvam.inf_amd64_7e083f37999613bd/libnvdxgdmal.so.1)
==348806==    by 0xC9E2B60C: ??? (in /usr/lib/wsl/drivers/nvam.inf_amd64_7e083f37999613bd/libcuda.so.1.1)
==348806==    by 0xC9C98D56: ??? (in /usr/lib/wsl/drivers/nvam.inf_amd64_7e083f37999613bd/libcuda.so.1.1)
==348806==    by 0xC9DC5FD0: ??? (in /usr/lib/wsl/drivers/nvam.inf_amd64_7e083f37999613bd/libcuda.so.1.1)
==348806==    by 0xC9DC653E: ??? (in /usr/lib/wsl/drivers/nvam.inf_amd64_7e083f37999613bd/libcuda.so.1.1)
==348806==    by 0xCB80A8E3: dxgdmalEnumAdapters (in /usr/lib/wsl/drivers/nvam.inf_amd64_7e083f37999613bd/libnvdxgdmal.so.1)
==348806==    by 0xC9D8B2FA: ??? (in /usr/lib/wsl/drivers/nvam.inf_amd64_7e083f37999613bd/libcuda.so.1.1)
==348806==    by 0xCA4D4A74: ??? (in /usr/lib/wsl/drivers/nvam.inf_amd64_7e083f37999613bd/libcuda.so.1.1)
==348806==    by 0xC9C01552: ??? (in /usr/lib/wsl/drivers/nvam.inf_amd64_7e083f37999613bd/libcuda.so.1.1)
==348806==    by 0xC9C6B121: ??? (in /usr/lib/wsl/drivers/nvam.inf_amd64_7e083f37999613bd/libcuda.so.1.1)
==348806==    by 0x4A34A75: ??? (in /usr/local/cuda-12.8/targets/x86_64-linux/lib/libcudart.so.12.8.90)
==348806==    by 0x4A39637: ??? (in /usr/local/cuda-12.8/targets/x86_64-linux/lib/libcudart.so.12.8.90)
==348806== 
==348806== Use of uninitialised value of size 8
==348806==    at 0xCB80921F: ??? (in /usr/lib/wsl/drivers/nvam.inf_amd64_7e083f37999613bd/libnvdxgdmal.so.1)
==348806==    by 0xC9E2B60C: ??? (in /usr/lib/wsl/drivers/nvam.inf_amd64_7e083f37999613bd/libcuda.so.1.1)
==348806==    by 0xC9C98D56: ??? (in /usr/lib/wsl/drivers/nvam.inf_amd64_7e083f37999613bd/libcuda.so.1.1)
==348806==    by 0xC9DC5FD0: ??? (in /usr/lib/wsl/drivers/nvam.inf_amd64_7e083f37999613bd/libcuda.so.1.1)
==348806==    by 0xC9DC653E: ??? (in /usr/lib/wsl/drivers/nvam.inf_amd64_7e083f37999613bd/libcuda.so.1.1)
==348806==    by 0xCB80A8E3: dxgdmalEnumAdapters (in /usr/lib/wsl/drivers/nvam.inf_amd64_7e083f37999613bd/libnvdxgdmal.so.1)
==348806==    by 0xC9D8B2FA: ??? (in /usr/lib/wsl/drivers/nvam.inf_amd64_7e083f37999613bd/libcuda.so.1.1)
==348806==    by 0xCA4D4A74: ??? (in /usr/lib/wsl/drivers/nvam.inf_amd64_7e083f37999613bd/libcuda.so.1.1)
==348806==    by 0xC9C01552: ??? (in /usr/lib/wsl/drivers/nvam.inf_amd64_7e083f37999613bd/libcuda.so.1.1)
==348806==    by 0xC9C6B121: ??? (in /usr/lib/wsl/drivers/nvam.inf_amd64_7e083f37999613bd/libcuda.so.1.1)
==348806==    by 0x4A34A75: ??? (in /usr/local/cuda-12.8/targets/x86_64-linux/lib/libcudart.so.12.8.90)
==348806==    by 0x4A39637: ??? (in /usr/local/cuda-12.8/targets/x86_64-linux/lib/libcudart.so.12.8.90)
==348806== 
==348806== Conditional jump or move depends on uninitialised value(s)
==348806==    at 0xCB8095EB: ??? (in /usr/lib/wsl/drivers/nvam.inf_amd64_7e083f37999613bd/libnvdxgdmal.so.1)
==348806==    by 0xC9E2B60C: ??? (in /usr/lib/wsl/drivers/nvam.inf_amd64_7e083f37999613bd/libcuda.so.1.1)
==348806==    by 0xC9C98D56: ??? (in /usr/lib/wsl/drivers/nvam.inf_amd64_7e083f37999613bd/libcuda.so.1.1)
==348806==    by 0xC9DC5FD0: ??? (in /usr/lib/wsl/drivers/nvam.inf_amd64_7e083f37999613bd/libcuda.so.1.1)
==348806==    by 0xC9DC653E: ??? (in /usr/lib/wsl/drivers/nvam.inf_amd64_7e083f37999613bd/libcuda.so.1.1)
==348806==    by 0xCB80A8E3: dxgdmalEnumAdapters (in /usr/lib/wsl/drivers/nvam.inf_amd64_7e083f37999613bd/libnvdxgdmal.so.1)
==348806==    by 0xC9D8B2FA: ??? (in /usr/lib/wsl/drivers/nvam.inf_amd64_7e083f37999613bd/libcuda.so.1.1)
==348806==    by 0xCA4D4A74: ??? (in /usr/lib/wsl/drivers/nvam.inf_amd64_7e083f37999613bd/libcuda.so.1.1)
==348806==    by 0xC9C01552: ??? (in /usr/lib/wsl/drivers/nvam.inf_amd64_7e083f37999613bd/libcuda.so.1.1)
==348806==    by 0xC9C6B121: ??? (in /usr/lib/wsl/drivers/nvam.inf_amd64_7e083f37999613bd/libcuda.so.1.1)
==348806==    by 0x4A34A75: ??? (in /usr/local/cuda-12.8/targets/x86_64-linux/lib/libcudart.so.12.8.90)
==348806==    by 0x4A39637: ??? (in /usr/local/cuda-12.8/targets/x86_64-linux/lib/libcudart.so.12.8.90)
==348806== 
==348806== Conditional jump or move depends on uninitialised value(s)
==348806==    at 0xCB80966C: ??? (in /usr/lib/wsl/drivers/nvam.inf_amd64_7e083f37999613bd/libnvdxgdmal.so.1)
==348806==    by 0xC9E2B60C: ??? (in /usr/lib/wsl/drivers/nvam.inf_amd64_7e083f37999613bd/libcuda.so.1.1)
==348806==    by 0xC9C98D56: ??? (in /usr/lib/wsl/drivers/nvam.inf_amd64_7e083f37999613bd/libcuda.so.1.1)
==348806==    by 0xC9DC5FD0: ??? (in /usr/lib/wsl/drivers/nvam.inf_amd64_7e083f37999613bd/libcuda.so.1.1)
==348806==    by 0xC9DC653E: ??? (in /usr/lib/wsl/drivers/nvam.inf_amd64_7e083f37999613bd/libcuda.so.1.1)
==348806==    by 0xCB80A8E3: dxgdmalEnumAdapters (in /usr/lib/wsl/drivers/nvam.inf_amd64_7e083f37999613bd/libnvdxgdmal.so.1)
==348806==    by 0xC9D8B2FA: ??? (in /usr/lib/wsl/drivers/nvam.inf_amd64_7e083f37999613bd/libcuda.so.1.1)
==348806==    by 0xCA4D4A74: ??? (in /usr/lib/wsl/drivers/nvam.inf_amd64_7e083f37999613bd/libcuda.so.1.1)
==348806==    by 0xC9C01552: ??? (in /usr/lib/wsl/drivers/nvam.inf_amd64_7e083f37999613bd/libcuda.so.1.1)
==348806==    by 0xC9C6B121: ??? (in /usr/lib/wsl/drivers/nvam.inf_amd64_7e083f37999613bd/libcuda.so.1.1)
==348806==    by 0x4A34A75: ??? (in /usr/local/cuda-12.8/targets/x86_64-linux/lib/libcudart.so.12.8.90)
==348806==    by 0x4A39637: ??? (in /usr/local/cuda-12.8/targets/x86_64-linux/lib/libcudart.so.12.8.90)
==348806== 
==348806== Use of uninitialised value of size 8
==348806==    at 0xCB809679: ??? (in /usr/lib/wsl/drivers/nvam.inf_amd64_7e083f37999613bd/libnvdxgdmal.so.1)
==348806==    by 0xC9E2B60C: ??? (in /usr/lib/wsl/drivers/nvam.inf_amd64_7e083f37999613bd/libcuda.so.1.1)
==348806==    by 0xC9C98D56: ??? (in /usr/lib/wsl/drivers/nvam.inf_amd64_7e083f37999613bd/libcuda.so.1.1)
==348806==    by 0xC9DC5FD0: ??? (in /usr/lib/wsl/drivers/nvam.inf_amd64_7e083f37999613bd/libcuda.so.1.1)
==348806==    by 0xC9DC653E: ??? (in /usr/lib/wsl/drivers/nvam.inf_amd64_7e083f37999613bd/libcuda.so.1.1)
==348806==    by 0xCB80A8E3: dxgdmalEnumAdapters (in /usr/lib/wsl/drivers/nvam.inf_amd64_7e083f37999613bd/libnvdxgdmal.so.1)
==348806==    by 0xC9D8B2FA: ??? (in /usr/lib/wsl/drivers/nvam.inf_amd64_7e083f37999613bd/libcuda.so.1.1)
==348806==    by 0xCA4D4A74: ??? (in /usr/lib/wsl/drivers/nvam.inf_amd64_7e083f37999613bd/libcuda.so.1.1)
==348806==    by 0xC9C01552: ??? (in /usr/lib/wsl/drivers/nvam.inf_amd64_7e083f37999613bd/libcuda.so.1.1)
==348806==    by 0xC9C6B121: ??? (in /usr/lib/wsl/drivers/nvam.inf_amd64_7e083f37999613bd/libcuda.so.1.1)
==348806==    by 0x4A34A75: ??? (in /usr/local/cuda-12.8/targets/x86_64-linux/lib/libcudart.so.12.8.90)
==348806==    by 0x4A39637: ??? (in /usr/local/cuda-12.8/targets/x86_64-linux/lib/libcudart.so.12.8.90)
==348806== 
==348806== Conditional jump or move depends on uninitialised value(s)
==348806==    at 0xCB80969F: ??? (in /usr/lib/wsl/drivers/nvam.inf_amd64_7e083f37999613bd/libnvdxgdmal.so.1)
==348806==    by 0xC9E2B60C: ??? (in /usr/lib/wsl/drivers/nvam.inf_amd64_7e083f37999613bd/libcuda.so.1.1)
==348806==    by 0xC9C98D56: ??? (in /usr/lib/wsl/drivers/nvam.inf_amd64_7e083f37999613bd/libcuda.so.1.1)
==348806==    by 0xC9DC5FD0: ??? (in /usr/lib/wsl/drivers/nvam.inf_amd64_7e083f37999613bd/libcuda.so.1.1)
==348806==    by 0xC9DC653E: ??? (in /usr/lib/wsl/drivers/nvam.inf_amd64_7e083f37999613bd/libcuda.so.1.1)
==348806==    by 0xCB80A8E3: dxgdmalEnumAdapters (in /usr/lib/wsl/drivers/nvam.inf_amd64_7e083f37999613bd/libnvdxgdmal.so.1)
==348806==    by 0xC9D8B2FA: ??? (in /usr/lib/wsl/drivers/nvam.inf_amd64_7e083f37999613bd/libcuda.so.1.1)
==348806==    by 0xCA4D4A74: ??? (in /usr/lib/wsl/drivers/nvam.inf_amd64_7e083f37999613bd/libcuda.so.1.1)
==348806==    by 0xC9C01552: ??? (in /usr/lib/wsl/drivers/nvam.inf_amd64_7e083f37999613bd/libcuda.so.1.1)
==348806==    by 0xC9C6B121: ??? (in /usr/lib/wsl/drivers/nvam.inf_amd64_7e083f37999613bd/libcuda.so.1.1)
==348806==    by 0x4A34A75: ??? (in /usr/local/cuda-12.8/targets/x86_64-linux/lib/libcudart.so.12.8.90)
==348806==    by 0x4A39637: ??? (in /usr/local/cuda-12.8/targets/x86_64-linux/lib/libcudart.so.12.8.90)
==348806== 
==348806== Use of uninitialised value of size 8
==348806==    at 0xCB8096A5: ??? (in /usr/lib/wsl/drivers/nvam.inf_amd64_7e083f37999613bd/libnvdxgdmal.so.1)
==348806==    by 0xC9E2B60C: ??? (in /usr/lib/wsl/drivers/nvam.inf_amd64_7e083f37999613bd/libcuda.so.1.1)
==348806==    by 0xC9C98D56: ??? (in /usr/lib/wsl/drivers/nvam.inf_amd64_7e083f37999613bd/libcuda.so.1.1)
==348806==    by 0xC9DC5FD0: ??? (in /usr/lib/wsl/drivers/nvam.inf_amd64_7e083f37999613bd/libcuda.so.1.1)
==348806==    by 0xC9DC653E: ??? (in /usr/lib/wsl/drivers/nvam.inf_amd64_7e083f37999613bd/libcuda.so.1.1)
==348806==    by 0xCB80A8E3: dxgdmalEnumAdapters (in /usr/lib/wsl/drivers/nvam.inf_amd64_7e083f37999613bd/libnvdxgdmal.so.1)
==348806==    by 0xC9D8B2FA: ??? (in /usr/lib/wsl/drivers/nvam.inf_amd64_7e083f37999613bd/libcuda.so.1.1)
==348806==    by 0xCA4D4A74: ??? (in /usr/lib/wsl/drivers/nvam.inf_amd64_7e083f37999613bd/libcuda.so.1.1)
==348806==    by 0xC9C01552: ??? (in /usr/lib/wsl/drivers/nvam.inf_amd64_7e083f37999613bd/libcuda.so.1.1)
==348806==    by 0xC9C6B121: ??? (in /usr/lib/wsl/drivers/nvam.inf_amd64_7e083f37999613bd/libcuda.so.1.1)
==348806==    by 0x4A34A75: ??? (in /usr/local/cuda-12.8/targets/x86_64-linux/lib/libcudart.so.12.8.90)
==348806==    by 0x4A39637: ??? (in /usr/local/cuda-12.8/targets/x86_64-linux/lib/libcudart.so.12.8.90)
==348806== 
==348806== Conditional jump or move depends on uninitialised value(s)
==348806==    at 0xCB8096E0: ??? (in /usr/lib/wsl/drivers/nvam.inf_amd64_7e083f37999613bd/libnvdxgdmal.so.1)
==348806==    by 0xC9E2B60C: ??? (in /usr/lib/wsl/drivers/nvam.inf_amd64_7e083f37999613bd/libcuda.so.1.1)
==348806==    by 0xC9C98D56: ??? (in /usr/lib/wsl/drivers/nvam.inf_amd64_7e083f37999613bd/libcuda.so.1.1)
==348806==    by 0xC9DC5FD0: ??? (in /usr/lib/wsl/drivers/nvam.inf_amd64_7e083f37999613bd/libcuda.so.1.1)
==348806==    by 0xC9DC653E: ??? (in /usr/lib/wsl/drivers/nvam.inf_amd64_7e083f37999613bd/libcuda.so.1.1)
==348806==    by 0xCB80A8E3: dxgdmalEnumAdapters (in /usr/lib/wsl/drivers/nvam.inf_amd64_7e083f37999613bd/libnvdxgdmal.so.1)
==348806==    by 0xC9D8B2FA: ??? (in /usr/lib/wsl/drivers/nvam.inf_amd64_7e083f37999613bd/libcuda.so.1.1)
==348806==    by 0xCA4D4A74: ??? (in /usr/lib/wsl/drivers/nvam.inf_amd64_7e083f37999613bd/libcuda.so.1.1)
==348806==    by 0xC9C01552: ??? (in /usr/lib/wsl/drivers/nvam.inf_amd64_7e083f37999613bd/libcuda.so.1.1)
==348806==    by 0xC9C6B121: ??? (in /usr/lib/wsl/drivers/nvam.inf_amd64_7e083f37999613bd/libcuda.so.1.1)
==348806==    by 0x4A34A75: ??? (in /usr/local/cuda-12.8/targets/x86_64-linux/lib/libcudart.so.12.8.90)
==348806==    by 0x4A39637: ??? (in /usr/local/cuda-12.8/targets/x86_64-linux/lib/libcudart.so.12.8.90)
==348806== 
==348806== Use of uninitialised value of size 8
==348806==    at 0xCB8096E6: ??? (in /usr/lib/wsl/drivers/nvam.inf_amd64_7e083f37999613bd/libnvdxgdmal.so.1)
==348806==    by 0xC9E2B60C: ??? (in /usr/lib/wsl/drivers/nvam.inf_amd64_7e083f37999613bd/libcuda.so.1.1)
==348806==    by 0xC9C98D56: ??? (in /usr/lib/wsl/drivers/nvam.inf_amd64_7e083f37999613bd/libcuda.so.1.1)
==348806==    by 0xC9DC5FD0: ??? (in /usr/lib/wsl/drivers/nvam.inf_amd64_7e083f37999613bd/libcuda.so.1.1)
==348806==    by 0xC9DC653E: ??? (in /usr/lib/wsl/drivers/nvam.inf_amd64_7e083f37999613bd/libcuda.so.1.1)
==348806==    by 0xCB80A8E3: dxgdmalEnumAdapters (in /usr/lib/wsl/drivers/nvam.inf_amd64_7e083f37999613bd/libnvdxgdmal.so.1)
==348806==    by 0xC9D8B2FA: ??? (in /usr/lib/wsl/drivers/nvam.inf_amd64_7e083f37999613bd/libcuda.so.1.1)
==348806==    by 0xCA4D4A74: ??? (in /usr/lib/wsl/drivers/nvam.inf_amd64_7e083f37999613bd/libcuda.so.1.1)
==348806==    by 0xC9C01552: ??? (in /usr/lib/wsl/drivers/nvam.inf_amd64_7e083f37999613bd/libcuda.so.1.1)
==348806==    by 0xC9C6B121: ??? (in /usr/lib/wsl/drivers/nvam.inf_amd64_7e083f37999613bd/libcuda.so.1.1)
==348806==    by 0x4A34A75: ??? (in /usr/local/cuda-12.8/targets/x86_64-linux/lib/libcudart.so.12.8.90)
==348806==    by 0x4A39637: ??? (in /usr/local/cuda-12.8/targets/x86_64-linux/lib/libcudart.so.12.8.90)
==348806== 
==348806== Conditional jump or move depends on uninitialised value(s)
==348806==    at 0xCB809720: ??? (in /usr/lib/wsl/drivers/nvam.inf_amd64_7e083f37999613bd/libnvdxgdmal.so.1)
==348806==    by 0xC9E2B60C: ??? (in /usr/lib/wsl/drivers/nvam.inf_amd64_7e083f37999613bd/libcuda.so.1.1)
==348806==    by 0xC9C98D56: ??? (in /usr/lib/wsl/drivers/nvam.inf_amd64_7e083f37999613bd/libcuda.so.1.1)
==348806==    by 0xC9DC5FD0: ??? (in /usr/lib/wsl/drivers/nvam.inf_amd64_7e083f37999613bd/libcuda.so.1.1)
==348806==    by 0xC9DC653E: ??? (in /usr/lib/wsl/drivers/nvam.inf_amd64_7e083f37999613bd/libcuda.so.1.1)
==348806==    by 0xCB80A8E3: dxgdmalEnumAdapters (in /usr/lib/wsl/drivers/nvam.inf_amd64_7e083f37999613bd/libnvdxgdmal.so.1)
==348806==    by 0xC9D8B2FA: ??? (in /usr/lib/wsl/drivers/nvam.inf_amd64_7e083f37999613bd/libcuda.so.1.1)
==348806==    by 0xCA4D4A74: ??? (in /usr/lib/wsl/drivers/nvam.inf_amd64_7e083f37999613bd/libcuda.so.1.1)
==348806==    by 0xC9C01552: ??? (in /usr/lib/wsl/drivers/nvam.inf_amd64_7e083f37999613bd/libcuda.so.1.1)
==348806==    by 0xC9C6B121: ??? (in /usr/lib/wsl/drivers/nvam.inf_amd64_7e083f37999613bd/libcuda.so.1.1)
==348806==    by 0x4A34A75: ??? (in /usr/local/cuda-12.8/targets/x86_64-linux/lib/libcudart.so.12.8.90)
==348806==    by 0x4A39637: ??? (in /usr/local/cuda-12.8/targets/x86_64-linux/lib/libcudart.so.12.8.90)
==348806== 
==348806== Use of uninitialised value of size 8
==348806==    at 0xCB809726: ??? (in /usr/lib/wsl/drivers/nvam.inf_amd64_7e083f37999613bd/libnvdxgdmal.so.1)
==348806==    by 0xC9E2B60C: ??? (in /usr/lib/wsl/drivers/nvam.inf_amd64_7e083f37999613bd/libcuda.so.1.1)
==348806==    by 0xC9C98D56: ??? (in /usr/lib/wsl/drivers/nvam.inf_amd64_7e083f37999613bd/libcuda.so.1.1)
==348806==    by 0xC9DC5FD0: ??? (in /usr/lib/wsl/drivers/nvam.inf_amd64_7e083f37999613bd/libcuda.so.1.1)
==348806==    by 0xC9DC653E: ??? (in /usr/lib/wsl/drivers/nvam.inf_amd64_7e083f37999613bd/libcuda.so.1.1)
==348806==    by 0xCB80A8E3: dxgdmalEnumAdapters (in /usr/lib/wsl/drivers/nvam.inf_amd64_7e083f37999613bd/libnvdxgdmal.so.1)
==348806==    by 0xC9D8B2FA: ??? (in /usr/lib/wsl/drivers/nvam.inf_amd64_7e083f37999613bd/libcuda.so.1.1)
==348806==    by 0xCA4D4A74: ??? (in /usr/lib/wsl/drivers/nvam.inf_amd64_7e083f37999613bd/libcuda.so.1.1)
==348806==    by 0xC9C01552: ??? (in /usr/lib/wsl/drivers/nvam.inf_amd64_7e083f37999613bd/libcuda.so.1.1)
==348806==    by 0xC9C6B121: ??? (in /usr/lib/wsl/drivers/nvam.inf_amd64_7e083f37999613bd/libcuda.so.1.1)
==348806==    by 0x4A34A75: ??? (in /usr/local/cuda-12.8/targets/x86_64-linux/lib/libcudart.so.12.8.90)
==348806==    by 0x4A39637: ??? (in /usr/local/cuda-12.8/targets/x86_64-linux/lib/libcudart.so.12.8.90)
==348806== 
==348806== Conditional jump or move depends on uninitialised value(s)
==348806==    at 0xCB8095BC: ??? (in /usr/lib/wsl/drivers/nvam.inf_amd64_7e083f37999613bd/libnvdxgdmal.so.1)
==348806==    by 0xC9E2B60C: ??? (in /usr/lib/wsl/drivers/nvam.inf_amd64_7e083f37999613bd/libcuda.so.1.1)
==348806==    by 0xC9C98D56: ??? (in /usr/lib/wsl/drivers/nvam.inf_amd64_7e083f37999613bd/libcuda.so.1.1)
==348806==    by 0xC9DC5FD0: ??? (in /usr/lib/wsl/drivers/nvam.inf_amd64_7e083f37999613bd/libcuda.so.1.1)
==348806==    by 0xC9DC653E: ??? (in /usr/lib/wsl/drivers/nvam.inf_amd64_7e083f37999613bd/libcuda.so.1.1)
==348806==    by 0xCB80A8E3: dxgdmalEnumAdapters (in /usr/lib/wsl/drivers/nvam.inf_amd64_7e083f37999613bd/libnvdxgdmal.so.1)
==348806==    by 0xC9D8B2FA: ??? (in /usr/lib/wsl/drivers/nvam.inf_amd64_7e083f37999613bd/libcuda.so.1.1)
==348806==    by 0xCA4D4A74: ??? (in /usr/lib/wsl/drivers/nvam.inf_amd64_7e083f37999613bd/libcuda.so.1.1)
==348806==    by 0xC9C01552: ??? (in /usr/lib/wsl/drivers/nvam.inf_amd64_7e083f37999613bd/libcuda.so.1.1)
==348806==    by 0xC9C6B121: ??? (in /usr/lib/wsl/drivers/nvam.inf_amd64_7e083f37999613bd/libcuda.so.1.1)
==348806==    by 0x4A34A75: ??? (in /usr/local/cuda-12.8/targets/x86_64-linux/lib/libcudart.so.12.8.90)
==348806==    by 0x4A39637: ??? (in /usr/local/cuda-12.8/targets/x86_64-linux/lib/libcudart.so.12.8.90)
==348806== 
==348806== Conditional jump or move depends on uninitialised value(s)
==348806==    at 0xCB80991D: ??? (in /usr/lib/wsl/drivers/nvam.inf_amd64_7e083f37999613bd/libnvdxgdmal.so.1)
==348806==    by 0xC9E2B60C: ??? (in /usr/lib/wsl/drivers/nvam.inf_amd64_7e083f37999613bd/libcuda.so.1.1)
==348806==    by 0xC9C98D56: ??? (in /usr/lib/wsl/drivers/nvam.inf_amd64_7e083f37999613bd/libcuda.so.1.1)
==348806==    by 0xC9DC5FD0: ??? (in /usr/lib/wsl/drivers/nvam.inf_amd64_7e083f37999613bd/libcuda.so.1.1)
==348806==    by 0xC9DC653E: ??? (in /usr/lib/wsl/drivers/nvam.inf_amd64_7e083f37999613bd/libcuda.so.1.1)
==348806==    by 0xCB80A8E3: dxgdmalEnumAdapters (in /usr/lib/wsl/drivers/nvam.inf_amd64_7e083f37999613bd/libnvdxgdmal.so.1)
==348806==    by 0xC9D8B2FA: ??? (in /usr/lib/wsl/drivers/nvam.inf_amd64_7e083f37999613bd/libcuda.so.1.1)
==348806==    by 0xCA4D4A74: ??? (in /usr/lib/wsl/drivers/nvam.inf_amd64_7e083f37999613bd/libcuda.so.1.1)
==348806==    by 0xC9C01552: ??? (in /usr/lib/wsl/drivers/nvam.inf_amd64_7e083f37999613bd/libcuda.so.1.1)
==348806==    by 0xC9C6B121: ??? (in /usr/lib/wsl/drivers/nvam.inf_amd64_7e083f37999613bd/libcuda.so.1.1)
==348806==    by 0x4A34A75: ??? (in /usr/local/cuda-12.8/targets/x86_64-linux/lib/libcudart.so.12.8.90)
==348806==    by 0x4A39637: ??? (in /usr/local/cuda-12.8/targets/x86_64-linux/lib/libcudart.so.12.8.90)
==348806== 
==348806== Conditional jump or move depends on uninitialised value(s)
==348806==    at 0xCB809987: ??? (in /usr/lib/wsl/drivers/nvam.inf_amd64_7e083f37999613bd/libnvdxgdmal.so.1)
==348806==    by 0xC9E2B60C: ??? (in /usr/lib/wsl/drivers/nvam.inf_amd64_7e083f37999613bd/libcuda.so.1.1)
==348806==    by 0xC9C98D56: ??? (in /usr/lib/wsl/drivers/nvam.inf_amd64_7e083f37999613bd/libcuda.so.1.1)
==348806==    by 0xC9DC5FD0: ??? (in /usr/lib/wsl/drivers/nvam.inf_amd64_7e083f37999613bd/libcuda.so.1.1)
==348806==    by 0xC9DC653E: ??? (in /usr/lib/wsl/drivers/nvam.inf_amd64_7e083f37999613bd/libcuda.so.1.1)
==348806==    by 0xCB80A8E3: dxgdmalEnumAdapters (in /usr/lib/wsl/drivers/nvam.inf_amd64_7e083f37999613bd/libnvdxgdmal.so.1)
==348806==    by 0xC9D8B2FA: ??? (in /usr/lib/wsl/drivers/nvam.inf_amd64_7e083f37999613bd/libcuda.so.1.1)
==348806==    by 0xCA4D4A74: ??? (in /usr/lib/wsl/drivers/nvam.inf_amd64_7e083f37999613bd/libcuda.so.1.1)
==348806==    by 0xC9C01552: ??? (in /usr/lib/wsl/drivers/nvam.inf_amd64_7e083f37999613bd/libcuda.so.1.1)
==348806==    by 0xC9C6B121: ??? (in /usr/lib/wsl/drivers/nvam.inf_amd64_7e083f37999613bd/libcuda.so.1.1)
==348806==    by 0x4A34A75: ??? (in /usr/local/cuda-12.8/targets/x86_64-linux/lib/libcudart.so.12.8.90)
==348806==    by 0x4A39637: ??? (in /usr/local/cuda-12.8/targets/x86_64-linux/lib/libcudart.so.12.8.90)
==348806== 
==348806== Conditional jump or move depends on uninitialised value(s)
==348806==    at 0xCB809992: ??? (in /usr/lib/wsl/drivers/nvam.inf_amd64_7e083f37999613bd/libnvdxgdmal.so.1)
==348806==    by 0xC9E2B60C: ??? (in /usr/lib/wsl/drivers/nvam.inf_amd64_7e083f37999613bd/libcuda.so.1.1)
==348806==    by 0xC9C98D56: ??? (in /usr/lib/wsl/drivers/nvam.inf_amd64_7e083f37999613bd/libcuda.so.1.1)
==348806==    by 0xC9DC5FD0: ??? (in /usr/lib/wsl/drivers/nvam.inf_amd64_7e083f37999613bd/libcuda.so.1.1)
==348806==    by 0xC9DC653E: ??? (in /usr/lib/wsl/drivers/nvam.inf_amd64_7e083f37999613bd/libcuda.so.1.1)
==348806==    by 0xCB80A8E3: dxgdmalEnumAdapters (in /usr/lib/wsl/drivers/nvam.inf_amd64_7e083f37999613bd/libnvdxgdmal.so.1)
==348806==    by 0xC9D8B2FA: ??? (in /usr/lib/wsl/drivers/nvam.inf_amd64_7e083f37999613bd/libcuda.so.1.1)
==348806==    by 0xCA4D4A74: ??? (in /usr/lib/wsl/drivers/nvam.inf_amd64_7e083f37999613bd/libcuda.so.1.1)
==348806==    by 0xC9C01552: ??? (in /usr/lib/wsl/drivers/nvam.inf_amd64_7e083f37999613bd/libcuda.so.1.1)
==348806==    by 0xC9C6B121: ??? (in /usr/lib/wsl/drivers/nvam.inf_amd64_7e083f37999613bd/libcuda.so.1.1)
==348806==    by 0x4A34A75: ??? (in /usr/local/cuda-12.8/targets/x86_64-linux/lib/libcudart.so.12.8.90)
==348806==    by 0x4A39637: ??? (in /usr/local/cuda-12.8/targets/x86_64-linux/lib/libcudart.so.12.8.90)
==348806== 
==348806== Conditional jump or move depends on uninitialised value(s)
==348806==    at 0xCB8099AE: ??? (in /usr/lib/wsl/drivers/nvam.inf_amd64_7e083f37999613bd/libnvdxgdmal.so.1)
==348806==    by 0xC9E2B60C: ??? (in /usr/lib/wsl/drivers/nvam.inf_amd64_7e083f37999613bd/libcuda.so.1.1)
==348806==    by 0xC9C98D56: ??? (in /usr/lib/wsl/drivers/nvam.inf_amd64_7e083f37999613bd/libcuda.so.1.1)
==348806==    by 0xC9DC5FD0: ??? (in /usr/lib/wsl/drivers/nvam.inf_amd64_7e083f37999613bd/libcuda.so.1.1)
==348806==    by 0xC9DC653E: ??? (in /usr/lib/wsl/drivers/nvam.inf_amd64_7e083f37999613bd/libcuda.so.1.1)
==348806==    by 0xCB80A8E3: dxgdmalEnumAdapters (in /usr/lib/wsl/drivers/nvam.inf_amd64_7e083f37999613bd/libnvdxgdmal.so.1)
==348806==    by 0xC9D8B2FA: ??? (in /usr/lib/wsl/drivers/nvam.inf_amd64_7e083f37999613bd/libcuda.so.1.1)
==348806==    by 0xCA4D4A74: ??? (in /usr/lib/wsl/drivers/nvam.inf_amd64_7e083f37999613bd/libcuda.so.1.1)
==348806==    by 0xC9C01552: ??? (in /usr/lib/wsl/drivers/nvam.inf_amd64_7e083f37999613bd/libcuda.so.1.1)
==348806==    by 0xC9C6B121: ??? (in /usr/lib/wsl/drivers/nvam.inf_amd64_7e083f37999613bd/libcuda.so.1.1)
==348806==    by 0x4A34A75: ??? (in /usr/local/cuda-12.8/targets/x86_64-linux/lib/libcudart.so.12.8.90)
==348806==    by 0x4A39637: ??? (in /usr/local/cuda-12.8/targets/x86_64-linux/lib/libcudart.so.12.8.90)
==348806== 
==348806== Conditional jump or move depends on uninitialised value(s)
==348806==    at 0xCB80996C: ??? (in /usr/lib/wsl/drivers/nvam.inf_amd64_7e083f37999613bd/libnvdxgdmal.so.1)
==348806==    by 0xC9E2B60C: ??? (in /usr/lib/wsl/drivers/nvam.inf_amd64_7e083f37999613bd/libcuda.so.1.1)
==348806==    by 0xC9C98D56: ??? (in /usr/lib/wsl/drivers/nvam.inf_amd64_7e083f37999613bd/libcuda.so.1.1)
==348806==    by 0xC9DC5FD0: ??? (in /usr/lib/wsl/drivers/nvam.inf_amd64_7e083f37999613bd/libcuda.so.1.1)
==348806==    by 0xC9DC653E: ??? (in /usr/lib/wsl/drivers/nvam.inf_amd64_7e083f37999613bd/libcuda.so.1.1)
==348806==    by 0xCB80A8E3: dxgdmalEnumAdapters (in /usr/lib/wsl/drivers/nvam.inf_amd64_7e083f37999613bd/libnvdxgdmal.so.1)
==348806==    by 0xC9D8B2FA: ??? (in /usr/lib/wsl/drivers/nvam.inf_amd64_7e083f37999613bd/libcuda.so.1.1)
==348806==    by 0xCA4D4A74: ??? (in /usr/lib/wsl/drivers/nvam.inf_amd64_7e083f37999613bd/libcuda.so.1.1)
==348806==    by 0xC9C01552: ??? (in /usr/lib/wsl/drivers/nvam.inf_amd64_7e083f37999613bd/libcuda.so.1.1)
==348806==    by 0xC9C6B121: ??? (in /usr/lib/wsl/drivers/nvam.inf_amd64_7e083f37999613bd/libcuda.so.1.1)
==348806==    by 0x4A34A75: ??? (in /usr/local/cuda-12.8/targets/x86_64-linux/lib/libcudart.so.12.8.90)
==348806==    by 0x4A39637: ??? (in /usr/local/cuda-12.8/targets/x86_64-linux/lib/libcudart.so.12.8.90)
==348806== 
==348806== Conditional jump or move depends on uninitialised value(s)
==348806==    at 0xCB80995F: ??? (in /usr/lib/wsl/drivers/nvam.inf_amd64_7e083f37999613bd/libnvdxgdmal.so.1)
==348806==    by 0xC9E2B60C: ??? (in /usr/lib/wsl/drivers/nvam.inf_amd64_7e083f37999613bd/libcuda.so.1.1)
==348806==    by 0xC9C98D56: ??? (in /usr/lib/wsl/drivers/nvam.inf_amd64_7e083f37999613bd/libcuda.so.1.1)
==348806==    by 0xC9DC5FD0: ??? (in /usr/lib/wsl/drivers/nvam.inf_amd64_7e083f37999613bd/libcuda.so.1.1)
==348806==    by 0xC9DC653E: ??? (in /usr/lib/wsl/drivers/nvam.inf_amd64_7e083f37999613bd/libcuda.so.1.1)
==348806==    by 0xCB80A8E3: dxgdmalEnumAdapters (in /usr/lib/wsl/drivers/nvam.inf_amd64_7e083f37999613bd/libnvdxgdmal.so.1)
==348806==    by 0xC9D8B2FA: ??? (in /usr/lib/wsl/drivers/nvam.inf_amd64_7e083f37999613bd/libcuda.so.1.1)
==348806==    by 0xCA4D4A74: ??? (in /usr/lib/wsl/drivers/nvam.inf_amd64_7e083f37999613bd/libcuda.so.1.1)
==348806==    by 0xC9C01552: ??? (in /usr/lib/wsl/drivers/nvam.inf_amd64_7e083f37999613bd/libcuda.so.1.1)
==348806==    by 0xC9C6B121: ??? (in /usr/lib/wsl/drivers/nvam.inf_amd64_7e083f37999613bd/libcuda.so.1.1)
==348806==    by 0x4A34A75: ??? (in /usr/local/cuda-12.8/targets/x86_64-linux/lib/libcudart.so.12.8.90)
==348806==    by 0x4A39637: ??? (in /usr/local/cuda-12.8/targets/x86_64-linux/lib/libcudart.so.12.8.90)
==348806== 
==348806== Conditional jump or move depends on uninitialised value(s)
==348806==    at 0xCB809A44: ??? (in /usr/lib/wsl/drivers/nvam.inf_amd64_7e083f37999613bd/libnvdxgdmal.so.1)
==348806==    by 0xC9E2B60C: ??? (in /usr/lib/wsl/drivers/nvam.inf_amd64_7e083f37999613bd/libcuda.so.1.1)
==348806==    by 0xC9C98D56: ??? (in /usr/lib/wsl/drivers/nvam.inf_amd64_7e083f37999613bd/libcuda.so.1.1)
==348806==    by 0xC9DC5FD0: ??? (in /usr/lib/wsl/drivers/nvam.inf_amd64_7e083f37999613bd/libcuda.so.1.1)
==348806==    by 0xC9DC653E: ??? (in /usr/lib/wsl/drivers/nvam.inf_amd64_7e083f37999613bd/libcuda.so.1.1)
==348806==    by 0xCB80A8E3: dxgdmalEnumAdapters (in /usr/lib/wsl/drivers/nvam.inf_amd64_7e083f37999613bd/libnvdxgdmal.so.1)
==348806==    by 0xC9D8B2FA: ??? (in /usr/lib/wsl/drivers/nvam.inf_amd64_7e083f37999613bd/libcuda.so.1.1)
==348806==    by 0xCA4D4A74: ??? (in /usr/lib/wsl/drivers/nvam.inf_amd64_7e083f37999613bd/libcuda.so.1.1)
==348806==    by 0xC9C01552: ??? (in /usr/lib/wsl/drivers/nvam.inf_amd64_7e083f37999613bd/libcuda.so.1.1)
==348806==    by 0xC9C6B121: ??? (in /usr/lib/wsl/drivers/nvam.inf_amd64_7e083f37999613bd/libcuda.so.1.1)
==348806==    by 0x4A34A75: ??? (in /usr/local/cuda-12.8/targets/x86_64-linux/lib/libcudart.so.12.8.90)
==348806==    by 0x4A39637: ??? (in /usr/local/cuda-12.8/targets/x86_64-linux/lib/libcudart.so.12.8.90)
==348806== 
==348806== Conditional jump or move depends on uninitialised value(s)
==348806==    at 0xCB809B86: ??? (in /usr/lib/wsl/drivers/nvam.inf_amd64_7e083f37999613bd/libnvdxgdmal.so.1)
==348806==    by 0xC9E2B60C: ??? (in /usr/lib/wsl/drivers/nvam.inf_amd64_7e083f37999613bd/libcuda.so.1.1)
==348806==    by 0xC9C98D56: ??? (in /usr/lib/wsl/drivers/nvam.inf_amd64_7e083f37999613bd/libcuda.so.1.1)
==348806==    by 0xC9DC5FD0: ??? (in /usr/lib/wsl/drivers/nvam.inf_amd64_7e083f37999613bd/libcuda.so.1.1)
==348806==    by 0xC9DC653E: ??? (in /usr/lib/wsl/drivers/nvam.inf_amd64_7e083f37999613bd/libcuda.so.1.1)
==348806==    by 0xCB80A8E3: dxgdmalEnumAdapters (in /usr/lib/wsl/drivers/nvam.inf_amd64_7e083f37999613bd/libnvdxgdmal.so.1)
==348806==    by 0xC9D8B2FA: ??? (in /usr/lib/wsl/drivers/nvam.inf_amd64_7e083f37999613bd/libcuda.so.1.1)
==348806==    by 0xCA4D4A74: ??? (in /usr/lib/wsl/drivers/nvam.inf_amd64_7e083f37999613bd/libcuda.so.1.1)
==348806==    by 0xC9C01552: ??? (in /usr/lib/wsl/drivers/nvam.inf_amd64_7e083f37999613bd/libcuda.so.1.1)
==348806==    by 0xC9C6B121: ??? (in /usr/lib/wsl/drivers/nvam.inf_amd64_7e083f37999613bd/libcuda.so.1.1)
==348806==    by 0x4A34A75: ??? (in /usr/local/cuda-12.8/targets/x86_64-linux/lib/libcudart.so.12.8.90)
==348806==    by 0x4A39637: ??? (in /usr/local/cuda-12.8/targets/x86_64-linux/lib/libcudart.so.12.8.90)
==348806== 
==348806== Conditional jump or move depends on uninitialised value(s)
==348806==    at 0xCB809CF2: ??? (in /usr/lib/wsl/drivers/nvam.inf_amd64_7e083f37999613bd/libnvdxgdmal.so.1)
==348806==    by 0xC9E2B60C: ??? (in /usr/lib/wsl/drivers/nvam.inf_amd64_7e083f37999613bd/libcuda.so.1.1)
==348806==    by 0xC9C98D56: ??? (in /usr/lib/wsl/drivers/nvam.inf_amd64_7e083f37999613bd/libcuda.so.1.1)
==348806==    by 0xC9DC5FD0: ??? (in /usr/lib/wsl/drivers/nvam.inf_amd64_7e083f37999613bd/libcuda.so.1.1)
==348806==    by 0xC9DC653E: ??? (in /usr/lib/wsl/drivers/nvam.inf_amd64_7e083f37999613bd/libcuda.so.1.1)
==348806==    by 0xCB80A8E3: dxgdmalEnumAdapters (in /usr/lib/wsl/drivers/nvam.inf_amd64_7e083f37999613bd/libnvdxgdmal.so.1)
==348806==    by 0xC9D8B2FA: ??? (in /usr/lib/wsl/drivers/nvam.inf_amd64_7e083f37999613bd/libcuda.so.1.1)
==348806==    by 0xCA4D4A74: ??? (in /usr/lib/wsl/drivers/nvam.inf_amd64_7e083f37999613bd/libcuda.so.1.1)
==348806==    by 0xC9C01552: ??? (in /usr/lib/wsl/drivers/nvam.inf_amd64_7e083f37999613bd/libcuda.so.1.1)
==348806==    by 0xC9C6B121: ??? (in /usr/lib/wsl/drivers/nvam.inf_amd64_7e083f37999613bd/libcuda.so.1.1)
==348806==    by 0x4A34A75: ??? (in /usr/local/cuda-12.8/targets/x86_64-linux/lib/libcudart.so.12.8.90)
==348806==    by 0x4A39637: ??? (in /usr/local/cuda-12.8/targets/x86_64-linux/lib/libcudart.so.12.8.90)
==348806== 
==348806== Conditional jump or move depends on uninitialised value(s)
==348806==    at 0xC9E2B651: ??? (in /usr/lib/wsl/drivers/nvam.inf_amd64_7e083f37999613bd/libcuda.so.1.1)
==348806==    by 0xC9C98D56: ??? (in /usr/lib/wsl/drivers/nvam.inf_amd64_7e083f37999613bd/libcuda.so.1.1)
==348806==    by 0xC9DC5FD0: ??? (in /usr/lib/wsl/drivers/nvam.inf_amd64_7e083f37999613bd/libcuda.so.1.1)
==348806==    by 0xC9DC653E: ??? (in /usr/lib/wsl/drivers/nvam.inf_amd64_7e083f37999613bd/libcuda.so.1.1)
==348806==    by 0xCB80A8E3: dxgdmalEnumAdapters (in /usr/lib/wsl/drivers/nvam.inf_amd64_7e083f37999613bd/libnvdxgdmal.so.1)
==348806==    by 0xC9D8B2FA: ??? (in /usr/lib/wsl/drivers/nvam.inf_amd64_7e083f37999613bd/libcuda.so.1.1)
==348806==    by 0xCA4D4A74: ??? (in /usr/lib/wsl/drivers/nvam.inf_amd64_7e083f37999613bd/libcuda.so.1.1)
==348806==    by 0xC9C01552: ??? (in /usr/lib/wsl/drivers/nvam.inf_amd64_7e083f37999613bd/libcuda.so.1.1)
==348806==    by 0xC9C6B121: ??? (in /usr/lib/wsl/drivers/nvam.inf_amd64_7e083f37999613bd/libcuda.so.1.1)
==348806==    by 0x4A34A75: ??? (in /usr/local/cuda-12.8/targets/x86_64-linux/lib/libcudart.so.12.8.90)
==348806==    by 0x4A39637: ??? (in /usr/local/cuda-12.8/targets/x86_64-linux/lib/libcudart.so.12.8.90)
==348806==    by 0x4F1DDEE7: __pthread_once_slow (pthread_once.c:116)
==348806== 
==348806== Conditional jump or move depends on uninitialised value(s)
==348806==    at 0xC9E2B677: ??? (in /usr/lib/wsl/drivers/nvam.inf_amd64_7e083f37999613bd/libcuda.so.1.1)
==348806==    by 0xC9C98D56: ??? (in /usr/lib/wsl/drivers/nvam.inf_amd64_7e083f37999613bd/libcuda.so.1.1)
==348806==    by 0xC9DC5FD0: ??? (in /usr/lib/wsl/drivers/nvam.inf_amd64_7e083f37999613bd/libcuda.so.1.1)
==348806==    by 0xC9DC653E: ??? (in /usr/lib/wsl/drivers/nvam.inf_amd64_7e083f37999613bd/libcuda.so.1.1)
==348806==    by 0xCB80A8E3: dxgdmalEnumAdapters (in /usr/lib/wsl/drivers/nvam.inf_amd64_7e083f37999613bd/libnvdxgdmal.so.1)
==348806==    by 0xC9D8B2FA: ??? (in /usr/lib/wsl/drivers/nvam.inf_amd64_7e083f37999613bd/libcuda.so.1.1)
==348806==    by 0xCA4D4A74: ??? (in /usr/lib/wsl/drivers/nvam.inf_amd64_7e083f37999613bd/libcuda.so.1.1)
==348806==    by 0xC9C01552: ??? (in /usr/lib/wsl/drivers/nvam.inf_amd64_7e083f37999613bd/libcuda.so.1.1)
==348806==    by 0xC9C6B121: ??? (in /usr/lib/wsl/drivers/nvam.inf_amd64_7e083f37999613bd/libcuda.so.1.1)
==348806==    by 0x4A34A75: ??? (in /usr/local/cuda-12.8/targets/x86_64-linux/lib/libcudart.so.12.8.90)
==348806==    by 0x4A39637: ??? (in /usr/local/cuda-12.8/targets/x86_64-linux/lib/libcudart.so.12.8.90)
==348806==    by 0x4F1DDEE7: __pthread_once_slow (pthread_once.c:116)
==348806== 
==348806== Conditional jump or move depends on uninitialised value(s)
==348806==    at 0xC9D8A7E6: ??? (in /usr/lib/wsl/drivers/nvam.inf_amd64_7e083f37999613bd/libcuda.so.1.1)
==348806==    by 0xC9E2B69C: ??? (in /usr/lib/wsl/drivers/nvam.inf_amd64_7e083f37999613bd/libcuda.so.1.1)
==348806==    by 0xC9C98D56: ??? (in /usr/lib/wsl/drivers/nvam.inf_amd64_7e083f37999613bd/libcuda.so.1.1)
==348806==    by 0xC9DC5FD0: ??? (in /usr/lib/wsl/drivers/nvam.inf_amd64_7e083f37999613bd/libcuda.so.1.1)
==348806==    by 0xC9DC653E: ??? (in /usr/lib/wsl/drivers/nvam.inf_amd64_7e083f37999613bd/libcuda.so.1.1)
==348806==    by 0xCB80A8E3: dxgdmalEnumAdapters (in /usr/lib/wsl/drivers/nvam.inf_amd64_7e083f37999613bd/libnvdxgdmal.so.1)
==348806==    by 0xC9D8B2FA: ??? (in /usr/lib/wsl/drivers/nvam.inf_amd64_7e083f37999613bd/libcuda.so.1.1)
==348806==    by 0xCA4D4A74: ??? (in /usr/lib/wsl/drivers/nvam.inf_amd64_7e083f37999613bd/libcuda.so.1.1)
==348806==    by 0xC9C01552: ??? (in /usr/lib/wsl/drivers/nvam.inf_amd64_7e083f37999613bd/libcuda.so.1.1)
==348806==    by 0xC9C6B121: ??? (in /usr/lib/wsl/drivers/nvam.inf_amd64_7e083f37999613bd/libcuda.so.1.1)
==348806==    by 0x4A34A75: ??? (in /usr/local/cuda-12.8/targets/x86_64-linux/lib/libcudart.so.12.8.90)
==348806==    by 0x4A39637: ??? (in /usr/local/cuda-12.8/targets/x86_64-linux/lib/libcudart.so.12.8.90)
==348806== 
==348806== Conditional jump or move depends on uninitialised value(s)
==348806==    at 0xC9D8A7F1: ??? (in /usr/lib/wsl/drivers/nvam.inf_amd64_7e083f37999613bd/libcuda.so.1.1)
==348806==    by 0xC9E2B69C: ??? (in /usr/lib/wsl/drivers/nvam.inf_amd64_7e083f37999613bd/libcuda.so.1.1)
==348806==    by 0xC9C98D56: ??? (in /usr/lib/wsl/drivers/nvam.inf_amd64_7e083f37999613bd/libcuda.so.1.1)
==348806==    by 0xC9DC5FD0: ??? (in /usr/lib/wsl/drivers/nvam.inf_amd64_7e083f37999613bd/libcuda.so.1.1)
==348806==    by 0xC9DC653E: ??? (in /usr/lib/wsl/drivers/nvam.inf_amd64_7e083f37999613bd/libcuda.so.1.1)
==348806==    by 0xCB80A8E3: dxgdmalEnumAdapters (in /usr/lib/wsl/drivers/nvam.inf_amd64_7e083f37999613bd/libnvdxgdmal.so.1)
==348806==    by 0xC9D8B2FA: ??? (in /usr/lib/wsl/drivers/nvam.inf_amd64_7e083f37999613bd/libcuda.so.1.1)
==348806==    by 0xCA4D4A74: ??? (in /usr/lib/wsl/drivers/nvam.inf_amd64_7e083f37999613bd/libcuda.so.1.1)
==348806==    by 0xC9C01552: ??? (in /usr/lib/wsl/drivers/nvam.inf_amd64_7e083f37999613bd/libcuda.so.1.1)
==348806==    by 0xC9C6B121: ??? (in /usr/lib/wsl/drivers/nvam.inf_amd64_7e083f37999613bd/libcuda.so.1.1)
==348806==    by 0x4A34A75: ??? (in /usr/local/cuda-12.8/targets/x86_64-linux/lib/libcudart.so.12.8.90)
==348806==    by 0x4A39637: ??? (in /usr/local/cuda-12.8/targets/x86_64-linux/lib/libcudart.so.12.8.90)
==348806== 
==348806== Conditional jump or move depends on uninitialised value(s)
==348806==    at 0xC9D8A80C: ??? (in /usr/lib/wsl/drivers/nvam.inf_amd64_7e083f37999613bd/libcuda.so.1.1)
==348806==    by 0xC9E2B69C: ??? (in /usr/lib/wsl/drivers/nvam.inf_amd64_7e083f37999613bd/libcuda.so.1.1)
==348806==    by 0xC9C98D56: ??? (in /usr/lib/wsl/drivers/nvam.inf_amd64_7e083f37999613bd/libcuda.so.1.1)
==348806==    by 0xC9DC5FD0: ??? (in /usr/lib/wsl/drivers/nvam.inf_amd64_7e083f37999613bd/libcuda.so.1.1)
==348806==    by 0xC9DC653E: ??? (in /usr/lib/wsl/drivers/nvam.inf_amd64_7e083f37999613bd/libcuda.so.1.1)
==348806==    by 0xCB80A8E3: dxgdmalEnumAdapters (in /usr/lib/wsl/drivers/nvam.inf_amd64_7e083f37999613bd/libnvdxgdmal.so.1)
==348806==    by 0xC9D8B2FA: ??? (in /usr/lib/wsl/drivers/nvam.inf_amd64_7e083f37999613bd/libcuda.so.1.1)
==348806==    by 0xCA4D4A74: ??? (in /usr/lib/wsl/drivers/nvam.inf_amd64_7e083f37999613bd/libcuda.so.1.1)
==348806==    by 0xC9C01552: ??? (in /usr/lib/wsl/drivers/nvam.inf_amd64_7e083f37999613bd/libcuda.so.1.1)
==348806==    by 0xC9C6B121: ??? (in /usr/lib/wsl/drivers/nvam.inf_amd64_7e083f37999613bd/libcuda.so.1.1)
==348806==    by 0x4A34A75: ??? (in /usr/local/cuda-12.8/targets/x86_64-linux/lib/libcudart.so.12.8.90)
==348806==    by 0x4A39637: ??? (in /usr/local/cuda-12.8/targets/x86_64-linux/lib/libcudart.so.12.8.90)
==348806== 
==348806== Conditional jump or move depends on uninitialised value(s)
==348806==    at 0xC9D8A807: ??? (in /usr/lib/wsl/drivers/nvam.inf_amd64_7e083f37999613bd/libcuda.so.1.1)
==348806==    by 0xC9E2B69C: ??? (in /usr/lib/wsl/drivers/nvam.inf_amd64_7e083f37999613bd/libcuda.so.1.1)
==348806==    by 0xC9C98D56: ??? (in /usr/lib/wsl/drivers/nvam.inf_amd64_7e083f37999613bd/libcuda.so.1.1)
==348806==    by 0xC9DC5FD0: ??? (in /usr/lib/wsl/drivers/nvam.inf_amd64_7e083f37999613bd/libcuda.so.1.1)
==348806==    by 0xC9DC653E: ??? (in /usr/lib/wsl/drivers/nvam.inf_amd64_7e083f37999613bd/libcuda.so.1.1)
==348806==    by 0xCB80A8E3: dxgdmalEnumAdapters (in /usr/lib/wsl/drivers/nvam.inf_amd64_7e083f37999613bd/libnvdxgdmal.so.1)
==348806==    by 0xC9D8B2FA: ??? (in /usr/lib/wsl/drivers/nvam.inf_amd64_7e083f37999613bd/libcuda.so.1.1)
==348806==    by 0xCA4D4A74: ??? (in /usr/lib/wsl/drivers/nvam.inf_amd64_7e083f37999613bd/libcuda.so.1.1)
==348806==    by 0xC9C01552: ??? (in /usr/lib/wsl/drivers/nvam.inf_amd64_7e083f37999613bd/libcuda.so.1.1)
==348806==    by 0xC9C6B121: ??? (in /usr/lib/wsl/drivers/nvam.inf_amd64_7e083f37999613bd/libcuda.so.1.1)
==348806==    by 0x4A34A75: ??? (in /usr/local/cuda-12.8/targets/x86_64-linux/lib/libcudart.so.12.8.90)
==348806==    by 0x4A39637: ??? (in /usr/local/cuda-12.8/targets/x86_64-linux/lib/libcudart.so.12.8.90)
==348806== 
==348806== Conditional jump or move depends on uninitialised value(s)
==348806==    at 0xC9E2B89A: ??? (in /usr/lib/wsl/drivers/nvam.inf_amd64_7e083f37999613bd/libcuda.so.1.1)
==348806==    by 0xC9C98D56: ??? (in /usr/lib/wsl/drivers/nvam.inf_amd64_7e083f37999613bd/libcuda.so.1.1)
==348806==    by 0xC9DC5FD0: ??? (in /usr/lib/wsl/drivers/nvam.inf_amd64_7e083f37999613bd/libcuda.so.1.1)
==348806==    by 0xC9DC653E: ??? (in /usr/lib/wsl/drivers/nvam.inf_amd64_7e083f37999613bd/libcuda.so.1.1)
==348806==    by 0xCB80A8E3: dxgdmalEnumAdapters (in /usr/lib/wsl/drivers/nvam.inf_amd64_7e083f37999613bd/libnvdxgdmal.so.1)
==348806==    by 0xC9D8B2FA: ??? (in /usr/lib/wsl/drivers/nvam.inf_amd64_7e083f37999613bd/libcuda.so.1.1)
==348806==    by 0xCA4D4A74: ??? (in /usr/lib/wsl/drivers/nvam.inf_amd64_7e083f37999613bd/libcuda.so.1.1)
==348806==    by 0xC9C01552: ??? (in /usr/lib/wsl/drivers/nvam.inf_amd64_7e083f37999613bd/libcuda.so.1.1)
==348806==    by 0xC9C6B121: ??? (in /usr/lib/wsl/drivers/nvam.inf_amd64_7e083f37999613bd/libcuda.so.1.1)
==348806==    by 0x4A34A75: ??? (in /usr/local/cuda-12.8/targets/x86_64-linux/lib/libcudart.so.12.8.90)
==348806==    by 0x4A39637: ??? (in /usr/local/cuda-12.8/targets/x86_64-linux/lib/libcudart.so.12.8.90)
==348806==    by 0x4F1DDEE7: __pthread_once_slow (pthread_once.c:116)
==348806== 
==348806== Conditional jump or move depends on uninitialised value(s)
==348806==    at 0xC9E2BB91: ??? (in /usr/lib/wsl/drivers/nvam.inf_amd64_7e083f37999613bd/libcuda.so.1.1)
==348806==    by 0xC9C98D56: ??? (in /usr/lib/wsl/drivers/nvam.inf_amd64_7e083f37999613bd/libcuda.so.1.1)
==348806==    by 0xC9DC5FD0: ??? (in /usr/lib/wsl/drivers/nvam.inf_amd64_7e083f37999613bd/libcuda.so.1.1)
==348806==    by 0xC9DC653E: ??? (in /usr/lib/wsl/drivers/nvam.inf_amd64_7e083f37999613bd/libcuda.so.1.1)
==348806==    by 0xCB80A8E3: dxgdmalEnumAdapters (in /usr/lib/wsl/drivers/nvam.inf_amd64_7e083f37999613bd/libnvdxgdmal.so.1)
==348806==    by 0xC9D8B2FA: ??? (in /usr/lib/wsl/drivers/nvam.inf_amd64_7e083f37999613bd/libcuda.so.1.1)
==348806==    by 0xCA4D4A74: ??? (in /usr/lib/wsl/drivers/nvam.inf_amd64_7e083f37999613bd/libcuda.so.1.1)
==348806==    by 0xC9C01552: ??? (in /usr/lib/wsl/drivers/nvam.inf_amd64_7e083f37999613bd/libcuda.so.1.1)
==348806==    by 0xC9C6B121: ??? (in /usr/lib/wsl/drivers/nvam.inf_amd64_7e083f37999613bd/libcuda.so.1.1)
==348806==    by 0x4A34A75: ??? (in /usr/local/cuda-12.8/targets/x86_64-linux/lib/libcudart.so.12.8.90)
==348806==    by 0x4A39637: ??? (in /usr/local/cuda-12.8/targets/x86_64-linux/lib/libcudart.so.12.8.90)
==348806==    by 0x4F1DDEE7: __pthread_once_slow (pthread_once.c:116)
==348806== 
==348806== Conditional jump or move depends on uninitialised value(s)
==348806==    at 0xC9E2BBC9: ??? (in /usr/lib/wsl/drivers/nvam.inf_amd64_7e083f37999613bd/libcuda.so.1.1)
==348806==    by 0xC9C98D56: ??? (in /usr/lib/wsl/drivers/nvam.inf_amd64_7e083f37999613bd/libcuda.so.1.1)
==348806==    by 0xC9DC5FD0: ??? (in /usr/lib/wsl/drivers/nvam.inf_amd64_7e083f37999613bd/libcuda.so.1.1)
==348806==    by 0xC9DC653E: ??? (in /usr/lib/wsl/drivers/nvam.inf_amd64_7e083f37999613bd/libcuda.so.1.1)
==348806==    by 0xCB80A8E3: dxgdmalEnumAdapters (in /usr/lib/wsl/drivers/nvam.inf_amd64_7e083f37999613bd/libnvdxgdmal.so.1)
==348806==    by 0xC9D8B2FA: ??? (in /usr/lib/wsl/drivers/nvam.inf_amd64_7e083f37999613bd/libcuda.so.1.1)
==348806==    by 0xCA4D4A74: ??? (in /usr/lib/wsl/drivers/nvam.inf_amd64_7e083f37999613bd/libcuda.so.1.1)
==348806==    by 0xC9C01552: ??? (in /usr/lib/wsl/drivers/nvam.inf_amd64_7e083f37999613bd/libcuda.so.1.1)
==348806==    by 0xC9C6B121: ??? (in /usr/lib/wsl/drivers/nvam.inf_amd64_7e083f37999613bd/libcuda.so.1.1)
==348806==    by 0x4A34A75: ??? (in /usr/local/cuda-12.8/targets/x86_64-linux/lib/libcudart.so.12.8.90)
==348806==    by 0x4A39637: ??? (in /usr/local/cuda-12.8/targets/x86_64-linux/lib/libcudart.so.12.8.90)
==348806==    by 0x4F1DDEE7: __pthread_once_slow (pthread_once.c:116)
==348806== 
==348806== Use of uninitialised value of size 8
==348806==    at 0xC9E2BF4E: ??? (in /usr/lib/wsl/drivers/nvam.inf_amd64_7e083f37999613bd/libcuda.so.1.1)
==348806==    by 0xC9C98D56: ??? (in /usr/lib/wsl/drivers/nvam.inf_amd64_7e083f37999613bd/libcuda.so.1.1)
==348806==    by 0xC9DC5FD0: ??? (in /usr/lib/wsl/drivers/nvam.inf_amd64_7e083f37999613bd/libcuda.so.1.1)
==348806==    by 0xC9DC653E: ??? (in /usr/lib/wsl/drivers/nvam.inf_amd64_7e083f37999613bd/libcuda.so.1.1)
==348806==    by 0xCB80A8E3: dxgdmalEnumAdapters (in /usr/lib/wsl/drivers/nvam.inf_amd64_7e083f37999613bd/libnvdxgdmal.so.1)
==348806==    by 0xC9D8B2FA: ??? (in /usr/lib/wsl/drivers/nvam.inf_amd64_7e083f37999613bd/libcuda.so.1.1)
==348806==    by 0xCA4D4A74: ??? (in /usr/lib/wsl/drivers/nvam.inf_amd64_7e083f37999613bd/libcuda.so.1.1)
==348806==    by 0xC9C01552: ??? (in /usr/lib/wsl/drivers/nvam.inf_amd64_7e083f37999613bd/libcuda.so.1.1)
==348806==    by 0xC9C6B121: ??? (in /usr/lib/wsl/drivers/nvam.inf_amd64_7e083f37999613bd/libcuda.so.1.1)
==348806==    by 0x4A34A75: ??? (in /usr/local/cuda-12.8/targets/x86_64-linux/lib/libcudart.so.12.8.90)
==348806==    by 0x4A39637: ??? (in /usr/local/cuda-12.8/targets/x86_64-linux/lib/libcudart.so.12.8.90)
==348806==    by 0x4F1DDEE7: __pthread_once_slow (pthread_once.c:116)
==348806== 
==348806== Conditional jump or move depends on uninitialised value(s)
==348806==    at 0xC9BD7880: ??? (in /usr/lib/wsl/drivers/nvam.inf_amd64_7e083f37999613bd/libcuda.so.1.1)
==348806==    by 0xC9E2BF81: ??? (in /usr/lib/wsl/drivers/nvam.inf_amd64_7e083f37999613bd/libcuda.so.1.1)
==348806==    by 0xC9C98D56: ??? (in /usr/lib/wsl/drivers/nvam.inf_amd64_7e083f37999613bd/libcuda.so.1.1)
==348806==    by 0xC9DC5FD0: ??? (in /usr/lib/wsl/drivers/nvam.inf_amd64_7e083f37999613bd/libcuda.so.1.1)
==348806==    by 0xC9DC653E: ??? (in /usr/lib/wsl/drivers/nvam.inf_amd64_7e083f37999613bd/libcuda.so.1.1)
==348806==    by 0xCB80A8E3: dxgdmalEnumAdapters (in /usr/lib/wsl/drivers/nvam.inf_amd64_7e083f37999613bd/libnvdxgdmal.so.1)
==348806==    by 0xC9D8B2FA: ??? (in /usr/lib/wsl/drivers/nvam.inf_amd64_7e083f37999613bd/libcuda.so.1.1)
==348806==    by 0xCA4D4A74: ??? (in /usr/lib/wsl/drivers/nvam.inf_amd64_7e083f37999613bd/libcuda.so.1.1)
==348806==    by 0xC9C01552: ??? (in /usr/lib/wsl/drivers/nvam.inf_amd64_7e083f37999613bd/libcuda.so.1.1)
==348806==    by 0xC9C6B121: ??? (in /usr/lib/wsl/drivers/nvam.inf_amd64_7e083f37999613bd/libcuda.so.1.1)
==348806==    by 0x4A34A75: ??? (in /usr/local/cuda-12.8/targets/x86_64-linux/lib/libcudart.so.12.8.90)
==348806==    by 0x4A39637: ??? (in /usr/local/cuda-12.8/targets/x86_64-linux/lib/libcudart.so.12.8.90)
==348806== 
==348806== Conditional jump or move depends on uninitialised value(s)
==348806==    at 0xC9BD7A83: ??? (in /usr/lib/wsl/drivers/nvam.inf_amd64_7e083f37999613bd/libcuda.so.1.1)
==348806==    by 0xC9E2BF81: ??? (in /usr/lib/wsl/drivers/nvam.inf_amd64_7e083f37999613bd/libcuda.so.1.1)
==348806==    by 0xC9C98D56: ??? (in /usr/lib/wsl/drivers/nvam.inf_amd64_7e083f37999613bd/libcuda.so.1.1)
==348806==    by 0xC9DC5FD0: ??? (in /usr/lib/wsl/drivers/nvam.inf_amd64_7e083f37999613bd/libcuda.so.1.1)
==348806==    by 0xC9DC653E: ??? (in /usr/lib/wsl/drivers/nvam.inf_amd64_7e083f37999613bd/libcuda.so.1.1)
==348806==    by 0xCB80A8E3: dxgdmalEnumAdapters (in /usr/lib/wsl/drivers/nvam.inf_amd64_7e083f37999613bd/libnvdxgdmal.so.1)
==348806==    by 0xC9D8B2FA: ??? (in /usr/lib/wsl/drivers/nvam.inf_amd64_7e083f37999613bd/libcuda.so.1.1)
==348806==    by 0xCA4D4A74: ??? (in /usr/lib/wsl/drivers/nvam.inf_amd64_7e083f37999613bd/libcuda.so.1.1)
==348806==    by 0xC9C01552: ??? (in /usr/lib/wsl/drivers/nvam.inf_amd64_7e083f37999613bd/libcuda.so.1.1)
==348806==    by 0xC9C6B121: ??? (in /usr/lib/wsl/drivers/nvam.inf_amd64_7e083f37999613bd/libcuda.so.1.1)
==348806==    by 0x4A34A75: ??? (in /usr/local/cuda-12.8/targets/x86_64-linux/lib/libcudart.so.12.8.90)
==348806==    by 0x4A39637: ??? (in /usr/local/cuda-12.8/targets/x86_64-linux/lib/libcudart.so.12.8.90)
==348806== 
==348806== Conditional jump or move depends on uninitialised value(s)
==348806==    at 0xC9D8A7E6: ??? (in /usr/lib/wsl/drivers/nvam.inf_amd64_7e083f37999613bd/libcuda.so.1.1)
==348806==    by 0xC9BD7B43: ??? (in /usr/lib/wsl/drivers/nvam.inf_amd64_7e083f37999613bd/libcuda.so.1.1)
==348806==    by 0xC9E2BF81: ??? (in /usr/lib/wsl/drivers/nvam.inf_amd64_7e083f37999613bd/libcuda.so.1.1)
==348806==    by 0xC9C98D56: ??? (in /usr/lib/wsl/drivers/nvam.inf_amd64_7e083f37999613bd/libcuda.so.1.1)
==348806==    by 0xC9DC5FD0: ??? (in /usr/lib/wsl/drivers/nvam.inf_amd64_7e083f37999613bd/libcuda.so.1.1)
==348806==    by 0xC9DC653E: ??? (in /usr/lib/wsl/drivers/nvam.inf_amd64_7e083f37999613bd/libcuda.so.1.1)
==348806==    by 0xCB80A8E3: dxgdmalEnumAdapters (in /usr/lib/wsl/drivers/nvam.inf_amd64_7e083f37999613bd/libnvdxgdmal.so.1)
==348806==    by 0xC9D8B2FA: ??? (in /usr/lib/wsl/drivers/nvam.inf_amd64_7e083f37999613bd/libcuda.so.1.1)
==348806==    by 0xCA4D4A74: ??? (in /usr/lib/wsl/drivers/nvam.inf_amd64_7e083f37999613bd/libcuda.so.1.1)
==348806==    by 0xC9C01552: ??? (in /usr/lib/wsl/drivers/nvam.inf_amd64_7e083f37999613bd/libcuda.so.1.1)
==348806==    by 0xC9C6B121: ??? (in /usr/lib/wsl/drivers/nvam.inf_amd64_7e083f37999613bd/libcuda.so.1.1)
==348806==    by 0x4A34A75: ??? (in /usr/local/cuda-12.8/targets/x86_64-linux/lib/libcudart.so.12.8.90)
==348806== 
==348806== Conditional jump or move depends on uninitialised value(s)
==348806==    at 0xC9D8A7F1: ??? (in /usr/lib/wsl/drivers/nvam.inf_amd64_7e083f37999613bd/libcuda.so.1.1)
==348806==    by 0xC9BD7B43: ??? (in /usr/lib/wsl/drivers/nvam.inf_amd64_7e083f37999613bd/libcuda.so.1.1)
==348806==    by 0xC9E2BF81: ??? (in /usr/lib/wsl/drivers/nvam.inf_amd64_7e083f37999613bd/libcuda.so.1.1)
==348806==    by 0xC9C98D56: ??? (in /usr/lib/wsl/drivers/nvam.inf_amd64_7e083f37999613bd/libcuda.so.1.1)
==348806==    by 0xC9DC5FD0: ??? (in /usr/lib/wsl/drivers/nvam.inf_amd64_7e083f37999613bd/libcuda.so.1.1)
==348806==    by 0xC9DC653E: ??? (in /usr/lib/wsl/drivers/nvam.inf_amd64_7e083f37999613bd/libcuda.so.1.1)
==348806==    by 0xCB80A8E3: dxgdmalEnumAdapters (in /usr/lib/wsl/drivers/nvam.inf_amd64_7e083f37999613bd/libnvdxgdmal.so.1)
==348806==    by 0xC9D8B2FA: ??? (in /usr/lib/wsl/drivers/nvam.inf_amd64_7e083f37999613bd/libcuda.so.1.1)
==348806==    by 0xCA4D4A74: ??? (in /usr/lib/wsl/drivers/nvam.inf_amd64_7e083f37999613bd/libcuda.so.1.1)
==348806==    by 0xC9C01552: ??? (in /usr/lib/wsl/drivers/nvam.inf_amd64_7e083f37999613bd/libcuda.so.1.1)
==348806==    by 0xC9C6B121: ??? (in /usr/lib/wsl/drivers/nvam.inf_amd64_7e083f37999613bd/libcuda.so.1.1)
==348806==    by 0x4A34A75: ??? (in /usr/local/cuda-12.8/targets/x86_64-linux/lib/libcudart.so.12.8.90)
==348806== 
==348806== Conditional jump or move depends on uninitialised value(s)
==348806==    at 0xC9D8A80C: ??? (in /usr/lib/wsl/drivers/nvam.inf_amd64_7e083f37999613bd/libcuda.so.1.1)
==348806==    by 0xC9BD7B43: ??? (in /usr/lib/wsl/drivers/nvam.inf_amd64_7e083f37999613bd/libcuda.so.1.1)
==348806==    by 0xC9E2BF81: ??? (in /usr/lib/wsl/drivers/nvam.inf_amd64_7e083f37999613bd/libcuda.so.1.1)
==348806==    by 0xC9C98D56: ??? (in /usr/lib/wsl/drivers/nvam.inf_amd64_7e083f37999613bd/libcuda.so.1.1)
==348806==    by 0xC9DC5FD0: ??? (in /usr/lib/wsl/drivers/nvam.inf_amd64_7e083f37999613bd/libcuda.so.1.1)
==348806==    by 0xC9DC653E: ??? (in /usr/lib/wsl/drivers/nvam.inf_amd64_7e083f37999613bd/libcuda.so.1.1)
==348806==    by 0xCB80A8E3: dxgdmalEnumAdapters (in /usr/lib/wsl/drivers/nvam.inf_amd64_7e083f37999613bd/libnvdxgdmal.so.1)
==348806==    by 0xC9D8B2FA: ??? (in /usr/lib/wsl/drivers/nvam.inf_amd64_7e083f37999613bd/libcuda.so.1.1)
==348806==    by 0xCA4D4A74: ??? (in /usr/lib/wsl/drivers/nvam.inf_amd64_7e083f37999613bd/libcuda.so.1.1)
==348806==    by 0xC9C01552: ??? (in /usr/lib/wsl/drivers/nvam.inf_amd64_7e083f37999613bd/libcuda.so.1.1)
==348806==    by 0xC9C6B121: ??? (in /usr/lib/wsl/drivers/nvam.inf_amd64_7e083f37999613bd/libcuda.so.1.1)
==348806==    by 0x4A34A75: ??? (in /usr/local/cuda-12.8/targets/x86_64-linux/lib/libcudart.so.12.8.90)
==348806== 
==348806== Conditional jump or move depends on uninitialised value(s)
==348806==    at 0xC9D8A807: ??? (in /usr/lib/wsl/drivers/nvam.inf_amd64_7e083f37999613bd/libcuda.so.1.1)
==348806==    by 0xC9BD7B43: ??? (in /usr/lib/wsl/drivers/nvam.inf_amd64_7e083f37999613bd/libcuda.so.1.1)
==348806==    by 0xC9E2BF81: ??? (in /usr/lib/wsl/drivers/nvam.inf_amd64_7e083f37999613bd/libcuda.so.1.1)
==348806==    by 0xC9C98D56: ??? (in /usr/lib/wsl/drivers/nvam.inf_amd64_7e083f37999613bd/libcuda.so.1.1)
==348806==    by 0xC9DC5FD0: ??? (in /usr/lib/wsl/drivers/nvam.inf_amd64_7e083f37999613bd/libcuda.so.1.1)
==348806==    by 0xC9DC653E: ??? (in /usr/lib/wsl/drivers/nvam.inf_amd64_7e083f37999613bd/libcuda.so.1.1)
==348806==    by 0xCB80A8E3: dxgdmalEnumAdapters (in /usr/lib/wsl/drivers/nvam.inf_amd64_7e083f37999613bd/libnvdxgdmal.so.1)
==348806==    by 0xC9D8B2FA: ??? (in /usr/lib/wsl/drivers/nvam.inf_amd64_7e083f37999613bd/libcuda.so.1.1)
==348806==    by 0xCA4D4A74: ??? (in /usr/lib/wsl/drivers/nvam.inf_amd64_7e083f37999613bd/libcuda.so.1.1)
==348806==    by 0xC9C01552: ??? (in /usr/lib/wsl/drivers/nvam.inf_amd64_7e083f37999613bd/libcuda.so.1.1)
==348806==    by 0xC9C6B121: ??? (in /usr/lib/wsl/drivers/nvam.inf_amd64_7e083f37999613bd/libcuda.so.1.1)
==348806==    by 0x4A34A75: ??? (in /usr/local/cuda-12.8/targets/x86_64-linux/lib/libcudart.so.12.8.90)
==348806== 
==348806== Conditional jump or move depends on uninitialised value(s)
==348806==    at 0xC9D8A7E6: ??? (in /usr/lib/wsl/drivers/nvam.inf_amd64_7e083f37999613bd/libcuda.so.1.1)
==348806==    by 0xC9BD7B52: ??? (in /usr/lib/wsl/drivers/nvam.inf_amd64_7e083f37999613bd/libcuda.so.1.1)
==348806==    by 0xC9E2BF81: ??? (in /usr/lib/wsl/drivers/nvam.inf_amd64_7e083f37999613bd/libcuda.so.1.1)
==348806==    by 0xC9C98D56: ??? (in /usr/lib/wsl/drivers/nvam.inf_amd64_7e083f37999613bd/libcuda.so.1.1)
==348806==    by 0xC9DC5FD0: ??? (in /usr/lib/wsl/drivers/nvam.inf_amd64_7e083f37999613bd/libcuda.so.1.1)
==348806==    by 0xC9DC653E: ??? (in /usr/lib/wsl/drivers/nvam.inf_amd64_7e083f37999613bd/libcuda.so.1.1)
==348806==    by 0xCB80A8E3: dxgdmalEnumAdapters (in /usr/lib/wsl/drivers/nvam.inf_amd64_7e083f37999613bd/libnvdxgdmal.so.1)
==348806==    by 0xC9D8B2FA: ??? (in /usr/lib/wsl/drivers/nvam.inf_amd64_7e083f37999613bd/libcuda.so.1.1)
==348806==    by 0xCA4D4A74: ??? (in /usr/lib/wsl/drivers/nvam.inf_amd64_7e083f37999613bd/libcuda.so.1.1)
==348806==    by 0xC9C01552: ??? (in /usr/lib/wsl/drivers/nvam.inf_amd64_7e083f37999613bd/libcuda.so.1.1)
==348806==    by 0xC9C6B121: ??? (in /usr/lib/wsl/drivers/nvam.inf_amd64_7e083f37999613bd/libcuda.so.1.1)
==348806==    by 0x4A34A75: ??? (in /usr/local/cuda-12.8/targets/x86_64-linux/lib/libcudart.so.12.8.90)
==348806== 
==348806== Conditional jump or move depends on uninitialised value(s)
==348806==    at 0xC9D8A7F1: ??? (in /usr/lib/wsl/drivers/nvam.inf_amd64_7e083f37999613bd/libcuda.so.1.1)
==348806==    by 0xC9BD7B52: ??? (in /usr/lib/wsl/drivers/nvam.inf_amd64_7e083f37999613bd/libcuda.so.1.1)
==348806==    by 0xC9E2BF81: ??? (in /usr/lib/wsl/drivers/nvam.inf_amd64_7e083f37999613bd/libcuda.so.1.1)
==348806==    by 0xC9C98D56: ??? (in /usr/lib/wsl/drivers/nvam.inf_amd64_7e083f37999613bd/libcuda.so.1.1)
==348806==    by 0xC9DC5FD0: ??? (in /usr/lib/wsl/drivers/nvam.inf_amd64_7e083f37999613bd/libcuda.so.1.1)
==348806==    by 0xC9DC653E: ??? (in /usr/lib/wsl/drivers/nvam.inf_amd64_7e083f37999613bd/libcuda.so.1.1)
==348806==    by 0xCB80A8E3: dxgdmalEnumAdapters (in /usr/lib/wsl/drivers/nvam.inf_amd64_7e083f37999613bd/libnvdxgdmal.so.1)
==348806==    by 0xC9D8B2FA: ??? (in /usr/lib/wsl/drivers/nvam.inf_amd64_7e083f37999613bd/libcuda.so.1.1)
==348806==    by 0xCA4D4A74: ??? (in /usr/lib/wsl/drivers/nvam.inf_amd64_7e083f37999613bd/libcuda.so.1.1)
==348806==    by 0xC9C01552: ??? (in /usr/lib/wsl/drivers/nvam.inf_amd64_7e083f37999613bd/libcuda.so.1.1)
==348806==    by 0xC9C6B121: ??? (in /usr/lib/wsl/drivers/nvam.inf_amd64_7e083f37999613bd/libcuda.so.1.1)
==348806==    by 0x4A34A75: ??? (in /usr/local/cuda-12.8/targets/x86_64-linux/lib/libcudart.so.12.8.90)
==348806== 
==348806== Conditional jump or move depends on uninitialised value(s)
==348806==    at 0xC9D8A80C: ??? (in /usr/lib/wsl/drivers/nvam.inf_amd64_7e083f37999613bd/libcuda.so.1.1)
==348806==    by 0xC9BD7B52: ??? (in /usr/lib/wsl/drivers/nvam.inf_amd64_7e083f37999613bd/libcuda.so.1.1)
==348806==    by 0xC9E2BF81: ??? (in /usr/lib/wsl/drivers/nvam.inf_amd64_7e083f37999613bd/libcuda.so.1.1)
==348806==    by 0xC9C98D56: ??? (in /usr/lib/wsl/drivers/nvam.inf_amd64_7e083f37999613bd/libcuda.so.1.1)
==348806==    by 0xC9DC5FD0: ??? (in /usr/lib/wsl/drivers/nvam.inf_amd64_7e083f37999613bd/libcuda.so.1.1)
==348806==    by 0xC9DC653E: ??? (in /usr/lib/wsl/drivers/nvam.inf_amd64_7e083f37999613bd/libcuda.so.1.1)
==348806==    by 0xCB80A8E3: dxgdmalEnumAdapters (in /usr/lib/wsl/drivers/nvam.inf_amd64_7e083f37999613bd/libnvdxgdmal.so.1)
==348806==    by 0xC9D8B2FA: ??? (in /usr/lib/wsl/drivers/nvam.inf_amd64_7e083f37999613bd/libcuda.so.1.1)
==348806==    by 0xCA4D4A74: ??? (in /usr/lib/wsl/drivers/nvam.inf_amd64_7e083f37999613bd/libcuda.so.1.1)
==348806==    by 0xC9C01552: ??? (in /usr/lib/wsl/drivers/nvam.inf_amd64_7e083f37999613bd/libcuda.so.1.1)
==348806==    by 0xC9C6B121: ??? (in /usr/lib/wsl/drivers/nvam.inf_amd64_7e083f37999613bd/libcuda.so.1.1)
==348806==    by 0x4A34A75: ??? (in /usr/local/cuda-12.8/targets/x86_64-linux/lib/libcudart.so.12.8.90)
==348806== 
==348806== Conditional jump or move depends on uninitialised value(s)
==348806==    at 0xC9D8A807: ??? (in /usr/lib/wsl/drivers/nvam.inf_amd64_7e083f37999613bd/libcuda.so.1.1)
==348806==    by 0xC9BD7B52: ??? (in /usr/lib/wsl/drivers/nvam.inf_amd64_7e083f37999613bd/libcuda.so.1.1)
==348806==    by 0xC9E2BF81: ??? (in /usr/lib/wsl/drivers/nvam.inf_amd64_7e083f37999613bd/libcuda.so.1.1)
==348806==    by 0xC9C98D56: ??? (in /usr/lib/wsl/drivers/nvam.inf_amd64_7e083f37999613bd/libcuda.so.1.1)
==348806==    by 0xC9DC5FD0: ??? (in /usr/lib/wsl/drivers/nvam.inf_amd64_7e083f37999613bd/libcuda.so.1.1)
==348806==    by 0xC9DC653E: ??? (in /usr/lib/wsl/drivers/nvam.inf_amd64_7e083f37999613bd/libcuda.so.1.1)
==348806==    by 0xCB80A8E3: dxgdmalEnumAdapters (in /usr/lib/wsl/drivers/nvam.inf_amd64_7e083f37999613bd/libnvdxgdmal.so.1)
==348806==    by 0xC9D8B2FA: ??? (in /usr/lib/wsl/drivers/nvam.inf_amd64_7e083f37999613bd/libcuda.so.1.1)
==348806==    by 0xCA4D4A74: ??? (in /usr/lib/wsl/drivers/nvam.inf_amd64_7e083f37999613bd/libcuda.so.1.1)
==348806==    by 0xC9C01552: ??? (in /usr/lib/wsl/drivers/nvam.inf_amd64_7e083f37999613bd/libcuda.so.1.1)
==348806==    by 0xC9C6B121: ??? (in /usr/lib/wsl/drivers/nvam.inf_amd64_7e083f37999613bd/libcuda.so.1.1)
==348806==    by 0x4A34A75: ??? (in /usr/local/cuda-12.8/targets/x86_64-linux/lib/libcudart.so.12.8.90)
==348806== 
==348806== Conditional jump or move depends on uninitialised value(s)
==348806==    at 0xC9D8A7E6: ??? (in /usr/lib/wsl/drivers/nvam.inf_amd64_7e083f37999613bd/libcuda.so.1.1)
==348806==    by 0xC9BD7B61: ??? (in /usr/lib/wsl/drivers/nvam.inf_amd64_7e083f37999613bd/libcuda.so.1.1)
==348806==    by 0xC9E2BF81: ??? (in /usr/lib/wsl/drivers/nvam.inf_amd64_7e083f37999613bd/libcuda.so.1.1)
==348806==    by 0xC9C98D56: ??? (in /usr/lib/wsl/drivers/nvam.inf_amd64_7e083f37999613bd/libcuda.so.1.1)
==348806==    by 0xC9DC5FD0: ??? (in /usr/lib/wsl/drivers/nvam.inf_amd64_7e083f37999613bd/libcuda.so.1.1)
==348806==    by 0xC9DC653E: ??? (in /usr/lib/wsl/drivers/nvam.inf_amd64_7e083f37999613bd/libcuda.so.1.1)
==348806==    by 0xCB80A8E3: dxgdmalEnumAdapters (in /usr/lib/wsl/drivers/nvam.inf_amd64_7e083f37999613bd/libnvdxgdmal.so.1)
==348806==    by 0xC9D8B2FA: ??? (in /usr/lib/wsl/drivers/nvam.inf_amd64_7e083f37999613bd/libcuda.so.1.1)
==348806==    by 0xCA4D4A74: ??? (in /usr/lib/wsl/drivers/nvam.inf_amd64_7e083f37999613bd/libcuda.so.1.1)
==348806==    by 0xC9C01552: ??? (in /usr/lib/wsl/drivers/nvam.inf_amd64_7e083f37999613bd/libcuda.so.1.1)
==348806==    by 0xC9C6B121: ??? (in /usr/lib/wsl/drivers/nvam.inf_amd64_7e083f37999613bd/libcuda.so.1.1)
==348806==    by 0x4A34A75: ??? (in /usr/local/cuda-12.8/targets/x86_64-linux/lib/libcudart.so.12.8.90)
==348806== 
==348806== Conditional jump or move depends on uninitialised value(s)
==348806==    at 0xC9D8A7F1: ??? (in /usr/lib/wsl/drivers/nvam.inf_amd64_7e083f37999613bd/libcuda.so.1.1)
==348806==    by 0xC9BD7B61: ??? (in /usr/lib/wsl/drivers/nvam.inf_amd64_7e083f37999613bd/libcuda.so.1.1)
==348806==    by 0xC9E2BF81: ??? (in /usr/lib/wsl/drivers/nvam.inf_amd64_7e083f37999613bd/libcuda.so.1.1)
==348806==    by 0xC9C98D56: ??? (in /usr/lib/wsl/drivers/nvam.inf_amd64_7e083f37999613bd/libcuda.so.1.1)
==348806==    by 0xC9DC5FD0: ??? (in /usr/lib/wsl/drivers/nvam.inf_amd64_7e083f37999613bd/libcuda.so.1.1)
==348806==    by 0xC9DC653E: ??? (in /usr/lib/wsl/drivers/nvam.inf_amd64_7e083f37999613bd/libcuda.so.1.1)
==348806==    by 0xCB80A8E3: dxgdmalEnumAdapters (in /usr/lib/wsl/drivers/nvam.inf_amd64_7e083f37999613bd/libnvdxgdmal.so.1)
==348806==    by 0xC9D8B2FA: ??? (in /usr/lib/wsl/drivers/nvam.inf_amd64_7e083f37999613bd/libcuda.so.1.1)
==348806==    by 0xCA4D4A74: ??? (in /usr/lib/wsl/drivers/nvam.inf_amd64_7e083f37999613bd/libcuda.so.1.1)
==348806==    by 0xC9C01552: ??? (in /usr/lib/wsl/drivers/nvam.inf_amd64_7e083f37999613bd/libcuda.so.1.1)
==348806==    by 0xC9C6B121: ??? (in /usr/lib/wsl/drivers/nvam.inf_amd64_7e083f37999613bd/libcuda.so.1.1)
==348806==    by 0x4A34A75: ??? (in /usr/local/cuda-12.8/targets/x86_64-linux/lib/libcudart.so.12.8.90)
==348806== 
==348806== Conditional jump or move depends on uninitialised value(s)
==348806==    at 0xC9D8A80C: ??? (in /usr/lib/wsl/drivers/nvam.inf_amd64_7e083f37999613bd/libcuda.so.1.1)
==348806==    by 0xC9BD7B61: ??? (in /usr/lib/wsl/drivers/nvam.inf_amd64_7e083f37999613bd/libcuda.so.1.1)
==348806==    by 0xC9E2BF81: ??? (in /usr/lib/wsl/drivers/nvam.inf_amd64_7e083f37999613bd/libcuda.so.1.1)
==348806==    by 0xC9C98D56: ??? (in /usr/lib/wsl/drivers/nvam.inf_amd64_7e083f37999613bd/libcuda.so.1.1)
==348806==    by 0xC9DC5FD0: ??? (in /usr/lib/wsl/drivers/nvam.inf_amd64_7e083f37999613bd/libcuda.so.1.1)
==348806==    by 0xC9DC653E: ??? (in /usr/lib/wsl/drivers/nvam.inf_amd64_7e083f37999613bd/libcuda.so.1.1)
==348806==    by 0xCB80A8E3: dxgdmalEnumAdapters (in /usr/lib/wsl/drivers/nvam.inf_amd64_7e083f37999613bd/libnvdxgdmal.so.1)
==348806==    by 0xC9D8B2FA: ??? (in /usr/lib/wsl/drivers/nvam.inf_amd64_7e083f37999613bd/libcuda.so.1.1)
==348806==    by 0xCA4D4A74: ??? (in /usr/lib/wsl/drivers/nvam.inf_amd64_7e083f37999613bd/libcuda.so.1.1)
==348806==    by 0xC9C01552: ??? (in /usr/lib/wsl/drivers/nvam.inf_amd64_7e083f37999613bd/libcuda.so.1.1)
==348806==    by 0xC9C6B121: ??? (in /usr/lib/wsl/drivers/nvam.inf_amd64_7e083f37999613bd/libcuda.so.1.1)
==348806==    by 0x4A34A75: ??? (in /usr/local/cuda-12.8/targets/x86_64-linux/lib/libcudart.so.12.8.90)
==348806== 
==348806== Conditional jump or move depends on uninitialised value(s)
==348806==    at 0xC9D8A807: ??? (in /usr/lib/wsl/drivers/nvam.inf_amd64_7e083f37999613bd/libcuda.so.1.1)
==348806==    by 0xC9BD7B61: ??? (in /usr/lib/wsl/drivers/nvam.inf_amd64_7e083f37999613bd/libcuda.so.1.1)
==348806==    by 0xC9E2BF81: ??? (in /usr/lib/wsl/drivers/nvam.inf_amd64_7e083f37999613bd/libcuda.so.1.1)
==348806==    by 0xC9C98D56: ??? (in /usr/lib/wsl/drivers/nvam.inf_amd64_7e083f37999613bd/libcuda.so.1.1)
==348806==    by 0xC9DC5FD0: ??? (in /usr/lib/wsl/drivers/nvam.inf_amd64_7e083f37999613bd/libcuda.so.1.1)
==348806==    by 0xC9DC653E: ??? (in /usr/lib/wsl/drivers/nvam.inf_amd64_7e083f37999613bd/libcuda.so.1.1)
==348806==    by 0xCB80A8E3: dxgdmalEnumAdapters (in /usr/lib/wsl/drivers/nvam.inf_amd64_7e083f37999613bd/libnvdxgdmal.so.1)
==348806==    by 0xC9D8B2FA: ??? (in /usr/lib/wsl/drivers/nvam.inf_amd64_7e083f37999613bd/libcuda.so.1.1)
==348806==    by 0xCA4D4A74: ??? (in /usr/lib/wsl/drivers/nvam.inf_amd64_7e083f37999613bd/libcuda.so.1.1)
==348806==    by 0xC9C01552: ??? (in /usr/lib/wsl/drivers/nvam.inf_amd64_7e083f37999613bd/libcuda.so.1.1)
==348806==    by 0xC9C6B121: ??? (in /usr/lib/wsl/drivers/nvam.inf_amd64_7e083f37999613bd/libcuda.so.1.1)
==348806==    by 0x4A34A75: ??? (in /usr/local/cuda-12.8/targets/x86_64-linux/lib/libcudart.so.12.8.90)
==348806== 
==348806== Conditional jump or move depends on uninitialised value(s)
==348806==    at 0xC9D8A7E6: ??? (in /usr/lib/wsl/drivers/nvam.inf_amd64_7e083f37999613bd/libcuda.so.1.1)
==348806==    by 0xC9BD7B74: ??? (in /usr/lib/wsl/drivers/nvam.inf_amd64_7e083f37999613bd/libcuda.so.1.1)
==348806==    by 0xC9E2BF81: ??? (in /usr/lib/wsl/drivers/nvam.inf_amd64_7e083f37999613bd/libcuda.so.1.1)
==348806==    by 0xC9C98D56: ??? (in /usr/lib/wsl/drivers/nvam.inf_amd64_7e083f37999613bd/libcuda.so.1.1)
==348806==    by 0xC9DC5FD0: ??? (in /usr/lib/wsl/drivers/nvam.inf_amd64_7e083f37999613bd/libcuda.so.1.1)
==348806==    by 0xC9DC653E: ??? (in /usr/lib/wsl/drivers/nvam.inf_amd64_7e083f37999613bd/libcuda.so.1.1)
==348806==    by 0xCB80A8E3: dxgdmalEnumAdapters (in /usr/lib/wsl/drivers/nvam.inf_amd64_7e083f37999613bd/libnvdxgdmal.so.1)
==348806==    by 0xC9D8B2FA: ??? (in /usr/lib/wsl/drivers/nvam.inf_amd64_7e083f37999613bd/libcuda.so.1.1)
==348806==    by 0xCA4D4A74: ??? (in /usr/lib/wsl/drivers/nvam.inf_amd64_7e083f37999613bd/libcuda.so.1.1)
==348806==    by 0xC9C01552: ??? (in /usr/lib/wsl/drivers/nvam.inf_amd64_7e083f37999613bd/libcuda.so.1.1)
==348806==    by 0xC9C6B121: ??? (in /usr/lib/wsl/drivers/nvam.inf_amd64_7e083f37999613bd/libcuda.so.1.1)
==348806==    by 0x4A34A75: ??? (in /usr/local/cuda-12.8/targets/x86_64-linux/lib/libcudart.so.12.8.90)
==348806== 
==348806== Conditional jump or move depends on uninitialised value(s)
==348806==    at 0xC9D8A7F1: ??? (in /usr/lib/wsl/drivers/nvam.inf_amd64_7e083f37999613bd/libcuda.so.1.1)
==348806==    by 0xC9BD7B74: ??? (in /usr/lib/wsl/drivers/nvam.inf_amd64_7e083f37999613bd/libcuda.so.1.1)
==348806==    by 0xC9E2BF81: ??? (in /usr/lib/wsl/drivers/nvam.inf_amd64_7e083f37999613bd/libcuda.so.1.1)
==348806==    by 0xC9C98D56: ??? (in /usr/lib/wsl/drivers/nvam.inf_amd64_7e083f37999613bd/libcuda.so.1.1)
==348806==    by 0xC9DC5FD0: ??? (in /usr/lib/wsl/drivers/nvam.inf_amd64_7e083f37999613bd/libcuda.so.1.1)
==348806==    by 0xC9DC653E: ??? (in /usr/lib/wsl/drivers/nvam.inf_amd64_7e083f37999613bd/libcuda.so.1.1)
==348806==    by 0xCB80A8E3: dxgdmalEnumAdapters (in /usr/lib/wsl/drivers/nvam.inf_amd64_7e083f37999613bd/libnvdxgdmal.so.1)
==348806==    by 0xC9D8B2FA: ??? (in /usr/lib/wsl/drivers/nvam.inf_amd64_7e083f37999613bd/libcuda.so.1.1)
==348806==    by 0xCA4D4A74: ??? (in /usr/lib/wsl/drivers/nvam.inf_amd64_7e083f37999613bd/libcuda.so.1.1)
==348806==    by 0xC9C01552: ??? (in /usr/lib/wsl/drivers/nvam.inf_amd64_7e083f37999613bd/libcuda.so.1.1)
==348806==    by 0xC9C6B121: ??? (in /usr/lib/wsl/drivers/nvam.inf_amd64_7e083f37999613bd/libcuda.so.1.1)
==348806==    by 0x4A34A75: ??? (in /usr/local/cuda-12.8/targets/x86_64-linux/lib/libcudart.so.12.8.90)
==348806== 
==348806== Conditional jump or move depends on uninitialised value(s)
==348806==    at 0xC9D8A80C: ??? (in /usr/lib/wsl/drivers/nvam.inf_amd64_7e083f37999613bd/libcuda.so.1.1)
==348806==    by 0xC9BD7B74: ??? (in /usr/lib/wsl/drivers/nvam.inf_amd64_7e083f37999613bd/libcuda.so.1.1)
==348806==    by 0xC9E2BF81: ??? (in /usr/lib/wsl/drivers/nvam.inf_amd64_7e083f37999613bd/libcuda.so.1.1)
==348806==    by 0xC9C98D56: ??? (in /usr/lib/wsl/drivers/nvam.inf_amd64_7e083f37999613bd/libcuda.so.1.1)
==348806==    by 0xC9DC5FD0: ??? (in /usr/lib/wsl/drivers/nvam.inf_amd64_7e083f37999613bd/libcuda.so.1.1)
==348806==    by 0xC9DC653E: ??? (in /usr/lib/wsl/drivers/nvam.inf_amd64_7e083f37999613bd/libcuda.so.1.1)
==348806==    by 0xCB80A8E3: dxgdmalEnumAdapters (in /usr/lib/wsl/drivers/nvam.inf_amd64_7e083f37999613bd/libnvdxgdmal.so.1)
==348806==    by 0xC9D8B2FA: ??? (in /usr/lib/wsl/drivers/nvam.inf_amd64_7e083f37999613bd/libcuda.so.1.1)
==348806==    by 0xCA4D4A74: ??? (in /usr/lib/wsl/drivers/nvam.inf_amd64_7e083f37999613bd/libcuda.so.1.1)
==348806==    by 0xC9C01552: ??? (in /usr/lib/wsl/drivers/nvam.inf_amd64_7e083f37999613bd/libcuda.so.1.1)
==348806==    by 0xC9C6B121: ??? (in /usr/lib/wsl/drivers/nvam.inf_amd64_7e083f37999613bd/libcuda.so.1.1)
==348806==    by 0x4A34A75: ??? (in /usr/local/cuda-12.8/targets/x86_64-linux/lib/libcudart.so.12.8.90)
==348806== 
==348806== Conditional jump or move depends on uninitialised value(s)
==348806==    at 0xC9D8A807: ??? (in /usr/lib/wsl/drivers/nvam.inf_amd64_7e083f37999613bd/libcuda.so.1.1)
==348806==    by 0xC9BD7B74: ??? (in /usr/lib/wsl/drivers/nvam.inf_amd64_7e083f37999613bd/libcuda.so.1.1)
==348806==    by 0xC9E2BF81: ??? (in /usr/lib/wsl/drivers/nvam.inf_amd64_7e083f37999613bd/libcuda.so.1.1)
==348806==    by 0xC9C98D56: ??? (in /usr/lib/wsl/drivers/nvam.inf_amd64_7e083f37999613bd/libcuda.so.1.1)
==348806==    by 0xC9DC5FD0: ??? (in /usr/lib/wsl/drivers/nvam.inf_amd64_7e083f37999613bd/libcuda.so.1.1)
==348806==    by 0xC9DC653E: ??? (in /usr/lib/wsl/drivers/nvam.inf_amd64_7e083f37999613bd/libcuda.so.1.1)
==348806==    by 0xCB80A8E3: dxgdmalEnumAdapters (in /usr/lib/wsl/drivers/nvam.inf_amd64_7e083f37999613bd/libnvdxgdmal.so.1)
==348806==    by 0xC9D8B2FA: ??? (in /usr/lib/wsl/drivers/nvam.inf_amd64_7e083f37999613bd/libcuda.so.1.1)
==348806==    by 0xCA4D4A74: ??? (in /usr/lib/wsl/drivers/nvam.inf_amd64_7e083f37999613bd/libcuda.so.1.1)
==348806==    by 0xC9C01552: ??? (in /usr/lib/wsl/drivers/nvam.inf_amd64_7e083f37999613bd/libcuda.so.1.1)
==348806==    by 0xC9C6B121: ??? (in /usr/lib/wsl/drivers/nvam.inf_amd64_7e083f37999613bd/libcuda.so.1.1)
==348806==    by 0x4A34A75: ??? (in /usr/local/cuda-12.8/targets/x86_64-linux/lib/libcudart.so.12.8.90)
==348806== 
==348806== Conditional jump or move depends on uninitialised value(s)
==348806==    at 0xC9BD7CFB: ??? (in /usr/lib/wsl/drivers/nvam.inf_amd64_7e083f37999613bd/libcuda.so.1.1)
==348806==    by 0xC9E2BF81: ??? (in /usr/lib/wsl/drivers/nvam.inf_amd64_7e083f37999613bd/libcuda.so.1.1)
==348806==    by 0xC9C98D56: ??? (in /usr/lib/wsl/drivers/nvam.inf_amd64_7e083f37999613bd/libcuda.so.1.1)
==348806==    by 0xC9DC5FD0: ??? (in /usr/lib/wsl/drivers/nvam.inf_amd64_7e083f37999613bd/libcuda.so.1.1)
==348806==    by 0xC9DC653E: ??? (in /usr/lib/wsl/drivers/nvam.inf_amd64_7e083f37999613bd/libcuda.so.1.1)
==348806==    by 0xCB80A8E3: dxgdmalEnumAdapters (in /usr/lib/wsl/drivers/nvam.inf_amd64_7e083f37999613bd/libnvdxgdmal.so.1)
==348806==    by 0xC9D8B2FA: ??? (in /usr/lib/wsl/drivers/nvam.inf_amd64_7e083f37999613bd/libcuda.so.1.1)
==348806==    by 0xCA4D4A74: ??? (in /usr/lib/wsl/drivers/nvam.inf_amd64_7e083f37999613bd/libcuda.so.1.1)
==348806==    by 0xC9C01552: ??? (in /usr/lib/wsl/drivers/nvam.inf_amd64_7e083f37999613bd/libcuda.so.1.1)
==348806==    by 0xC9C6B121: ??? (in /usr/lib/wsl/drivers/nvam.inf_amd64_7e083f37999613bd/libcuda.so.1.1)
==348806==    by 0x4A34A75: ??? (in /usr/local/cuda-12.8/targets/x86_64-linux/lib/libcudart.so.12.8.90)
==348806==    by 0x4A39637: ??? (in /usr/local/cuda-12.8/targets/x86_64-linux/lib/libcudart.so.12.8.90)
==348806== 
==348806== Conditional jump or move depends on uninitialised value(s)
==348806==    at 0xCB808D82: ??? (in /usr/lib/wsl/drivers/nvam.inf_amd64_7e083f37999613bd/libnvdxgdmal.so.1)
==348806==    by 0xC9D8A743: ??? (in /usr/lib/wsl/drivers/nvam.inf_amd64_7e083f37999613bd/libcuda.so.1.1)
==348806==    by 0xC9C98F0C: ??? (in /usr/lib/wsl/drivers/nvam.inf_amd64_7e083f37999613bd/libcuda.so.1.1)
==348806==    by 0xC9DC5FD0: ??? (in /usr/lib/wsl/drivers/nvam.inf_amd64_7e083f37999613bd/libcuda.so.1.1)
==348806==    by 0xC9DC653E: ??? (in /usr/lib/wsl/drivers/nvam.inf_amd64_7e083f37999613bd/libcuda.so.1.1)
==348806==    by 0xCB80A8E3: dxgdmalEnumAdapters (in /usr/lib/wsl/drivers/nvam.inf_amd64_7e083f37999613bd/libnvdxgdmal.so.1)
==348806==    by 0xC9D8B2FA: ??? (in /usr/lib/wsl/drivers/nvam.inf_amd64_7e083f37999613bd/libcuda.so.1.1)
==348806==    by 0xCA4D4A74: ??? (in /usr/lib/wsl/drivers/nvam.inf_amd64_7e083f37999613bd/libcuda.so.1.1)
==348806==    by 0xC9C01552: ??? (in /usr/lib/wsl/drivers/nvam.inf_amd64_7e083f37999613bd/libcuda.so.1.1)
==348806==    by 0xC9C6B121: ??? (in /usr/lib/wsl/drivers/nvam.inf_amd64_7e083f37999613bd/libcuda.so.1.1)
==348806==    by 0x4A34A75: ??? (in /usr/local/cuda-12.8/targets/x86_64-linux/lib/libcudart.so.12.8.90)
==348806==    by 0x4A39637: ??? (in /usr/local/cuda-12.8/targets/x86_64-linux/lib/libcudart.so.12.8.90)
==348806== 
==348806== Conditional jump or move depends on uninitialised value(s)
==348806==    at 0xCB808D8E: ??? (in /usr/lib/wsl/drivers/nvam.inf_amd64_7e083f37999613bd/libnvdxgdmal.so.1)
==348806==    by 0xC9D8A743: ??? (in /usr/lib/wsl/drivers/nvam.inf_amd64_7e083f37999613bd/libcuda.so.1.1)
==348806==    by 0xC9C98F0C: ??? (in /usr/lib/wsl/drivers/nvam.inf_amd64_7e083f37999613bd/libcuda.so.1.1)
==348806==    by 0xC9DC5FD0: ??? (in /usr/lib/wsl/drivers/nvam.inf_amd64_7e083f37999613bd/libcuda.so.1.1)
==348806==    by 0xC9DC653E: ??? (in /usr/lib/wsl/drivers/nvam.inf_amd64_7e083f37999613bd/libcuda.so.1.1)
==348806==    by 0xCB80A8E3: dxgdmalEnumAdapters (in /usr/lib/wsl/drivers/nvam.inf_amd64_7e083f37999613bd/libnvdxgdmal.so.1)
==348806==    by 0xC9D8B2FA: ??? (in /usr/lib/wsl/drivers/nvam.inf_amd64_7e083f37999613bd/libcuda.so.1.1)
==348806==    by 0xCA4D4A74: ??? (in /usr/lib/wsl/drivers/nvam.inf_amd64_7e083f37999613bd/libcuda.so.1.1)
==348806==    by 0xC9C01552: ??? (in /usr/lib/wsl/drivers/nvam.inf_amd64_7e083f37999613bd/libcuda.so.1.1)
==348806==    by 0xC9C6B121: ??? (in /usr/lib/wsl/drivers/nvam.inf_amd64_7e083f37999613bd/libcuda.so.1.1)
==348806==    by 0x4A34A75: ??? (in /usr/local/cuda-12.8/targets/x86_64-linux/lib/libcudart.so.12.8.90)
==348806==    by 0x4A39637: ??? (in /usr/local/cuda-12.8/targets/x86_64-linux/lib/libcudart.so.12.8.90)
==348806== 
==348806== Conditional jump or move depends on uninitialised value(s)
==348806==    at 0xCB808F70: ??? (in /usr/lib/wsl/drivers/nvam.inf_amd64_7e083f37999613bd/libnvdxgdmal.so.1)
==348806==    by 0xC9D8A743: ??? (in /usr/lib/wsl/drivers/nvam.inf_amd64_7e083f37999613bd/libcuda.so.1.1)
==348806==    by 0xC9C98F0C: ??? (in /usr/lib/wsl/drivers/nvam.inf_amd64_7e083f37999613bd/libcuda.so.1.1)
==348806==    by 0xC9DC5FD0: ??? (in /usr/lib/wsl/drivers/nvam.inf_amd64_7e083f37999613bd/libcuda.so.1.1)
==348806==    by 0xC9DC653E: ??? (in /usr/lib/wsl/drivers/nvam.inf_amd64_7e083f37999613bd/libcuda.so.1.1)
==348806==    by 0xCB80A8E3: dxgdmalEnumAdapters (in /usr/lib/wsl/drivers/nvam.inf_amd64_7e083f37999613bd/libnvdxgdmal.so.1)
==348806==    by 0xC9D8B2FA: ??? (in /usr/lib/wsl/drivers/nvam.inf_amd64_7e083f37999613bd/libcuda.so.1.1)
==348806==    by 0xCA4D4A74: ??? (in /usr/lib/wsl/drivers/nvam.inf_amd64_7e083f37999613bd/libcuda.so.1.1)
==348806==    by 0xC9C01552: ??? (in /usr/lib/wsl/drivers/nvam.inf_amd64_7e083f37999613bd/libcuda.so.1.1)
==348806==    by 0xC9C6B121: ??? (in /usr/lib/wsl/drivers/nvam.inf_amd64_7e083f37999613bd/libcuda.so.1.1)
==348806==    by 0x4A34A75: ??? (in /usr/local/cuda-12.8/targets/x86_64-linux/lib/libcudart.so.12.8.90)
==348806==    by 0x4A39637: ??? (in /usr/local/cuda-12.8/targets/x86_64-linux/lib/libcudart.so.12.8.90)
==348806== 
==348806== Conditional jump or move depends on uninitialised value(s)
==348806==    at 0xCB808FD6: ??? (in /usr/lib/wsl/drivers/nvam.inf_amd64_7e083f37999613bd/libnvdxgdmal.so.1)
==348806==    by 0xC9D8A743: ??? (in /usr/lib/wsl/drivers/nvam.inf_amd64_7e083f37999613bd/libcuda.so.1.1)
==348806==    by 0xC9C98F0C: ??? (in /usr/lib/wsl/drivers/nvam.inf_amd64_7e083f37999613bd/libcuda.so.1.1)
==348806==    by 0xC9DC5FD0: ??? (in /usr/lib/wsl/drivers/nvam.inf_amd64_7e083f37999613bd/libcuda.so.1.1)
==348806==    by 0xC9DC653E: ??? (in /usr/lib/wsl/drivers/nvam.inf_amd64_7e083f37999613bd/libcuda.so.1.1)
==348806==    by 0xCB80A8E3: dxgdmalEnumAdapters (in /usr/lib/wsl/drivers/nvam.inf_amd64_7e083f37999613bd/libnvdxgdmal.so.1)
==348806==    by 0xC9D8B2FA: ??? (in /usr/lib/wsl/drivers/nvam.inf_amd64_7e083f37999613bd/libcuda.so.1.1)
==348806==    by 0xCA4D4A74: ??? (in /usr/lib/wsl/drivers/nvam.inf_amd64_7e083f37999613bd/libcuda.so.1.1)
==348806==    by 0xC9C01552: ??? (in /usr/lib/wsl/drivers/nvam.inf_amd64_7e083f37999613bd/libcuda.so.1.1)
==348806==    by 0xC9C6B121: ??? (in /usr/lib/wsl/drivers/nvam.inf_amd64_7e083f37999613bd/libcuda.so.1.1)
==348806==    by 0x4A34A75: ??? (in /usr/local/cuda-12.8/targets/x86_64-linux/lib/libcudart.so.12.8.90)
==348806==    by 0x4A39637: ??? (in /usr/local/cuda-12.8/targets/x86_64-linux/lib/libcudart.so.12.8.90)
==348806== 
==348806== Conditional jump or move depends on uninitialised value(s)
==348806==    at 0xCB809097: ??? (in /usr/lib/wsl/drivers/nvam.inf_amd64_7e083f37999613bd/libnvdxgdmal.so.1)
==348806==    by 0xC9D8A743: ??? (in /usr/lib/wsl/drivers/nvam.inf_amd64_7e083f37999613bd/libcuda.so.1.1)
==348806==    by 0xC9C98F0C: ??? (in /usr/lib/wsl/drivers/nvam.inf_amd64_7e083f37999613bd/libcuda.so.1.1)
==348806==    by 0xC9DC5FD0: ??? (in /usr/lib/wsl/drivers/nvam.inf_amd64_7e083f37999613bd/libcuda.so.1.1)
==348806==    by 0xC9DC653E: ??? (in /usr/lib/wsl/drivers/nvam.inf_amd64_7e083f37999613bd/libcuda.so.1.1)
==348806==    by 0xCB80A8E3: dxgdmalEnumAdapters (in /usr/lib/wsl/drivers/nvam.inf_amd64_7e083f37999613bd/libnvdxgdmal.so.1)
==348806==    by 0xC9D8B2FA: ??? (in /usr/lib/wsl/drivers/nvam.inf_amd64_7e083f37999613bd/libcuda.so.1.1)
==348806==    by 0xCA4D4A74: ??? (in /usr/lib/wsl/drivers/nvam.inf_amd64_7e083f37999613bd/libcuda.so.1.1)
==348806==    by 0xC9C01552: ??? (in /usr/lib/wsl/drivers/nvam.inf_amd64_7e083f37999613bd/libcuda.so.1.1)
==348806==    by 0xC9C6B121: ??? (in /usr/lib/wsl/drivers/nvam.inf_amd64_7e083f37999613bd/libcuda.so.1.1)
==348806==    by 0x4A34A75: ??? (in /usr/local/cuda-12.8/targets/x86_64-linux/lib/libcudart.so.12.8.90)
==348806==    by 0x4A39637: ??? (in /usr/local/cuda-12.8/targets/x86_64-linux/lib/libcudart.so.12.8.90)
==348806== 
==348806== Conditional jump or move depends on uninitialised value(s)
==348806==    at 0xCB809216: ??? (in /usr/lib/wsl/drivers/nvam.inf_amd64_7e083f37999613bd/libnvdxgdmal.so.1)
==348806==    by 0xC9D8A743: ??? (in /usr/lib/wsl/drivers/nvam.inf_amd64_7e083f37999613bd/libcuda.so.1.1)
==348806==    by 0xC9C98F0C: ??? (in /usr/lib/wsl/drivers/nvam.inf_amd64_7e083f37999613bd/libcuda.so.1.1)
==348806==    by 0xC9DC5FD0: ??? (in /usr/lib/wsl/drivers/nvam.inf_amd64_7e083f37999613bd/libcuda.so.1.1)
==348806==    by 0xC9DC653E: ??? (in /usr/lib/wsl/drivers/nvam.inf_amd64_7e083f37999613bd/libcuda.so.1.1)
==348806==    by 0xCB80A8E3: dxgdmalEnumAdapters (in /usr/lib/wsl/drivers/nvam.inf_amd64_7e083f37999613bd/libnvdxgdmal.so.1)
==348806==    by 0xC9D8B2FA: ??? (in /usr/lib/wsl/drivers/nvam.inf_amd64_7e083f37999613bd/libcuda.so.1.1)
==348806==    by 0xCA4D4A74: ??? (in /usr/lib/wsl/drivers/nvam.inf_amd64_7e083f37999613bd/libcuda.so.1.1)
==348806==    by 0xC9C01552: ??? (in /usr/lib/wsl/drivers/nvam.inf_amd64_7e083f37999613bd/libcuda.so.1.1)
==348806==    by 0xC9C6B121: ??? (in /usr/lib/wsl/drivers/nvam.inf_amd64_7e083f37999613bd/libcuda.so.1.1)
==348806==    by 0x4A34A75: ??? (in /usr/local/cuda-12.8/targets/x86_64-linux/lib/libcudart.so.12.8.90)
==348806==    by 0x4A39637: ??? (in /usr/local/cuda-12.8/targets/x86_64-linux/lib/libcudart.so.12.8.90)
==348806== 
==348806== Use of uninitialised value of size 8
==348806==    at 0xCB80921F: ??? (in /usr/lib/wsl/drivers/nvam.inf_amd64_7e083f37999613bd/libnvdxgdmal.so.1)
==348806==    by 0xC9D8A743: ??? (in /usr/lib/wsl/drivers/nvam.inf_amd64_7e083f37999613bd/libcuda.so.1.1)
==348806==    by 0xC9C98F0C: ??? (in /usr/lib/wsl/drivers/nvam.inf_amd64_7e083f37999613bd/libcuda.so.1.1)
==348806==    by 0xC9DC5FD0: ??? (in /usr/lib/wsl/drivers/nvam.inf_amd64_7e083f37999613bd/libcuda.so.1.1)
==348806==    by 0xC9DC653E: ??? (in /usr/lib/wsl/drivers/nvam.inf_amd64_7e083f37999613bd/libcuda.so.1.1)
==348806==    by 0xCB80A8E3: dxgdmalEnumAdapters (in /usr/lib/wsl/drivers/nvam.inf_amd64_7e083f37999613bd/libnvdxgdmal.so.1)
==348806==    by 0xC9D8B2FA: ??? (in /usr/lib/wsl/drivers/nvam.inf_amd64_7e083f37999613bd/libcuda.so.1.1)
==348806==    by 0xCA4D4A74: ??? (in /usr/lib/wsl/drivers/nvam.inf_amd64_7e083f37999613bd/libcuda.so.1.1)
==348806==    by 0xC9C01552: ??? (in /usr/lib/wsl/drivers/nvam.inf_amd64_7e083f37999613bd/libcuda.so.1.1)
==348806==    by 0xC9C6B121: ??? (in /usr/lib/wsl/drivers/nvam.inf_amd64_7e083f37999613bd/libcuda.so.1.1)
==348806==    by 0x4A34A75: ??? (in /usr/local/cuda-12.8/targets/x86_64-linux/lib/libcudart.so.12.8.90)
==348806==    by 0x4A39637: ??? (in /usr/local/cuda-12.8/targets/x86_64-linux/lib/libcudart.so.12.8.90)
==348806== 
==348806== Conditional jump or move depends on uninitialised value(s)
==348806==    at 0xCB8095EB: ??? (in /usr/lib/wsl/drivers/nvam.inf_amd64_7e083f37999613bd/libnvdxgdmal.so.1)
==348806==    by 0xC9D8A743: ??? (in /usr/lib/wsl/drivers/nvam.inf_amd64_7e083f37999613bd/libcuda.so.1.1)
==348806==    by 0xC9C98F0C: ??? (in /usr/lib/wsl/drivers/nvam.inf_amd64_7e083f37999613bd/libcuda.so.1.1)
==348806==    by 0xC9DC5FD0: ??? (in /usr/lib/wsl/drivers/nvam.inf_amd64_7e083f37999613bd/libcuda.so.1.1)
==348806==    by 0xC9DC653E: ??? (in /usr/lib/wsl/drivers/nvam.inf_amd64_7e083f37999613bd/libcuda.so.1.1)
==348806==    by 0xCB80A8E3: dxgdmalEnumAdapters (in /usr/lib/wsl/drivers/nvam.inf_amd64_7e083f37999613bd/libnvdxgdmal.so.1)
==348806==    by 0xC9D8B2FA: ??? (in /usr/lib/wsl/drivers/nvam.inf_amd64_7e083f37999613bd/libcuda.so.1.1)
==348806==    by 0xCA4D4A74: ??? (in /usr/lib/wsl/drivers/nvam.inf_amd64_7e083f37999613bd/libcuda.so.1.1)
==348806==    by 0xC9C01552: ??? (in /usr/lib/wsl/drivers/nvam.inf_amd64_7e083f37999613bd/libcuda.so.1.1)
==348806==    by 0xC9C6B121: ??? (in /usr/lib/wsl/drivers/nvam.inf_amd64_7e083f37999613bd/libcuda.so.1.1)
==348806==    by 0x4A34A75: ??? (in /usr/local/cuda-12.8/targets/x86_64-linux/lib/libcudart.so.12.8.90)
==348806==    by 0x4A39637: ??? (in /usr/local/cuda-12.8/targets/x86_64-linux/lib/libcudart.so.12.8.90)
==348806== 
==348806== Conditional jump or move depends on uninitialised value(s)
==348806==    at 0xCB80966C: ??? (in /usr/lib/wsl/drivers/nvam.inf_amd64_7e083f37999613bd/libnvdxgdmal.so.1)
==348806==    by 0xC9D8A743: ??? (in /usr/lib/wsl/drivers/nvam.inf_amd64_7e083f37999613bd/libcuda.so.1.1)
==348806==    by 0xC9C98F0C: ??? (in /usr/lib/wsl/drivers/nvam.inf_amd64_7e083f37999613bd/libcuda.so.1.1)
==348806==    by 0xC9DC5FD0: ??? (in /usr/lib/wsl/drivers/nvam.inf_amd64_7e083f37999613bd/libcuda.so.1.1)
==348806==    by 0xC9DC653E: ??? (in /usr/lib/wsl/drivers/nvam.inf_amd64_7e083f37999613bd/libcuda.so.1.1)
==348806==    by 0xCB80A8E3: dxgdmalEnumAdapters (in /usr/lib/wsl/drivers/nvam.inf_amd64_7e083f37999613bd/libnvdxgdmal.so.1)
==348806==    by 0xC9D8B2FA: ??? (in /usr/lib/wsl/drivers/nvam.inf_amd64_7e083f37999613bd/libcuda.so.1.1)
==348806==    by 0xCA4D4A74: ??? (in /usr/lib/wsl/drivers/nvam.inf_amd64_7e083f37999613bd/libcuda.so.1.1)
==348806==    by 0xC9C01552: ??? (in /usr/lib/wsl/drivers/nvam.inf_amd64_7e083f37999613bd/libcuda.so.1.1)
==348806==    by 0xC9C6B121: ??? (in /usr/lib/wsl/drivers/nvam.inf_amd64_7e083f37999613bd/libcuda.so.1.1)
==348806==    by 0x4A34A75: ??? (in /usr/local/cuda-12.8/targets/x86_64-linux/lib/libcudart.so.12.8.90)
==348806==    by 0x4A39637: ??? (in /usr/local/cuda-12.8/targets/x86_64-linux/lib/libcudart.so.12.8.90)
==348806== 
==348806== Use of uninitialised value of size 8
==348806==    at 0xCB809679: ??? (in /usr/lib/wsl/drivers/nvam.inf_amd64_7e083f37999613bd/libnvdxgdmal.so.1)
==348806==    by 0xC9D8A743: ??? (in /usr/lib/wsl/drivers/nvam.inf_amd64_7e083f37999613bd/libcuda.so.1.1)
==348806==    by 0xC9C98F0C: ??? (in /usr/lib/wsl/drivers/nvam.inf_amd64_7e083f37999613bd/libcuda.so.1.1)
==348806==    by 0xC9DC5FD0: ??? (in /usr/lib/wsl/drivers/nvam.inf_amd64_7e083f37999613bd/libcuda.so.1.1)
==348806==    by 0xC9DC653E: ??? (in /usr/lib/wsl/drivers/nvam.inf_amd64_7e083f37999613bd/libcuda.so.1.1)
==348806==    by 0xCB80A8E3: dxgdmalEnumAdapters (in /usr/lib/wsl/drivers/nvam.inf_amd64_7e083f37999613bd/libnvdxgdmal.so.1)
==348806==    by 0xC9D8B2FA: ??? (in /usr/lib/wsl/drivers/nvam.inf_amd64_7e083f37999613bd/libcuda.so.1.1)
==348806==    by 0xCA4D4A74: ??? (in /usr/lib/wsl/drivers/nvam.inf_amd64_7e083f37999613bd/libcuda.so.1.1)
==348806==    by 0xC9C01552: ??? (in /usr/lib/wsl/drivers/nvam.inf_amd64_7e083f37999613bd/libcuda.so.1.1)
==348806==    by 0xC9C6B121: ??? (in /usr/lib/wsl/drivers/nvam.inf_amd64_7e083f37999613bd/libcuda.so.1.1)
==348806==    by 0x4A34A75: ??? (in /usr/local/cuda-12.8/targets/x86_64-linux/lib/libcudart.so.12.8.90)
==348806==    by 0x4A39637: ??? (in /usr/local/cuda-12.8/targets/x86_64-linux/lib/libcudart.so.12.8.90)
==348806== 
==348806== Conditional jump or move depends on uninitialised value(s)
==348806==    at 0xCB80969F: ??? (in /usr/lib/wsl/drivers/nvam.inf_amd64_7e083f37999613bd/libnvdxgdmal.so.1)
==348806==    by 0xC9D8A743: ??? (in /usr/lib/wsl/drivers/nvam.inf_amd64_7e083f37999613bd/libcuda.so.1.1)
==348806==    by 0xC9C98F0C: ??? (in /usr/lib/wsl/drivers/nvam.inf_amd64_7e083f37999613bd/libcuda.so.1.1)
==348806==    by 0xC9DC5FD0: ??? (in /usr/lib/wsl/drivers/nvam.inf_amd64_7e083f37999613bd/libcuda.so.1.1)
==348806==    by 0xC9DC653E: ??? (in /usr/lib/wsl/drivers/nvam.inf_amd64_7e083f37999613bd/libcuda.so.1.1)
==348806==    by 0xCB80A8E3: dxgdmalEnumAdapters (in /usr/lib/wsl/drivers/nvam.inf_amd64_7e083f37999613bd/libnvdxgdmal.so.1)
==348806==    by 0xC9D8B2FA: ??? (in /usr/lib/wsl/drivers/nvam.inf_amd64_7e083f37999613bd/libcuda.so.1.1)
==348806==    by 0xCA4D4A74: ??? (in /usr/lib/wsl/drivers/nvam.inf_amd64_7e083f37999613bd/libcuda.so.1.1)
==348806==    by 0xC9C01552: ??? (in /usr/lib/wsl/drivers/nvam.inf_amd64_7e083f37999613bd/libcuda.so.1.1)
==348806==    by 0xC9C6B121: ??? (in /usr/lib/wsl/drivers/nvam.inf_amd64_7e083f37999613bd/libcuda.so.1.1)
==348806==    by 0x4A34A75: ??? (in /usr/local/cuda-12.8/targets/x86_64-linux/lib/libcudart.so.12.8.90)
==348806==    by 0x4A39637: ??? (in /usr/local/cuda-12.8/targets/x86_64-linux/lib/libcudart.so.12.8.90)
==348806== 
==348806== Use of uninitialised value of size 8
==348806==    at 0xCB8096A5: ??? (in /usr/lib/wsl/drivers/nvam.inf_amd64_7e083f37999613bd/libnvdxgdmal.so.1)
==348806==    by 0xC9D8A743: ??? (in /usr/lib/wsl/drivers/nvam.inf_amd64_7e083f37999613bd/libcuda.so.1.1)
==348806==    by 0xC9C98F0C: ??? (in /usr/lib/wsl/drivers/nvam.inf_amd64_7e083f37999613bd/libcuda.so.1.1)
==348806==    by 0xC9DC5FD0: ??? (in /usr/lib/wsl/drivers/nvam.inf_amd64_7e083f37999613bd/libcuda.so.1.1)
==348806==    by 0xC9DC653E: ??? (in /usr/lib/wsl/drivers/nvam.inf_amd64_7e083f37999613bd/libcuda.so.1.1)
==348806==    by 0xCB80A8E3: dxgdmalEnumAdapters (in /usr/lib/wsl/drivers/nvam.inf_amd64_7e083f37999613bd/libnvdxgdmal.so.1)
==348806==    by 0xC9D8B2FA: ??? (in /usr/lib/wsl/drivers/nvam.inf_amd64_7e083f37999613bd/libcuda.so.1.1)
==348806==    by 0xCA4D4A74: ??? (in /usr/lib/wsl/drivers/nvam.inf_amd64_7e083f37999613bd/libcuda.so.1.1)
==348806==    by 0xC9C01552: ??? (in /usr/lib/wsl/drivers/nvam.inf_amd64_7e083f37999613bd/libcuda.so.1.1)
==348806==    by 0xC9C6B121: ??? (in /usr/lib/wsl/drivers/nvam.inf_amd64_7e083f37999613bd/libcuda.so.1.1)
==348806==    by 0x4A34A75: ??? (in /usr/local/cuda-12.8/targets/x86_64-linux/lib/libcudart.so.12.8.90)
==348806==    by 0x4A39637: ??? (in /usr/local/cuda-12.8/targets/x86_64-linux/lib/libcudart.so.12.8.90)
==348806== 
==348806== Conditional jump or move depends on uninitialised value(s)
==348806==    at 0xCB8096E0: ??? (in /usr/lib/wsl/drivers/nvam.inf_amd64_7e083f37999613bd/libnvdxgdmal.so.1)
==348806==    by 0xC9D8A743: ??? (in /usr/lib/wsl/drivers/nvam.inf_amd64_7e083f37999613bd/libcuda.so.1.1)
==348806==    by 0xC9C98F0C: ??? (in /usr/lib/wsl/drivers/nvam.inf_amd64_7e083f37999613bd/libcuda.so.1.1)
==348806==    by 0xC9DC5FD0: ??? (in /usr/lib/wsl/drivers/nvam.inf_amd64_7e083f37999613bd/libcuda.so.1.1)
==348806==    by 0xC9DC653E: ??? (in /usr/lib/wsl/drivers/nvam.inf_amd64_7e083f37999613bd/libcuda.so.1.1)
==348806==    by 0xCB80A8E3: dxgdmalEnumAdapters (in /usr/lib/wsl/drivers/nvam.inf_amd64_7e083f37999613bd/libnvdxgdmal.so.1)
==348806==    by 0xC9D8B2FA: ??? (in /usr/lib/wsl/drivers/nvam.inf_amd64_7e083f37999613bd/libcuda.so.1.1)
==348806==    by 0xCA4D4A74: ??? (in /usr/lib/wsl/drivers/nvam.inf_amd64_7e083f37999613bd/libcuda.so.1.1)
==348806==    by 0xC9C01552: ??? (in /usr/lib/wsl/drivers/nvam.inf_amd64_7e083f37999613bd/libcuda.so.1.1)
==348806==    by 0xC9C6B121: ??? (in /usr/lib/wsl/drivers/nvam.inf_amd64_7e083f37999613bd/libcuda.so.1.1)
==348806==    by 0x4A34A75: ??? (in /usr/local/cuda-12.8/targets/x86_64-linux/lib/libcudart.so.12.8.90)
==348806==    by 0x4A39637: ??? (in /usr/local/cuda-12.8/targets/x86_64-linux/lib/libcudart.so.12.8.90)
==348806== 
==348806== Use of uninitialised value of size 8
==348806==    at 0xCB8096E6: ??? (in /usr/lib/wsl/drivers/nvam.inf_amd64_7e083f37999613bd/libnvdxgdmal.so.1)
==348806==    by 0xC9D8A743: ??? (in /usr/lib/wsl/drivers/nvam.inf_amd64_7e083f37999613bd/libcuda.so.1.1)
==348806==    by 0xC9C98F0C: ??? (in /usr/lib/wsl/drivers/nvam.inf_amd64_7e083f37999613bd/libcuda.so.1.1)
==348806==    by 0xC9DC5FD0: ??? (in /usr/lib/wsl/drivers/nvam.inf_amd64_7e083f37999613bd/libcuda.so.1.1)
==348806==    by 0xC9DC653E: ??? (in /usr/lib/wsl/drivers/nvam.inf_amd64_7e083f37999613bd/libcuda.so.1.1)
==348806==    by 0xCB80A8E3: dxgdmalEnumAdapters (in /usr/lib/wsl/drivers/nvam.inf_amd64_7e083f37999613bd/libnvdxgdmal.so.1)
==348806==    by 0xC9D8B2FA: ??? (in /usr/lib/wsl/drivers/nvam.inf_amd64_7e083f37999613bd/libcuda.so.1.1)
==348806==    by 0xCA4D4A74: ??? (in /usr/lib/wsl/drivers/nvam.inf_amd64_7e083f37999613bd/libcuda.so.1.1)
==348806==    by 0xC9C01552: ??? (in /usr/lib/wsl/drivers/nvam.inf_amd64_7e083f37999613bd/libcuda.so.1.1)
==348806==    by 0xC9C6B121: ??? (in /usr/lib/wsl/drivers/nvam.inf_amd64_7e083f37999613bd/libcuda.so.1.1)
==348806==    by 0x4A34A75: ??? (in /usr/local/cuda-12.8/targets/x86_64-linux/lib/libcudart.so.12.8.90)
==348806==    by 0x4A39637: ??? (in /usr/local/cuda-12.8/targets/x86_64-linux/lib/libcudart.so.12.8.90)
==348806== 
==348806== Conditional jump or move depends on uninitialised value(s)
==348806==    at 0xCB809720: ??? (in /usr/lib/wsl/drivers/nvam.inf_amd64_7e083f37999613bd/libnvdxgdmal.so.1)
==348806==    by 0xC9D8A743: ??? (in /usr/lib/wsl/drivers/nvam.inf_amd64_7e083f37999613bd/libcuda.so.1.1)
==348806==    by 0xC9C98F0C: ??? (in /usr/lib/wsl/drivers/nvam.inf_amd64_7e083f37999613bd/libcuda.so.1.1)
==348806==    by 0xC9DC5FD0: ??? (in /usr/lib/wsl/drivers/nvam.inf_amd64_7e083f37999613bd/libcuda.so.1.1)
==348806==    by 0xC9DC653E: ??? (in /usr/lib/wsl/drivers/nvam.inf_amd64_7e083f37999613bd/libcuda.so.1.1)
==348806==    by 0xCB80A8E3: dxgdmalEnumAdapters (in /usr/lib/wsl/drivers/nvam.inf_amd64_7e083f37999613bd/libnvdxgdmal.so.1)
==348806==    by 0xC9D8B2FA: ??? (in /usr/lib/wsl/drivers/nvam.inf_amd64_7e083f37999613bd/libcuda.so.1.1)
==348806==    by 0xCA4D4A74: ??? (in /usr/lib/wsl/drivers/nvam.inf_amd64_7e083f37999613bd/libcuda.so.1.1)
==348806==    by 0xC9C01552: ??? (in /usr/lib/wsl/drivers/nvam.inf_amd64_7e083f37999613bd/libcuda.so.1.1)
==348806==    by 0xC9C6B121: ??? (in /usr/lib/wsl/drivers/nvam.inf_amd64_7e083f37999613bd/libcuda.so.1.1)
==348806==    by 0x4A34A75: ??? (in /usr/local/cuda-12.8/targets/x86_64-linux/lib/libcudart.so.12.8.90)
==348806==    by 0x4A39637: ??? (in /usr/local/cuda-12.8/targets/x86_64-linux/lib/libcudart.so.12.8.90)
==348806== 
==348806== Use of uninitialised value of size 8
==348806==    at 0xCB809726: ??? (in /usr/lib/wsl/drivers/nvam.inf_amd64_7e083f37999613bd/libnvdxgdmal.so.1)
==348806==    by 0xC9D8A743: ??? (in /usr/lib/wsl/drivers/nvam.inf_amd64_7e083f37999613bd/libcuda.so.1.1)
==348806==    by 0xC9C98F0C: ??? (in /usr/lib/wsl/drivers/nvam.inf_amd64_7e083f37999613bd/libcuda.so.1.1)
==348806==    by 0xC9DC5FD0: ??? (in /usr/lib/wsl/drivers/nvam.inf_amd64_7e083f37999613bd/libcuda.so.1.1)
==348806==    by 0xC9DC653E: ??? (in /usr/lib/wsl/drivers/nvam.inf_amd64_7e083f37999613bd/libcuda.so.1.1)
==348806==    by 0xCB80A8E3: dxgdmalEnumAdapters (in /usr/lib/wsl/drivers/nvam.inf_amd64_7e083f37999613bd/libnvdxgdmal.so.1)
==348806==    by 0xC9D8B2FA: ??? (in /usr/lib/wsl/drivers/nvam.inf_amd64_7e083f37999613bd/libcuda.so.1.1)
==348806==    by 0xCA4D4A74: ??? (in /usr/lib/wsl/drivers/nvam.inf_amd64_7e083f37999613bd/libcuda.so.1.1)
==348806==    by 0xC9C01552: ??? (in /usr/lib/wsl/drivers/nvam.inf_amd64_7e083f37999613bd/libcuda.so.1.1)
==348806==    by 0xC9C6B121: ??? (in /usr/lib/wsl/drivers/nvam.inf_amd64_7e083f37999613bd/libcuda.so.1.1)
==348806==    by 0x4A34A75: ??? (in /usr/local/cuda-12.8/targets/x86_64-linux/lib/libcudart.so.12.8.90)
==348806==    by 0x4A39637: ??? (in /usr/local/cuda-12.8/targets/x86_64-linux/lib/libcudart.so.12.8.90)
==348806== 
==348806== Conditional jump or move depends on uninitialised value(s)
==348806==    at 0xCB8095BC: ??? (in /usr/lib/wsl/drivers/nvam.inf_amd64_7e083f37999613bd/libnvdxgdmal.so.1)
==348806==    by 0xC9D8A743: ??? (in /usr/lib/wsl/drivers/nvam.inf_amd64_7e083f37999613bd/libcuda.so.1.1)
==348806==    by 0xC9C98F0C: ??? (in /usr/lib/wsl/drivers/nvam.inf_amd64_7e083f37999613bd/libcuda.so.1.1)
==348806==    by 0xC9DC5FD0: ??? (in /usr/lib/wsl/drivers/nvam.inf_amd64_7e083f37999613bd/libcuda.so.1.1)
==348806==    by 0xC9DC653E: ??? (in /usr/lib/wsl/drivers/nvam.inf_amd64_7e083f37999613bd/libcuda.so.1.1)
==348806==    by 0xCB80A8E3: dxgdmalEnumAdapters (in /usr/lib/wsl/drivers/nvam.inf_amd64_7e083f37999613bd/libnvdxgdmal.so.1)
==348806==    by 0xC9D8B2FA: ??? (in /usr/lib/wsl/drivers/nvam.inf_amd64_7e083f37999613bd/libcuda.so.1.1)
==348806==    by 0xCA4D4A74: ??? (in /usr/lib/wsl/drivers/nvam.inf_amd64_7e083f37999613bd/libcuda.so.1.1)
==348806==    by 0xC9C01552: ??? (in /usr/lib/wsl/drivers/nvam.inf_amd64_7e083f37999613bd/libcuda.so.1.1)
==348806==    by 0xC9C6B121: ??? (in /usr/lib/wsl/drivers/nvam.inf_amd64_7e083f37999613bd/libcuda.so.1.1)
==348806==    by 0x4A34A75: ??? (in /usr/local/cuda-12.8/targets/x86_64-linux/lib/libcudart.so.12.8.90)
==348806==    by 0x4A39637: ??? (in /usr/local/cuda-12.8/targets/x86_64-linux/lib/libcudart.so.12.8.90)
==348806== 
==348806== Conditional jump or move depends on uninitialised value(s)
==348806==    at 0xCB80991D: ??? (in /usr/lib/wsl/drivers/nvam.inf_amd64_7e083f37999613bd/libnvdxgdmal.so.1)
==348806==    by 0xC9D8A743: ??? (in /usr/lib/wsl/drivers/nvam.inf_amd64_7e083f37999613bd/libcuda.so.1.1)
==348806==    by 0xC9C98F0C: ??? (in /usr/lib/wsl/drivers/nvam.inf_amd64_7e083f37999613bd/libcuda.so.1.1)
==348806==    by 0xC9DC5FD0: ??? (in /usr/lib/wsl/drivers/nvam.inf_amd64_7e083f37999613bd/libcuda.so.1.1)
==348806==    by 0xC9DC653E: ??? (in /usr/lib/wsl/drivers/nvam.inf_amd64_7e083f37999613bd/libcuda.so.1.1)
==348806==    by 0xCB80A8E3: dxgdmalEnumAdapters (in /usr/lib/wsl/drivers/nvam.inf_amd64_7e083f37999613bd/libnvdxgdmal.so.1)
==348806==    by 0xC9D8B2FA: ??? (in /usr/lib/wsl/drivers/nvam.inf_amd64_7e083f37999613bd/libcuda.so.1.1)
==348806==    by 0xCA4D4A74: ??? (in /usr/lib/wsl/drivers/nvam.inf_amd64_7e083f37999613bd/libcuda.so.1.1)
==348806==    by 0xC9C01552: ??? (in /usr/lib/wsl/drivers/nvam.inf_amd64_7e083f37999613bd/libcuda.so.1.1)
==348806==    by 0xC9C6B121: ??? (in /usr/lib/wsl/drivers/nvam.inf_amd64_7e083f37999613bd/libcuda.so.1.1)
==348806==    by 0x4A34A75: ??? (in /usr/local/cuda-12.8/targets/x86_64-linux/lib/libcudart.so.12.8.90)
==348806==    by 0x4A39637: ??? (in /usr/local/cuda-12.8/targets/x86_64-linux/lib/libcudart.so.12.8.90)
==348806== 
==348806== Conditional jump or move depends on uninitialised value(s)
==348806==    at 0xCB809987: ??? (in /usr/lib/wsl/drivers/nvam.inf_amd64_7e083f37999613bd/libnvdxgdmal.so.1)
==348806==    by 0xC9D8A743: ??? (in /usr/lib/wsl/drivers/nvam.inf_amd64_7e083f37999613bd/libcuda.so.1.1)
==348806==    by 0xC9C98F0C: ??? (in /usr/lib/wsl/drivers/nvam.inf_amd64_7e083f37999613bd/libcuda.so.1.1)
==348806==    by 0xC9DC5FD0: ??? (in /usr/lib/wsl/drivers/nvam.inf_amd64_7e083f37999613bd/libcuda.so.1.1)
==348806==    by 0xC9DC653E: ??? (in /usr/lib/wsl/drivers/nvam.inf_amd64_7e083f37999613bd/libcuda.so.1.1)
==348806==    by 0xCB80A8E3: dxgdmalEnumAdapters (in /usr/lib/wsl/drivers/nvam.inf_amd64_7e083f37999613bd/libnvdxgdmal.so.1)
==348806==    by 0xC9D8B2FA: ??? (in /usr/lib/wsl/drivers/nvam.inf_amd64_7e083f37999613bd/libcuda.so.1.1)
==348806==    by 0xCA4D4A74: ??? (in /usr/lib/wsl/drivers/nvam.inf_amd64_7e083f37999613bd/libcuda.so.1.1)
==348806==    by 0xC9C01552: ??? (in /usr/lib/wsl/drivers/nvam.inf_amd64_7e083f37999613bd/libcuda.so.1.1)
==348806==    by 0xC9C6B121: ??? (in /usr/lib/wsl/drivers/nvam.inf_amd64_7e083f37999613bd/libcuda.so.1.1)
==348806==    by 0x4A34A75: ??? (in /usr/local/cuda-12.8/targets/x86_64-linux/lib/libcudart.so.12.8.90)
==348806==    by 0x4A39637: ??? (in /usr/local/cuda-12.8/targets/x86_64-linux/lib/libcudart.so.12.8.90)
==348806== 
==348806== Conditional jump or move depends on uninitialised value(s)
==348806==    at 0xCB809992: ??? (in /usr/lib/wsl/drivers/nvam.inf_amd64_7e083f37999613bd/libnvdxgdmal.so.1)
==348806==    by 0xC9D8A743: ??? (in /usr/lib/wsl/drivers/nvam.inf_amd64_7e083f37999613bd/libcuda.so.1.1)
==348806==    by 0xC9C98F0C: ??? (in /usr/lib/wsl/drivers/nvam.inf_amd64_7e083f37999613bd/libcuda.so.1.1)
==348806==    by 0xC9DC5FD0: ??? (in /usr/lib/wsl/drivers/nvam.inf_amd64_7e083f37999613bd/libcuda.so.1.1)
==348806==    by 0xC9DC653E: ??? (in /usr/lib/wsl/drivers/nvam.inf_amd64_7e083f37999613bd/libcuda.so.1.1)
==348806==    by 0xCB80A8E3: dxgdmalEnumAdapters (in /usr/lib/wsl/drivers/nvam.inf_amd64_7e083f37999613bd/libnvdxgdmal.so.1)
==348806==    by 0xC9D8B2FA: ??? (in /usr/lib/wsl/drivers/nvam.inf_amd64_7e083f37999613bd/libcuda.so.1.1)
==348806==    by 0xCA4D4A74: ??? (in /usr/lib/wsl/drivers/nvam.inf_amd64_7e083f37999613bd/libcuda.so.1.1)
==348806==    by 0xC9C01552: ??? (in /usr/lib/wsl/drivers/nvam.inf_amd64_7e083f37999613bd/libcuda.so.1.1)
==348806==    by 0xC9C6B121: ??? (in /usr/lib/wsl/drivers/nvam.inf_amd64_7e083f37999613bd/libcuda.so.1.1)
==348806==    by 0x4A34A75: ??? (in /usr/local/cuda-12.8/targets/x86_64-linux/lib/libcudart.so.12.8.90)
==348806==    by 0x4A39637: ??? (in /usr/local/cuda-12.8/targets/x86_64-linux/lib/libcudart.so.12.8.90)
==348806== 
==348806== Conditional jump or move depends on uninitialised value(s)
==348806==    at 0xCB8099AE: ??? (in /usr/lib/wsl/drivers/nvam.inf_amd64_7e083f37999613bd/libnvdxgdmal.so.1)
==348806==    by 0xC9D8A743: ??? (in /usr/lib/wsl/drivers/nvam.inf_amd64_7e083f37999613bd/libcuda.so.1.1)
==348806==    by 0xC9C98F0C: ??? (in /usr/lib/wsl/drivers/nvam.inf_amd64_7e083f37999613bd/libcuda.so.1.1)
==348806==    by 0xC9DC5FD0: ??? (in /usr/lib/wsl/drivers/nvam.inf_amd64_7e083f37999613bd/libcuda.so.1.1)
==348806==    by 0xC9DC653E: ??? (in /usr/lib/wsl/drivers/nvam.inf_amd64_7e083f37999613bd/libcuda.so.1.1)
==348806==    by 0xCB80A8E3: dxgdmalEnumAdapters (in /usr/lib/wsl/drivers/nvam.inf_amd64_7e083f37999613bd/libnvdxgdmal.so.1)
==348806==    by 0xC9D8B2FA: ??? (in /usr/lib/wsl/drivers/nvam.inf_amd64_7e083f37999613bd/libcuda.so.1.1)
==348806==    by 0xCA4D4A74: ??? (in /usr/lib/wsl/drivers/nvam.inf_amd64_7e083f37999613bd/libcuda.so.1.1)
==348806==    by 0xC9C01552: ??? (in /usr/lib/wsl/drivers/nvam.inf_amd64_7e083f37999613bd/libcuda.so.1.1)
==348806==    by 0xC9C6B121: ??? (in /usr/lib/wsl/drivers/nvam.inf_amd64_7e083f37999613bd/libcuda.so.1.1)
==348806==    by 0x4A34A75: ??? (in /usr/local/cuda-12.8/targets/x86_64-linux/lib/libcudart.so.12.8.90)
==348806==    by 0x4A39637: ??? (in /usr/local/cuda-12.8/targets/x86_64-linux/lib/libcudart.so.12.8.90)
==348806== 
==348806== Conditional jump or move depends on uninitialised value(s)
==348806==    at 0xCB80996C: ??? (in /usr/lib/wsl/drivers/nvam.inf_amd64_7e083f37999613bd/libnvdxgdmal.so.1)
==348806==    by 0xC9D8A743: ??? (in /usr/lib/wsl/drivers/nvam.inf_amd64_7e083f37999613bd/libcuda.so.1.1)
==348806==    by 0xC9C98F0C: ??? (in /usr/lib/wsl/drivers/nvam.inf_amd64_7e083f37999613bd/libcuda.so.1.1)
==348806==    by 0xC9DC5FD0: ??? (in /usr/lib/wsl/drivers/nvam.inf_amd64_7e083f37999613bd/libcuda.so.1.1)
==348806==    by 0xC9DC653E: ??? (in /usr/lib/wsl/drivers/nvam.inf_amd64_7e083f37999613bd/libcuda.so.1.1)
==348806==    by 0xCB80A8E3: dxgdmalEnumAdapters (in /usr/lib/wsl/drivers/nvam.inf_amd64_7e083f37999613bd/libnvdxgdmal.so.1)
==348806==    by 0xC9D8B2FA: ??? (in /usr/lib/wsl/drivers/nvam.inf_amd64_7e083f37999613bd/libcuda.so.1.1)
==348806==    by 0xCA4D4A74: ??? (in /usr/lib/wsl/drivers/nvam.inf_amd64_7e083f37999613bd/libcuda.so.1.1)
==348806==    by 0xC9C01552: ??? (in /usr/lib/wsl/drivers/nvam.inf_amd64_7e083f37999613bd/libcuda.so.1.1)
==348806==    by 0xC9C6B121: ??? (in /usr/lib/wsl/drivers/nvam.inf_amd64_7e083f37999613bd/libcuda.so.1.1)
==348806==    by 0x4A34A75: ??? (in /usr/local/cuda-12.8/targets/x86_64-linux/lib/libcudart.so.12.8.90)
==348806==    by 0x4A39637: ??? (in /usr/local/cuda-12.8/targets/x86_64-linux/lib/libcudart.so.12.8.90)
==348806== 
==348806== Conditional jump or move depends on uninitialised value(s)
==348806==    at 0xCB80995F: ??? (in /usr/lib/wsl/drivers/nvam.inf_amd64_7e083f37999613bd/libnvdxgdmal.so.1)
==348806==    by 0xC9D8A743: ??? (in /usr/lib/wsl/drivers/nvam.inf_amd64_7e083f37999613bd/libcuda.so.1.1)
==348806==    by 0xC9C98F0C: ??? (in /usr/lib/wsl/drivers/nvam.inf_amd64_7e083f37999613bd/libcuda.so.1.1)
==348806==    by 0xC9DC5FD0: ??? (in /usr/lib/wsl/drivers/nvam.inf_amd64_7e083f37999613bd/libcuda.so.1.1)
==348806==    by 0xC9DC653E: ??? (in /usr/lib/wsl/drivers/nvam.inf_amd64_7e083f37999613bd/libcuda.so.1.1)
==348806==    by 0xCB80A8E3: dxgdmalEnumAdapters (in /usr/lib/wsl/drivers/nvam.inf_amd64_7e083f37999613bd/libnvdxgdmal.so.1)
==348806==    by 0xC9D8B2FA: ??? (in /usr/lib/wsl/drivers/nvam.inf_amd64_7e083f37999613bd/libcuda.so.1.1)
==348806==    by 0xCA4D4A74: ??? (in /usr/lib/wsl/drivers/nvam.inf_amd64_7e083f37999613bd/libcuda.so.1.1)
==348806==    by 0xC9C01552: ??? (in /usr/lib/wsl/drivers/nvam.inf_amd64_7e083f37999613bd/libcuda.so.1.1)
==348806==    by 0xC9C6B121: ??? (in /usr/lib/wsl/drivers/nvam.inf_amd64_7e083f37999613bd/libcuda.so.1.1)
==348806==    by 0x4A34A75: ??? (in /usr/local/cuda-12.8/targets/x86_64-linux/lib/libcudart.so.12.8.90)
==348806==    by 0x4A39637: ??? (in /usr/local/cuda-12.8/targets/x86_64-linux/lib/libcudart.so.12.8.90)
==348806== 
==348806== Conditional jump or move depends on uninitialised value(s)
==348806==    at 0xCB809A44: ??? (in /usr/lib/wsl/drivers/nvam.inf_amd64_7e083f37999613bd/libnvdxgdmal.so.1)
==348806==    by 0xC9D8A743: ??? (in /usr/lib/wsl/drivers/nvam.inf_amd64_7e083f37999613bd/libcuda.so.1.1)
==348806==    by 0xC9C98F0C: ??? (in /usr/lib/wsl/drivers/nvam.inf_amd64_7e083f37999613bd/libcuda.so.1.1)
==348806==    by 0xC9DC5FD0: ??? (in /usr/lib/wsl/drivers/nvam.inf_amd64_7e083f37999613bd/libcuda.so.1.1)
==348806==    by 0xC9DC653E: ??? (in /usr/lib/wsl/drivers/nvam.inf_amd64_7e083f37999613bd/libcuda.so.1.1)
==348806==    by 0xCB80A8E3: dxgdmalEnumAdapters (in /usr/lib/wsl/drivers/nvam.inf_amd64_7e083f37999613bd/libnvdxgdmal.so.1)
==348806==    by 0xC9D8B2FA: ??? (in /usr/lib/wsl/drivers/nvam.inf_amd64_7e083f37999613bd/libcuda.so.1.1)
==348806==    by 0xCA4D4A74: ??? (in /usr/lib/wsl/drivers/nvam.inf_amd64_7e083f37999613bd/libcuda.so.1.1)
==348806==    by 0xC9C01552: ??? (in /usr/lib/wsl/drivers/nvam.inf_amd64_7e083f37999613bd/libcuda.so.1.1)
==348806==    by 0xC9C6B121: ??? (in /usr/lib/wsl/drivers/nvam.inf_amd64_7e083f37999613bd/libcuda.so.1.1)
==348806==    by 0x4A34A75: ??? (in /usr/local/cuda-12.8/targets/x86_64-linux/lib/libcudart.so.12.8.90)
==348806==    by 0x4A39637: ??? (in /usr/local/cuda-12.8/targets/x86_64-linux/lib/libcudart.so.12.8.90)
==348806== 
==348806== Conditional jump or move depends on uninitialised value(s)
==348806==    at 0xCB809B86: ??? (in /usr/lib/wsl/drivers/nvam.inf_amd64_7e083f37999613bd/libnvdxgdmal.so.1)
==348806==    by 0xC9D8A743: ??? (in /usr/lib/wsl/drivers/nvam.inf_amd64_7e083f37999613bd/libcuda.so.1.1)
==348806==    by 0xC9C98F0C: ??? (in /usr/lib/wsl/drivers/nvam.inf_amd64_7e083f37999613bd/libcuda.so.1.1)
==348806==    by 0xC9DC5FD0: ??? (in /usr/lib/wsl/drivers/nvam.inf_amd64_7e083f37999613bd/libcuda.so.1.1)
==348806==    by 0xC9DC653E: ??? (in /usr/lib/wsl/drivers/nvam.inf_amd64_7e083f37999613bd/libcuda.so.1.1)
==348806==    by 0xCB80A8E3: dxgdmalEnumAdapters (in /usr/lib/wsl/drivers/nvam.inf_amd64_7e083f37999613bd/libnvdxgdmal.so.1)
==348806==    by 0xC9D8B2FA: ??? (in /usr/lib/wsl/drivers/nvam.inf_amd64_7e083f37999613bd/libcuda.so.1.1)
==348806==    by 0xCA4D4A74: ??? (in /usr/lib/wsl/drivers/nvam.inf_amd64_7e083f37999613bd/libcuda.so.1.1)
==348806==    by 0xC9C01552: ??? (in /usr/lib/wsl/drivers/nvam.inf_amd64_7e083f37999613bd/libcuda.so.1.1)
==348806==    by 0xC9C6B121: ??? (in /usr/lib/wsl/drivers/nvam.inf_amd64_7e083f37999613bd/libcuda.so.1.1)
==348806==    by 0x4A34A75: ??? (in /usr/local/cuda-12.8/targets/x86_64-linux/lib/libcudart.so.12.8.90)
==348806==    by 0x4A39637: ??? (in /usr/local/cuda-12.8/targets/x86_64-linux/lib/libcudart.so.12.8.90)
==348806== 
==348806== Conditional jump or move depends on uninitialised value(s)
==348806==    at 0xCB809CF2: ??? (in /usr/lib/wsl/drivers/nvam.inf_amd64_7e083f37999613bd/libnvdxgdmal.so.1)
==348806==    by 0xC9D8A743: ??? (in /usr/lib/wsl/drivers/nvam.inf_amd64_7e083f37999613bd/libcuda.so.1.1)
==348806==    by 0xC9C98F0C: ??? (in /usr/lib/wsl/drivers/nvam.inf_amd64_7e083f37999613bd/libcuda.so.1.1)
==348806==    by 0xC9DC5FD0: ??? (in /usr/lib/wsl/drivers/nvam.inf_amd64_7e083f37999613bd/libcuda.so.1.1)
==348806==    by 0xC9DC653E: ??? (in /usr/lib/wsl/drivers/nvam.inf_amd64_7e083f37999613bd/libcuda.so.1.1)
==348806==    by 0xCB80A8E3: dxgdmalEnumAdapters (in /usr/lib/wsl/drivers/nvam.inf_amd64_7e083f37999613bd/libnvdxgdmal.so.1)
==348806==    by 0xC9D8B2FA: ??? (in /usr/lib/wsl/drivers/nvam.inf_amd64_7e083f37999613bd/libcuda.so.1.1)
==348806==    by 0xCA4D4A74: ??? (in /usr/lib/wsl/drivers/nvam.inf_amd64_7e083f37999613bd/libcuda.so.1.1)
==348806==    by 0xC9C01552: ??? (in /usr/lib/wsl/drivers/nvam.inf_amd64_7e083f37999613bd/libcuda.so.1.1)
==348806==    by 0xC9C6B121: ??? (in /usr/lib/wsl/drivers/nvam.inf_amd64_7e083f37999613bd/libcuda.so.1.1)
==348806==    by 0x4A34A75: ??? (in /usr/local/cuda-12.8/targets/x86_64-linux/lib/libcudart.so.12.8.90)
==348806==    by 0x4A39637: ??? (in /usr/local/cuda-12.8/targets/x86_64-linux/lib/libcudart.so.12.8.90)
==348806== 
==348806== Conditional jump or move depends on uninitialised value(s)
==348806==    at 0xCB808D82: ??? (in /usr/lib/wsl/drivers/nvam.inf_amd64_7e083f37999613bd/libnvdxgdmal.so.1)
==348806==    by 0xC9DAFDBA: ??? (in /usr/lib/wsl/drivers/nvam.inf_amd64_7e083f37999613bd/libcuda.so.1.1)
==348806==    by 0xC9C98F6C: ??? (in /usr/lib/wsl/drivers/nvam.inf_amd64_7e083f37999613bd/libcuda.so.1.1)
==348806==    by 0xC9DC5FD0: ??? (in /usr/lib/wsl/drivers/nvam.inf_amd64_7e083f37999613bd/libcuda.so.1.1)
==348806==    by 0xC9DC653E: ??? (in /usr/lib/wsl/drivers/nvam.inf_amd64_7e083f37999613bd/libcuda.so.1.1)
==348806==    by 0xCB80A8E3: dxgdmalEnumAdapters (in /usr/lib/wsl/drivers/nvam.inf_amd64_7e083f37999613bd/libnvdxgdmal.so.1)
==348806==    by 0xC9D8B2FA: ??? (in /usr/lib/wsl/drivers/nvam.inf_amd64_7e083f37999613bd/libcuda.so.1.1)
==348806==    by 0xCA4D4A74: ??? (in /usr/lib/wsl/drivers/nvam.inf_amd64_7e083f37999613bd/libcuda.so.1.1)
==348806==    by 0xC9C01552: ??? (in /usr/lib/wsl/drivers/nvam.inf_amd64_7e083f37999613bd/libcuda.so.1.1)
==348806==    by 0xC9C6B121: ??? (in /usr/lib/wsl/drivers/nvam.inf_amd64_7e083f37999613bd/libcuda.so.1.1)
==348806==    by 0x4A34A75: ??? (in /usr/local/cuda-12.8/targets/x86_64-linux/lib/libcudart.so.12.8.90)
==348806==    by 0x4A39637: ??? (in /usr/local/cuda-12.8/targets/x86_64-linux/lib/libcudart.so.12.8.90)
==348806== 
==348806== Conditional jump or move depends on uninitialised value(s)
==348806==    at 0xCB808D8E: ??? (in /usr/lib/wsl/drivers/nvam.inf_amd64_7e083f37999613bd/libnvdxgdmal.so.1)
==348806==    by 0xC9DAFDBA: ??? (in /usr/lib/wsl/drivers/nvam.inf_amd64_7e083f37999613bd/libcuda.so.1.1)
==348806==    by 0xC9C98F6C: ??? (in /usr/lib/wsl/drivers/nvam.inf_amd64_7e083f37999613bd/libcuda.so.1.1)
==348806==    by 0xC9DC5FD0: ??? (in /usr/lib/wsl/drivers/nvam.inf_amd64_7e083f37999613bd/libcuda.so.1.1)
==348806==    by 0xC9DC653E: ??? (in /usr/lib/wsl/drivers/nvam.inf_amd64_7e083f37999613bd/libcuda.so.1.1)
==348806==    by 0xCB80A8E3: dxgdmalEnumAdapters (in /usr/lib/wsl/drivers/nvam.inf_amd64_7e083f37999613bd/libnvdxgdmal.so.1)
==348806==    by 0xC9D8B2FA: ??? (in /usr/lib/wsl/drivers/nvam.inf_amd64_7e083f37999613bd/libcuda.so.1.1)
==348806==    by 0xCA4D4A74: ??? (in /usr/lib/wsl/drivers/nvam.inf_amd64_7e083f37999613bd/libcuda.so.1.1)
==348806==    by 0xC9C01552: ??? (in /usr/lib/wsl/drivers/nvam.inf_amd64_7e083f37999613bd/libcuda.so.1.1)
==348806==    by 0xC9C6B121: ??? (in /usr/lib/wsl/drivers/nvam.inf_amd64_7e083f37999613bd/libcuda.so.1.1)
==348806==    by 0x4A34A75: ??? (in /usr/local/cuda-12.8/targets/x86_64-linux/lib/libcudart.so.12.8.90)
==348806==    by 0x4A39637: ??? (in /usr/local/cuda-12.8/targets/x86_64-linux/lib/libcudart.so.12.8.90)
==348806== 
==348806== Conditional jump or move depends on uninitialised value(s)
==348806==    at 0xCB808F70: ??? (in /usr/lib/wsl/drivers/nvam.inf_amd64_7e083f37999613bd/libnvdxgdmal.so.1)
==348806==    by 0xC9DAFDBA: ??? (in /usr/lib/wsl/drivers/nvam.inf_amd64_7e083f37999613bd/libcuda.so.1.1)
==348806==    by 0xC9C98F6C: ??? (in /usr/lib/wsl/drivers/nvam.inf_amd64_7e083f37999613bd/libcuda.so.1.1)
==348806==    by 0xC9DC5FD0: ??? (in /usr/lib/wsl/drivers/nvam.inf_amd64_7e083f37999613bd/libcuda.so.1.1)
==348806==    by 0xC9DC653E: ??? (in /usr/lib/wsl/drivers/nvam.inf_amd64_7e083f37999613bd/libcuda.so.1.1)
==348806==    by 0xCB80A8E3: dxgdmalEnumAdapters (in /usr/lib/wsl/drivers/nvam.inf_amd64_7e083f37999613bd/libnvdxgdmal.so.1)
==348806==    by 0xC9D8B2FA: ??? (in /usr/lib/wsl/drivers/nvam.inf_amd64_7e083f37999613bd/libcuda.so.1.1)
==348806==    by 0xCA4D4A74: ??? (in /usr/lib/wsl/drivers/nvam.inf_amd64_7e083f37999613bd/libcuda.so.1.1)
==348806==    by 0xC9C01552: ??? (in /usr/lib/wsl/drivers/nvam.inf_amd64_7e083f37999613bd/libcuda.so.1.1)
==348806==    by 0xC9C6B121: ??? (in /usr/lib/wsl/drivers/nvam.inf_amd64_7e083f37999613bd/libcuda.so.1.1)
==348806==    by 0x4A34A75: ??? (in /usr/local/cuda-12.8/targets/x86_64-linux/lib/libcudart.so.12.8.90)
==348806==    by 0x4A39637: ??? (in /usr/local/cuda-12.8/targets/x86_64-linux/lib/libcudart.so.12.8.90)
==348806== 
==348806== Conditional jump or move depends on uninitialised value(s)
==348806==    at 0xCB808FD6: ??? (in /usr/lib/wsl/drivers/nvam.inf_amd64_7e083f37999613bd/libnvdxgdmal.so.1)
==348806==    by 0xC9DAFDBA: ??? (in /usr/lib/wsl/drivers/nvam.inf_amd64_7e083f37999613bd/libcuda.so.1.1)
==348806==    by 0xC9C98F6C: ??? (in /usr/lib/wsl/drivers/nvam.inf_amd64_7e083f37999613bd/libcuda.so.1.1)
==348806==    by 0xC9DC5FD0: ??? (in /usr/lib/wsl/drivers/nvam.inf_amd64_7e083f37999613bd/libcuda.so.1.1)
==348806==    by 0xC9DC653E: ??? (in /usr/lib/wsl/drivers/nvam.inf_amd64_7e083f37999613bd/libcuda.so.1.1)
==348806==    by 0xCB80A8E3: dxgdmalEnumAdapters (in /usr/lib/wsl/drivers/nvam.inf_amd64_7e083f37999613bd/libnvdxgdmal.so.1)
==348806==    by 0xC9D8B2FA: ??? (in /usr/lib/wsl/drivers/nvam.inf_amd64_7e083f37999613bd/libcuda.so.1.1)
==348806==    by 0xCA4D4A74: ??? (in /usr/lib/wsl/drivers/nvam.inf_amd64_7e083f37999613bd/libcuda.so.1.1)
==348806==    by 0xC9C01552: ??? (in /usr/lib/wsl/drivers/nvam.inf_amd64_7e083f37999613bd/libcuda.so.1.1)
==348806==    by 0xC9C6B121: ??? (in /usr/lib/wsl/drivers/nvam.inf_amd64_7e083f37999613bd/libcuda.so.1.1)
==348806==    by 0x4A34A75: ??? (in /usr/local/cuda-12.8/targets/x86_64-linux/lib/libcudart.so.12.8.90)
==348806==    by 0x4A39637: ??? (in /usr/local/cuda-12.8/targets/x86_64-linux/lib/libcudart.so.12.8.90)
==348806== 
==348806== Conditional jump or move depends on uninitialised value(s)
==348806==    at 0xCB809097: ??? (in /usr/lib/wsl/drivers/nvam.inf_amd64_7e083f37999613bd/libnvdxgdmal.so.1)
==348806==    by 0xC9DAFDBA: ??? (in /usr/lib/wsl/drivers/nvam.inf_amd64_7e083f37999613bd/libcuda.so.1.1)
==348806==    by 0xC9C98F6C: ??? (in /usr/lib/wsl/drivers/nvam.inf_amd64_7e083f37999613bd/libcuda.so.1.1)
==348806==    by 0xC9DC5FD0: ??? (in /usr/lib/wsl/drivers/nvam.inf_amd64_7e083f37999613bd/libcuda.so.1.1)
==348806==    by 0xC9DC653E: ??? (in /usr/lib/wsl/drivers/nvam.inf_amd64_7e083f37999613bd/libcuda.so.1.1)
==348806==    by 0xCB80A8E3: dxgdmalEnumAdapters (in /usr/lib/wsl/drivers/nvam.inf_amd64_7e083f37999613bd/libnvdxgdmal.so.1)
==348806==    by 0xC9D8B2FA: ??? (in /usr/lib/wsl/drivers/nvam.inf_amd64_7e083f37999613bd/libcuda.so.1.1)
==348806==    by 0xCA4D4A74: ??? (in /usr/lib/wsl/drivers/nvam.inf_amd64_7e083f37999613bd/libcuda.so.1.1)
==348806==    by 0xC9C01552: ??? (in /usr/lib/wsl/drivers/nvam.inf_amd64_7e083f37999613bd/libcuda.so.1.1)
==348806==    by 0xC9C6B121: ??? (in /usr/lib/wsl/drivers/nvam.inf_amd64_7e083f37999613bd/libcuda.so.1.1)
==348806==    by 0x4A34A75: ??? (in /usr/local/cuda-12.8/targets/x86_64-linux/lib/libcudart.so.12.8.90)
==348806==    by 0x4A39637: ??? (in /usr/local/cuda-12.8/targets/x86_64-linux/lib/libcudart.so.12.8.90)
==348806== 
==348806== Conditional jump or move depends on uninitialised value(s)
==348806==    at 0xCB809216: ??? (in /usr/lib/wsl/drivers/nvam.inf_amd64_7e083f37999613bd/libnvdxgdmal.so.1)
==348806==    by 0xC9DAFDBA: ??? (in /usr/lib/wsl/drivers/nvam.inf_amd64_7e083f37999613bd/libcuda.so.1.1)
==348806==    by 0xC9C98F6C: ??? (in /usr/lib/wsl/drivers/nvam.inf_amd64_7e083f37999613bd/libcuda.so.1.1)
==348806==    by 0xC9DC5FD0: ??? (in /usr/lib/wsl/drivers/nvam.inf_amd64_7e083f37999613bd/libcuda.so.1.1)
==348806==    by 0xC9DC653E: ??? (in /usr/lib/wsl/drivers/nvam.inf_amd64_7e083f37999613bd/libcuda.so.1.1)
==348806==    by 0xCB80A8E3: dxgdmalEnumAdapters (in /usr/lib/wsl/drivers/nvam.inf_amd64_7e083f37999613bd/libnvdxgdmal.so.1)
==348806==    by 0xC9D8B2FA: ??? (in /usr/lib/wsl/drivers/nvam.inf_amd64_7e083f37999613bd/libcuda.so.1.1)
==348806==    by 0xCA4D4A74: ??? (in /usr/lib/wsl/drivers/nvam.inf_amd64_7e083f37999613bd/libcuda.so.1.1)
==348806==    by 0xC9C01552: ??? (in /usr/lib/wsl/drivers/nvam.inf_amd64_7e083f37999613bd/libcuda.so.1.1)
==348806==    by 0xC9C6B121: ??? (in /usr/lib/wsl/drivers/nvam.inf_amd64_7e083f37999613bd/libcuda.so.1.1)
==348806==    by 0x4A34A75: ??? (in /usr/local/cuda-12.8/targets/x86_64-linux/lib/libcudart.so.12.8.90)
==348806==    by 0x4A39637: ??? (in /usr/local/cuda-12.8/targets/x86_64-linux/lib/libcudart.so.12.8.90)
==348806== 
==348806== Use of uninitialised value of size 8
==348806==    at 0xCB80921F: ??? (in /usr/lib/wsl/drivers/nvam.inf_amd64_7e083f37999613bd/libnvdxgdmal.so.1)
==348806==    by 0xC9DAFDBA: ??? (in /usr/lib/wsl/drivers/nvam.inf_amd64_7e083f37999613bd/libcuda.so.1.1)
==348806==    by 0xC9C98F6C: ??? (in /usr/lib/wsl/drivers/nvam.inf_amd64_7e083f37999613bd/libcuda.so.1.1)
==348806==    by 0xC9DC5FD0: ??? (in /usr/lib/wsl/drivers/nvam.inf_amd64_7e083f37999613bd/libcuda.so.1.1)
==348806==    by 0xC9DC653E: ??? (in /usr/lib/wsl/drivers/nvam.inf_amd64_7e083f37999613bd/libcuda.so.1.1)
==348806==    by 0xCB80A8E3: dxgdmalEnumAdapters (in /usr/lib/wsl/drivers/nvam.inf_amd64_7e083f37999613bd/libnvdxgdmal.so.1)
==348806==    by 0xC9D8B2FA: ??? (in /usr/lib/wsl/drivers/nvam.inf_amd64_7e083f37999613bd/libcuda.so.1.1)
==348806==    by 0xCA4D4A74: ??? (in /usr/lib/wsl/drivers/nvam.inf_amd64_7e083f37999613bd/libcuda.so.1.1)
==348806==    by 0xC9C01552: ??? (in /usr/lib/wsl/drivers/nvam.inf_amd64_7e083f37999613bd/libcuda.so.1.1)
==348806==    by 0xC9C6B121: ??? (in /usr/lib/wsl/drivers/nvam.inf_amd64_7e083f37999613bd/libcuda.so.1.1)
==348806==    by 0x4A34A75: ??? (in /usr/local/cuda-12.8/targets/x86_64-linux/lib/libcudart.so.12.8.90)
==348806==    by 0x4A39637: ??? (in /usr/local/cuda-12.8/targets/x86_64-linux/lib/libcudart.so.12.8.90)
==348806== 
==348806== Conditional jump or move depends on uninitialised value(s)
==348806==    at 0xCB8095EB: ??? (in /usr/lib/wsl/drivers/nvam.inf_amd64_7e083f37999613bd/libnvdxgdmal.so.1)
==348806==    by 0xC9DAFDBA: ??? (in /usr/lib/wsl/drivers/nvam.inf_amd64_7e083f37999613bd/libcuda.so.1.1)
==348806==    by 0xC9C98F6C: ??? (in /usr/lib/wsl/drivers/nvam.inf_amd64_7e083f37999613bd/libcuda.so.1.1)
==348806==    by 0xC9DC5FD0: ??? (in /usr/lib/wsl/drivers/nvam.inf_amd64_7e083f37999613bd/libcuda.so.1.1)
==348806==    by 0xC9DC653E: ??? (in /usr/lib/wsl/drivers/nvam.inf_amd64_7e083f37999613bd/libcuda.so.1.1)
==348806==    by 0xCB80A8E3: dxgdmalEnumAdapters (in /usr/lib/wsl/drivers/nvam.inf_amd64_7e083f37999613bd/libnvdxgdmal.so.1)
==348806==    by 0xC9D8B2FA: ??? (in /usr/lib/wsl/drivers/nvam.inf_amd64_7e083f37999613bd/libcuda.so.1.1)
==348806==    by 0xCA4D4A74: ??? (in /usr/lib/wsl/drivers/nvam.inf_amd64_7e083f37999613bd/libcuda.so.1.1)
==348806==    by 0xC9C01552: ??? (in /usr/lib/wsl/drivers/nvam.inf_amd64_7e083f37999613bd/libcuda.so.1.1)
==348806==    by 0xC9C6B121: ??? (in /usr/lib/wsl/drivers/nvam.inf_amd64_7e083f37999613bd/libcuda.so.1.1)
==348806==    by 0x4A34A75: ??? (in /usr/local/cuda-12.8/targets/x86_64-linux/lib/libcudart.so.12.8.90)
==348806==    by 0x4A39637: ??? (in /usr/local/cuda-12.8/targets/x86_64-linux/lib/libcudart.so.12.8.90)
==348806== 
==348806== Conditional jump or move depends on uninitialised value(s)
==348806==    at 0xCB80966C: ??? (in /usr/lib/wsl/drivers/nvam.inf_amd64_7e083f37999613bd/libnvdxgdmal.so.1)
==348806==    by 0xC9DAFDBA: ??? (in /usr/lib/wsl/drivers/nvam.inf_amd64_7e083f37999613bd/libcuda.so.1.1)
==348806==    by 0xC9C98F6C: ??? (in /usr/lib/wsl/drivers/nvam.inf_amd64_7e083f37999613bd/libcuda.so.1.1)
==348806==    by 0xC9DC5FD0: ??? (in /usr/lib/wsl/drivers/nvam.inf_amd64_7e083f37999613bd/libcuda.so.1.1)
==348806==    by 0xC9DC653E: ??? (in /usr/lib/wsl/drivers/nvam.inf_amd64_7e083f37999613bd/libcuda.so.1.1)
==348806==    by 0xCB80A8E3: dxgdmalEnumAdapters (in /usr/lib/wsl/drivers/nvam.inf_amd64_7e083f37999613bd/libnvdxgdmal.so.1)
==348806==    by 0xC9D8B2FA: ??? (in /usr/lib/wsl/drivers/nvam.inf_amd64_7e083f37999613bd/libcuda.so.1.1)
==348806==    by 0xCA4D4A74: ??? (in /usr/lib/wsl/drivers/nvam.inf_amd64_7e083f37999613bd/libcuda.so.1.1)
==348806==    by 0xC9C01552: ??? (in /usr/lib/wsl/drivers/nvam.inf_amd64_7e083f37999613bd/libcuda.so.1.1)
==348806==    by 0xC9C6B121: ??? (in /usr/lib/wsl/drivers/nvam.inf_amd64_7e083f37999613bd/libcuda.so.1.1)
==348806==    by 0x4A34A75: ??? (in /usr/local/cuda-12.8/targets/x86_64-linux/lib/libcudart.so.12.8.90)
==348806==    by 0x4A39637: ??? (in /usr/local/cuda-12.8/targets/x86_64-linux/lib/libcudart.so.12.8.90)
==348806== 
==348806== Use of uninitialised value of size 8
==348806==    at 0xCB809679: ??? (in /usr/lib/wsl/drivers/nvam.inf_amd64_7e083f37999613bd/libnvdxgdmal.so.1)
==348806==    by 0xC9DAFDBA: ??? (in /usr/lib/wsl/drivers/nvam.inf_amd64_7e083f37999613bd/libcuda.so.1.1)
==348806==    by 0xC9C98F6C: ??? (in /usr/lib/wsl/drivers/nvam.inf_amd64_7e083f37999613bd/libcuda.so.1.1)
==348806==    by 0xC9DC5FD0: ??? (in /usr/lib/wsl/drivers/nvam.inf_amd64_7e083f37999613bd/libcuda.so.1.1)
==348806==    by 0xC9DC653E: ??? (in /usr/lib/wsl/drivers/nvam.inf_amd64_7e083f37999613bd/libcuda.so.1.1)
==348806==    by 0xCB80A8E3: dxgdmalEnumAdapters (in /usr/lib/wsl/drivers/nvam.inf_amd64_7e083f37999613bd/libnvdxgdmal.so.1)
==348806==    by 0xC9D8B2FA: ??? (in /usr/lib/wsl/drivers/nvam.inf_amd64_7e083f37999613bd/libcuda.so.1.1)
==348806==    by 0xCA4D4A74: ??? (in /usr/lib/wsl/drivers/nvam.inf_amd64_7e083f37999613bd/libcuda.so.1.1)
==348806==    by 0xC9C01552: ??? (in /usr/lib/wsl/drivers/nvam.inf_amd64_7e083f37999613bd/libcuda.so.1.1)
==348806==    by 0xC9C6B121: ??? (in /usr/lib/wsl/drivers/nvam.inf_amd64_7e083f37999613bd/libcuda.so.1.1)
==348806==    by 0x4A34A75: ??? (in /usr/local/cuda-12.8/targets/x86_64-linux/lib/libcudart.so.12.8.90)
==348806==    by 0x4A39637: ??? (in /usr/local/cuda-12.8/targets/x86_64-linux/lib/libcudart.so.12.8.90)
==348806== 
==348806== Conditional jump or move depends on uninitialised value(s)
==348806==    at 0xCB80969F: ??? (in /usr/lib/wsl/drivers/nvam.inf_amd64_7e083f37999613bd/libnvdxgdmal.so.1)
==348806==    by 0xC9DAFDBA: ??? (in /usr/lib/wsl/drivers/nvam.inf_amd64_7e083f37999613bd/libcuda.so.1.1)
==348806==    by 0xC9C98F6C: ??? (in /usr/lib/wsl/drivers/nvam.inf_amd64_7e083f37999613bd/libcuda.so.1.1)
==348806==    by 0xC9DC5FD0: ??? (in /usr/lib/wsl/drivers/nvam.inf_amd64_7e083f37999613bd/libcuda.so.1.1)
==348806==    by 0xC9DC653E: ??? (in /usr/lib/wsl/drivers/nvam.inf_amd64_7e083f37999613bd/libcuda.so.1.1)
==348806==    by 0xCB80A8E3: dxgdmalEnumAdapters (in /usr/lib/wsl/drivers/nvam.inf_amd64_7e083f37999613bd/libnvdxgdmal.so.1)
==348806==    by 0xC9D8B2FA: ??? (in /usr/lib/wsl/drivers/nvam.inf_amd64_7e083f37999613bd/libcuda.so.1.1)
==348806==    by 0xCA4D4A74: ??? (in /usr/lib/wsl/drivers/nvam.inf_amd64_7e083f37999613bd/libcuda.so.1.1)
==348806==    by 0xC9C01552: ??? (in /usr/lib/wsl/drivers/nvam.inf_amd64_7e083f37999613bd/libcuda.so.1.1)
==348806==    by 0xC9C6B121: ??? (in /usr/lib/wsl/drivers/nvam.inf_amd64_7e083f37999613bd/libcuda.so.1.1)
==348806==    by 0x4A34A75: ??? (in /usr/local/cuda-12.8/targets/x86_64-linux/lib/libcudart.so.12.8.90)
==348806==    by 0x4A39637: ??? (in /usr/local/cuda-12.8/targets/x86_64-linux/lib/libcudart.so.12.8.90)
==348806== 
==348806== Use of uninitialised value of size 8
==348806==    at 0xCB8096A5: ??? (in /usr/lib/wsl/drivers/nvam.inf_amd64_7e083f37999613bd/libnvdxgdmal.so.1)
==348806==    by 0xC9DAFDBA: ??? (in /usr/lib/wsl/drivers/nvam.inf_amd64_7e083f37999613bd/libcuda.so.1.1)
==348806==    by 0xC9C98F6C: ??? (in /usr/lib/wsl/drivers/nvam.inf_amd64_7e083f37999613bd/libcuda.so.1.1)
==348806==    by 0xC9DC5FD0: ??? (in /usr/lib/wsl/drivers/nvam.inf_amd64_7e083f37999613bd/libcuda.so.1.1)
==348806==    by 0xC9DC653E: ??? (in /usr/lib/wsl/drivers/nvam.inf_amd64_7e083f37999613bd/libcuda.so.1.1)
==348806==    by 0xCB80A8E3: dxgdmalEnumAdapters (in /usr/lib/wsl/drivers/nvam.inf_amd64_7e083f37999613bd/libnvdxgdmal.so.1)
==348806==    by 0xC9D8B2FA: ??? (in /usr/lib/wsl/drivers/nvam.inf_amd64_7e083f37999613bd/libcuda.so.1.1)
==348806==    by 0xCA4D4A74: ??? (in /usr/lib/wsl/drivers/nvam.inf_amd64_7e083f37999613bd/libcuda.so.1.1)
==348806==    by 0xC9C01552: ??? (in /usr/lib/wsl/drivers/nvam.inf_amd64_7e083f37999613bd/libcuda.so.1.1)
==348806==    by 0xC9C6B121: ??? (in /usr/lib/wsl/drivers/nvam.inf_amd64_7e083f37999613bd/libcuda.so.1.1)
==348806==    by 0x4A34A75: ??? (in /usr/local/cuda-12.8/targets/x86_64-linux/lib/libcudart.so.12.8.90)
==348806==    by 0x4A39637: ??? (in /usr/local/cuda-12.8/targets/x86_64-linux/lib/libcudart.so.12.8.90)
==348806== 
==348806== Conditional jump or move depends on uninitialised value(s)
==348806==    at 0xCB8096E0: ??? (in /usr/lib/wsl/drivers/nvam.inf_amd64_7e083f37999613bd/libnvdxgdmal.so.1)
==348806==    by 0xC9DAFDBA: ??? (in /usr/lib/wsl/drivers/nvam.inf_amd64_7e083f37999613bd/libcuda.so.1.1)
==348806==    by 0xC9C98F6C: ??? (in /usr/lib/wsl/drivers/nvam.inf_amd64_7e083f37999613bd/libcuda.so.1.1)
==348806==    by 0xC9DC5FD0: ??? (in /usr/lib/wsl/drivers/nvam.inf_amd64_7e083f37999613bd/libcuda.so.1.1)
==348806==    by 0xC9DC653E: ??? (in /usr/lib/wsl/drivers/nvam.inf_amd64_7e083f37999613bd/libcuda.so.1.1)
==348806==    by 0xCB80A8E3: dxgdmalEnumAdapters (in /usr/lib/wsl/drivers/nvam.inf_amd64_7e083f37999613bd/libnvdxgdmal.so.1)
==348806==    by 0xC9D8B2FA: ??? (in /usr/lib/wsl/drivers/nvam.inf_amd64_7e083f37999613bd/libcuda.so.1.1)
==348806==    by 0xCA4D4A74: ??? (in /usr/lib/wsl/drivers/nvam.inf_amd64_7e083f37999613bd/libcuda.so.1.1)
==348806==    by 0xC9C01552: ??? (in /usr/lib/wsl/drivers/nvam.inf_amd64_7e083f37999613bd/libcuda.so.1.1)
==348806==    by 0xC9C6B121: ??? (in /usr/lib/wsl/drivers/nvam.inf_amd64_7e083f37999613bd/libcuda.so.1.1)
==348806==    by 0x4A34A75: ??? (in /usr/local/cuda-12.8/targets/x86_64-linux/lib/libcudart.so.12.8.90)
==348806==    by 0x4A39637: ??? (in /usr/local/cuda-12.8/targets/x86_64-linux/lib/libcudart.so.12.8.90)
==348806== 
==348806== Use of uninitialised value of size 8
==348806==    at 0xCB8096E6: ??? (in /usr/lib/wsl/drivers/nvam.inf_amd64_7e083f37999613bd/libnvdxgdmal.so.1)
==348806==    by 0xC9DAFDBA: ??? (in /usr/lib/wsl/drivers/nvam.inf_amd64_7e083f37999613bd/libcuda.so.1.1)
==348806==    by 0xC9C98F6C: ??? (in /usr/lib/wsl/drivers/nvam.inf_amd64_7e083f37999613bd/libcuda.so.1.1)
==348806==    by 0xC9DC5FD0: ??? (in /usr/lib/wsl/drivers/nvam.inf_amd64_7e083f37999613bd/libcuda.so.1.1)
==348806==    by 0xC9DC653E: ??? (in /usr/lib/wsl/drivers/nvam.inf_amd64_7e083f37999613bd/libcuda.so.1.1)
==348806==    by 0xCB80A8E3: dxgdmalEnumAdapters (in /usr/lib/wsl/drivers/nvam.inf_amd64_7e083f37999613bd/libnvdxgdmal.so.1)
==348806==    by 0xC9D8B2FA: ??? (in /usr/lib/wsl/drivers/nvam.inf_amd64_7e083f37999613bd/libcuda.so.1.1)
==348806==    by 0xCA4D4A74: ??? (in /usr/lib/wsl/drivers/nvam.inf_amd64_7e083f37999613bd/libcuda.so.1.1)
==348806==    by 0xC9C01552: ??? (in /usr/lib/wsl/drivers/nvam.inf_amd64_7e083f37999613bd/libcuda.so.1.1)
==348806==    by 0xC9C6B121: ??? (in /usr/lib/wsl/drivers/nvam.inf_amd64_7e083f37999613bd/libcuda.so.1.1)
==348806==    by 0x4A34A75: ??? (in /usr/local/cuda-12.8/targets/x86_64-linux/lib/libcudart.so.12.8.90)
==348806==    by 0x4A39637: ??? (in /usr/local/cuda-12.8/targets/x86_64-linux/lib/libcudart.so.12.8.90)
==348806== 
==348806== Conditional jump or move depends on uninitialised value(s)
==348806==    at 0xCB809720: ??? (in /usr/lib/wsl/drivers/nvam.inf_amd64_7e083f37999613bd/libnvdxgdmal.so.1)
==348806==    by 0xC9DAFDBA: ??? (in /usr/lib/wsl/drivers/nvam.inf_amd64_7e083f37999613bd/libcuda.so.1.1)
==348806==    by 0xC9C98F6C: ??? (in /usr/lib/wsl/drivers/nvam.inf_amd64_7e083f37999613bd/libcuda.so.1.1)
==348806==    by 0xC9DC5FD0: ??? (in /usr/lib/wsl/drivers/nvam.inf_amd64_7e083f37999613bd/libcuda.so.1.1)
==348806==    by 0xC9DC653E: ??? (in /usr/lib/wsl/drivers/nvam.inf_amd64_7e083f37999613bd/libcuda.so.1.1)
==348806==    by 0xCB80A8E3: dxgdmalEnumAdapters (in /usr/lib/wsl/drivers/nvam.inf_amd64_7e083f37999613bd/libnvdxgdmal.so.1)
==348806==    by 0xC9D8B2FA: ??? (in /usr/lib/wsl/drivers/nvam.inf_amd64_7e083f37999613bd/libcuda.so.1.1)
==348806==    by 0xCA4D4A74: ??? (in /usr/lib/wsl/drivers/nvam.inf_amd64_7e083f37999613bd/libcuda.so.1.1)
==348806==    by 0xC9C01552: ??? (in /usr/lib/wsl/drivers/nvam.inf_amd64_7e083f37999613bd/libcuda.so.1.1)
==348806==    by 0xC9C6B121: ??? (in /usr/lib/wsl/drivers/nvam.inf_amd64_7e083f37999613bd/libcuda.so.1.1)
==348806==    by 0x4A34A75: ??? (in /usr/local/cuda-12.8/targets/x86_64-linux/lib/libcudart.so.12.8.90)
==348806==    by 0x4A39637: ??? (in /usr/local/cuda-12.8/targets/x86_64-linux/lib/libcudart.so.12.8.90)
==348806== 
==348806== Use of uninitialised value of size 8
==348806==    at 0xCB809726: ??? (in /usr/lib/wsl/drivers/nvam.inf_amd64_7e083f37999613bd/libnvdxgdmal.so.1)
==348806==    by 0xC9DAFDBA: ??? (in /usr/lib/wsl/drivers/nvam.inf_amd64_7e083f37999613bd/libcuda.so.1.1)
==348806==    by 0xC9C98F6C: ??? (in /usr/lib/wsl/drivers/nvam.inf_amd64_7e083f37999613bd/libcuda.so.1.1)
==348806==    by 0xC9DC5FD0: ??? (in /usr/lib/wsl/drivers/nvam.inf_amd64_7e083f37999613bd/libcuda.so.1.1)
==348806==    by 0xC9DC653E: ??? (in /usr/lib/wsl/drivers/nvam.inf_amd64_7e083f37999613bd/libcuda.so.1.1)
==348806==    by 0xCB80A8E3: dxgdmalEnumAdapters (in /usr/lib/wsl/drivers/nvam.inf_amd64_7e083f37999613bd/libnvdxgdmal.so.1)
==348806==    by 0xC9D8B2FA: ??? (in /usr/lib/wsl/drivers/nvam.inf_amd64_7e083f37999613bd/libcuda.so.1.1)
==348806==    by 0xCA4D4A74: ??? (in /usr/lib/wsl/drivers/nvam.inf_amd64_7e083f37999613bd/libcuda.so.1.1)
==348806==    by 0xC9C01552: ??? (in /usr/lib/wsl/drivers/nvam.inf_amd64_7e083f37999613bd/libcuda.so.1.1)
==348806==    by 0xC9C6B121: ??? (in /usr/lib/wsl/drivers/nvam.inf_amd64_7e083f37999613bd/libcuda.so.1.1)
==348806==    by 0x4A34A75: ??? (in /usr/local/cuda-12.8/targets/x86_64-linux/lib/libcudart.so.12.8.90)
==348806==    by 0x4A39637: ??? (in /usr/local/cuda-12.8/targets/x86_64-linux/lib/libcudart.so.12.8.90)
==348806== 
==348806== Conditional jump or move depends on uninitialised value(s)
==348806==    at 0xCB8095BC: ??? (in /usr/lib/wsl/drivers/nvam.inf_amd64_7e083f37999613bd/libnvdxgdmal.so.1)
==348806==    by 0xC9DAFDBA: ??? (in /usr/lib/wsl/drivers/nvam.inf_amd64_7e083f37999613bd/libcuda.so.1.1)
==348806==    by 0xC9C98F6C: ??? (in /usr/lib/wsl/drivers/nvam.inf_amd64_7e083f37999613bd/libcuda.so.1.1)
==348806==    by 0xC9DC5FD0: ??? (in /usr/lib/wsl/drivers/nvam.inf_amd64_7e083f37999613bd/libcuda.so.1.1)
==348806==    by 0xC9DC653E: ??? (in /usr/lib/wsl/drivers/nvam.inf_amd64_7e083f37999613bd/libcuda.so.1.1)
==348806==    by 0xCB80A8E3: dxgdmalEnumAdapters (in /usr/lib/wsl/drivers/nvam.inf_amd64_7e083f37999613bd/libnvdxgdmal.so.1)
==348806==    by 0xC9D8B2FA: ??? (in /usr/lib/wsl/drivers/nvam.inf_amd64_7e083f37999613bd/libcuda.so.1.1)
==348806==    by 0xCA4D4A74: ??? (in /usr/lib/wsl/drivers/nvam.inf_amd64_7e083f37999613bd/libcuda.so.1.1)
==348806==    by 0xC9C01552: ??? (in /usr/lib/wsl/drivers/nvam.inf_amd64_7e083f37999613bd/libcuda.so.1.1)
==348806==    by 0xC9C6B121: ??? (in /usr/lib/wsl/drivers/nvam.inf_amd64_7e083f37999613bd/libcuda.so.1.1)
==348806==    by 0x4A34A75: ??? (in /usr/local/cuda-12.8/targets/x86_64-linux/lib/libcudart.so.12.8.90)
==348806==    by 0x4A39637: ??? (in /usr/local/cuda-12.8/targets/x86_64-linux/lib/libcudart.so.12.8.90)
==348806== 
==348806== Conditional jump or move depends on uninitialised value(s)
==348806==    at 0xCB80991D: ??? (in /usr/lib/wsl/drivers/nvam.inf_amd64_7e083f37999613bd/libnvdxgdmal.so.1)
==348806==    by 0xC9DAFDBA: ??? (in /usr/lib/wsl/drivers/nvam.inf_amd64_7e083f37999613bd/libcuda.so.1.1)
==348806==    by 0xC9C98F6C: ??? (in /usr/lib/wsl/drivers/nvam.inf_amd64_7e083f37999613bd/libcuda.so.1.1)
==348806==    by 0xC9DC5FD0: ??? (in /usr/lib/wsl/drivers/nvam.inf_amd64_7e083f37999613bd/libcuda.so.1.1)
==348806==    by 0xC9DC653E: ??? (in /usr/lib/wsl/drivers/nvam.inf_amd64_7e083f37999613bd/libcuda.so.1.1)
==348806==    by 0xCB80A8E3: dxgdmalEnumAdapters (in /usr/lib/wsl/drivers/nvam.inf_amd64_7e083f37999613bd/libnvdxgdmal.so.1)
==348806==    by 0xC9D8B2FA: ??? (in /usr/lib/wsl/drivers/nvam.inf_amd64_7e083f37999613bd/libcuda.so.1.1)
==348806==    by 0xCA4D4A74: ??? (in /usr/lib/wsl/drivers/nvam.inf_amd64_7e083f37999613bd/libcuda.so.1.1)
==348806==    by 0xC9C01552: ??? (in /usr/lib/wsl/drivers/nvam.inf_amd64_7e083f37999613bd/libcuda.so.1.1)
==348806==    by 0xC9C6B121: ??? (in /usr/lib/wsl/drivers/nvam.inf_amd64_7e083f37999613bd/libcuda.so.1.1)
==348806==    by 0x4A34A75: ??? (in /usr/local/cuda-12.8/targets/x86_64-linux/lib/libcudart.so.12.8.90)
==348806==    by 0x4A39637: ??? (in /usr/local/cuda-12.8/targets/x86_64-linux/lib/libcudart.so.12.8.90)
==348806== 
==348806== Conditional jump or move depends on uninitialised value(s)
==348806==    at 0xCB809987: ??? (in /usr/lib/wsl/drivers/nvam.inf_amd64_7e083f37999613bd/libnvdxgdmal.so.1)
==348806==    by 0xC9DAFDBA: ??? (in /usr/lib/wsl/drivers/nvam.inf_amd64_7e083f37999613bd/libcuda.so.1.1)
==348806==    by 0xC9C98F6C: ??? (in /usr/lib/wsl/drivers/nvam.inf_amd64_7e083f37999613bd/libcuda.so.1.1)
==348806==    by 0xC9DC5FD0: ??? (in /usr/lib/wsl/drivers/nvam.inf_amd64_7e083f37999613bd/libcuda.so.1.1)
==348806==    by 0xC9DC653E: ??? (in /usr/lib/wsl/drivers/nvam.inf_amd64_7e083f37999613bd/libcuda.so.1.1)
==348806==    by 0xCB80A8E3: dxgdmalEnumAdapters (in /usr/lib/wsl/drivers/nvam.inf_amd64_7e083f37999613bd/libnvdxgdmal.so.1)
==348806==    by 0xC9D8B2FA: ??? (in /usr/lib/wsl/drivers/nvam.inf_amd64_7e083f37999613bd/libcuda.so.1.1)
==348806==    by 0xCA4D4A74: ??? (in /usr/lib/wsl/drivers/nvam.inf_amd64_7e083f37999613bd/libcuda.so.1.1)
==348806==    by 0xC9C01552: ??? (in /usr/lib/wsl/drivers/nvam.inf_amd64_7e083f37999613bd/libcuda.so.1.1)
==348806==    by 0xC9C6B121: ??? (in /usr/lib/wsl/drivers/nvam.inf_amd64_7e083f37999613bd/libcuda.so.1.1)
==348806==    by 0x4A34A75: ??? (in /usr/local/cuda-12.8/targets/x86_64-linux/lib/libcudart.so.12.8.90)
==348806==    by 0x4A39637: ??? (in /usr/local/cuda-12.8/targets/x86_64-linux/lib/libcudart.so.12.8.90)
==348806== 
==348806== Conditional jump or move depends on uninitialised value(s)
==348806==    at 0xCB809992: ??? (in /usr/lib/wsl/drivers/nvam.inf_amd64_7e083f37999613bd/libnvdxgdmal.so.1)
==348806==    by 0xC9DAFDBA: ??? (in /usr/lib/wsl/drivers/nvam.inf_amd64_7e083f37999613bd/libcuda.so.1.1)
==348806==    by 0xC9C98F6C: ??? (in /usr/lib/wsl/drivers/nvam.inf_amd64_7e083f37999613bd/libcuda.so.1.1)
==348806==    by 0xC9DC5FD0: ??? (in /usr/lib/wsl/drivers/nvam.inf_amd64_7e083f37999613bd/libcuda.so.1.1)
==348806==    by 0xC9DC653E: ??? (in /usr/lib/wsl/drivers/nvam.inf_amd64_7e083f37999613bd/libcuda.so.1.1)
==348806==    by 0xCB80A8E3: dxgdmalEnumAdapters (in /usr/lib/wsl/drivers/nvam.inf_amd64_7e083f37999613bd/libnvdxgdmal.so.1)
==348806==    by 0xC9D8B2FA: ??? (in /usr/lib/wsl/drivers/nvam.inf_amd64_7e083f37999613bd/libcuda.so.1.1)
==348806==    by 0xCA4D4A74: ??? (in /usr/lib/wsl/drivers/nvam.inf_amd64_7e083f37999613bd/libcuda.so.1.1)
==348806==    by 0xC9C01552: ??? (in /usr/lib/wsl/drivers/nvam.inf_amd64_7e083f37999613bd/libcuda.so.1.1)
==348806==    by 0xC9C6B121: ??? (in /usr/lib/wsl/drivers/nvam.inf_amd64_7e083f37999613bd/libcuda.so.1.1)
==348806==    by 0x4A34A75: ??? (in /usr/local/cuda-12.8/targets/x86_64-linux/lib/libcudart.so.12.8.90)
==348806==    by 0x4A39637: ??? (in /usr/local/cuda-12.8/targets/x86_64-linux/lib/libcudart.so.12.8.90)
==348806== 
==348806== Conditional jump or move depends on uninitialised value(s)
==348806==    at 0xCB8099AE: ??? (in /usr/lib/wsl/drivers/nvam.inf_amd64_7e083f37999613bd/libnvdxgdmal.so.1)
==348806==    by 0xC9DAFDBA: ??? (in /usr/lib/wsl/drivers/nvam.inf_amd64_7e083f37999613bd/libcuda.so.1.1)
==348806==    by 0xC9C98F6C: ??? (in /usr/lib/wsl/drivers/nvam.inf_amd64_7e083f37999613bd/libcuda.so.1.1)
==348806==    by 0xC9DC5FD0: ??? (in /usr/lib/wsl/drivers/nvam.inf_amd64_7e083f37999613bd/libcuda.so.1.1)
==348806==    by 0xC9DC653E: ??? (in /usr/lib/wsl/drivers/nvam.inf_amd64_7e083f37999613bd/libcuda.so.1.1)
==348806==    by 0xCB80A8E3: dxgdmalEnumAdapters (in /usr/lib/wsl/drivers/nvam.inf_amd64_7e083f37999613bd/libnvdxgdmal.so.1)
==348806==    by 0xC9D8B2FA: ??? (in /usr/lib/wsl/drivers/nvam.inf_amd64_7e083f37999613bd/libcuda.so.1.1)
==348806==    by 0xCA4D4A74: ??? (in /usr/lib/wsl/drivers/nvam.inf_amd64_7e083f37999613bd/libcuda.so.1.1)
==348806==    by 0xC9C01552: ??? (in /usr/lib/wsl/drivers/nvam.inf_amd64_7e083f37999613bd/libcuda.so.1.1)
==348806==    by 0xC9C6B121: ??? (in /usr/lib/wsl/drivers/nvam.inf_amd64_7e083f37999613bd/libcuda.so.1.1)
==348806==    by 0x4A34A75: ??? (in /usr/local/cuda-12.8/targets/x86_64-linux/lib/libcudart.so.12.8.90)
==348806==    by 0x4A39637: ??? (in /usr/local/cuda-12.8/targets/x86_64-linux/lib/libcudart.so.12.8.90)
==348806== 
==348806== Conditional jump or move depends on uninitialised value(s)
==348806==    at 0xCB80996C: ??? (in /usr/lib/wsl/drivers/nvam.inf_amd64_7e083f37999613bd/libnvdxgdmal.so.1)
==348806==    by 0xC9DAFDBA: ??? (in /usr/lib/wsl/drivers/nvam.inf_amd64_7e083f37999613bd/libcuda.so.1.1)
==348806==    by 0xC9C98F6C: ??? (in /usr/lib/wsl/drivers/nvam.inf_amd64_7e083f37999613bd/libcuda.so.1.1)
==348806==    by 0xC9DC5FD0: ??? (in /usr/lib/wsl/drivers/nvam.inf_amd64_7e083f37999613bd/libcuda.so.1.1)
==348806==    by 0xC9DC653E: ??? (in /usr/lib/wsl/drivers/nvam.inf_amd64_7e083f37999613bd/libcuda.so.1.1)
==348806==    by 0xCB80A8E3: dxgdmalEnumAdapters (in /usr/lib/wsl/drivers/nvam.inf_amd64_7e083f37999613bd/libnvdxgdmal.so.1)
==348806==    by 0xC9D8B2FA: ??? (in /usr/lib/wsl/drivers/nvam.inf_amd64_7e083f37999613bd/libcuda.so.1.1)
==348806==    by 0xCA4D4A74: ??? (in /usr/lib/wsl/drivers/nvam.inf_amd64_7e083f37999613bd/libcuda.so.1.1)
==348806==    by 0xC9C01552: ??? (in /usr/lib/wsl/drivers/nvam.inf_amd64_7e083f37999613bd/libcuda.so.1.1)
==348806==    by 0xC9C6B121: ??? (in /usr/lib/wsl/drivers/nvam.inf_amd64_7e083f37999613bd/libcuda.so.1.1)
==348806==    by 0x4A34A75: ??? (in /usr/local/cuda-12.8/targets/x86_64-linux/lib/libcudart.so.12.8.90)
==348806==    by 0x4A39637: ??? (in /usr/local/cuda-12.8/targets/x86_64-linux/lib/libcudart.so.12.8.90)
==348806== 
==348806== Conditional jump or move depends on uninitialised value(s)
==348806==    at 0xCB80995F: ??? (in /usr/lib/wsl/drivers/nvam.inf_amd64_7e083f37999613bd/libnvdxgdmal.so.1)
==348806==    by 0xC9DAFDBA: ??? (in /usr/lib/wsl/drivers/nvam.inf_amd64_7e083f37999613bd/libcuda.so.1.1)
==348806==    by 0xC9C98F6C: ??? (in /usr/lib/wsl/drivers/nvam.inf_amd64_7e083f37999613bd/libcuda.so.1.1)
==348806==    by 0xC9DC5FD0: ??? (in /usr/lib/wsl/drivers/nvam.inf_amd64_7e083f37999613bd/libcuda.so.1.1)
==348806==    by 0xC9DC653E: ??? (in /usr/lib/wsl/drivers/nvam.inf_amd64_7e083f37999613bd/libcuda.so.1.1)
==348806==    by 0xCB80A8E3: dxgdmalEnumAdapters (in /usr/lib/wsl/drivers/nvam.inf_amd64_7e083f37999613bd/libnvdxgdmal.so.1)
==348806==    by 0xC9D8B2FA: ??? (in /usr/lib/wsl/drivers/nvam.inf_amd64_7e083f37999613bd/libcuda.so.1.1)
==348806==    by 0xCA4D4A74: ??? (in /usr/lib/wsl/drivers/nvam.inf_amd64_7e083f37999613bd/libcuda.so.1.1)
==348806==    by 0xC9C01552: ??? (in /usr/lib/wsl/drivers/nvam.inf_amd64_7e083f37999613bd/libcuda.so.1.1)
==348806==    by 0xC9C6B121: ??? (in /usr/lib/wsl/drivers/nvam.inf_amd64_7e083f37999613bd/libcuda.so.1.1)
==348806==    by 0x4A34A75: ??? (in /usr/local/cuda-12.8/targets/x86_64-linux/lib/libcudart.so.12.8.90)
==348806==    by 0x4A39637: ??? (in /usr/local/cuda-12.8/targets/x86_64-linux/lib/libcudart.so.12.8.90)
==348806== 
==348806== Conditional jump or move depends on uninitialised value(s)
==348806==    at 0xCB809A44: ??? (in /usr/lib/wsl/drivers/nvam.inf_amd64_7e083f37999613bd/libnvdxgdmal.so.1)
==348806==    by 0xC9DAFDBA: ??? (in /usr/lib/wsl/drivers/nvam.inf_amd64_7e083f37999613bd/libcuda.so.1.1)
==348806==    by 0xC9C98F6C: ??? (in /usr/lib/wsl/drivers/nvam.inf_amd64_7e083f37999613bd/libcuda.so.1.1)
==348806==    by 0xC9DC5FD0: ??? (in /usr/lib/wsl/drivers/nvam.inf_amd64_7e083f37999613bd/libcuda.so.1.1)
==348806==    by 0xC9DC653E: ??? (in /usr/lib/wsl/drivers/nvam.inf_amd64_7e083f37999613bd/libcuda.so.1.1)
==348806==    by 0xCB80A8E3: dxgdmalEnumAdapters (in /usr/lib/wsl/drivers/nvam.inf_amd64_7e083f37999613bd/libnvdxgdmal.so.1)
==348806==    by 0xC9D8B2FA: ??? (in /usr/lib/wsl/drivers/nvam.inf_amd64_7e083f37999613bd/libcuda.so.1.1)
==348806==    by 0xCA4D4A74: ??? (in /usr/lib/wsl/drivers/nvam.inf_amd64_7e083f37999613bd/libcuda.so.1.1)
==348806==    by 0xC9C01552: ??? (in /usr/lib/wsl/drivers/nvam.inf_amd64_7e083f37999613bd/libcuda.so.1.1)
==348806==    by 0xC9C6B121: ??? (in /usr/lib/wsl/drivers/nvam.inf_amd64_7e083f37999613bd/libcuda.so.1.1)
==348806==    by 0x4A34A75: ??? (in /usr/local/cuda-12.8/targets/x86_64-linux/lib/libcudart.so.12.8.90)
==348806==    by 0x4A39637: ??? (in /usr/local/cuda-12.8/targets/x86_64-linux/lib/libcudart.so.12.8.90)
==348806== 
==348806== Conditional jump or move depends on uninitialised value(s)
==348806==    at 0xCB809B86: ??? (in /usr/lib/wsl/drivers/nvam.inf_amd64_7e083f37999613bd/libnvdxgdmal.so.1)
==348806==    by 0xC9DAFDBA: ??? (in /usr/lib/wsl/drivers/nvam.inf_amd64_7e083f37999613bd/libcuda.so.1.1)
==348806==    by 0xC9C98F6C: ??? (in /usr/lib/wsl/drivers/nvam.inf_amd64_7e083f37999613bd/libcuda.so.1.1)
==348806==    by 0xC9DC5FD0: ??? (in /usr/lib/wsl/drivers/nvam.inf_amd64_7e083f37999613bd/libcuda.so.1.1)
==348806==    by 0xC9DC653E: ??? (in /usr/lib/wsl/drivers/nvam.inf_amd64_7e083f37999613bd/libcuda.so.1.1)
==348806==    by 0xCB80A8E3: dxgdmalEnumAdapters (in /usr/lib/wsl/drivers/nvam.inf_amd64_7e083f37999613bd/libnvdxgdmal.so.1)
==348806==    by 0xC9D8B2FA: ??? (in /usr/lib/wsl/drivers/nvam.inf_amd64_7e083f37999613bd/libcuda.so.1.1)
==348806==    by 0xCA4D4A74: ??? (in /usr/lib/wsl/drivers/nvam.inf_amd64_7e083f37999613bd/libcuda.so.1.1)
==348806==    by 0xC9C01552: ??? (in /usr/lib/wsl/drivers/nvam.inf_amd64_7e083f37999613bd/libcuda.so.1.1)
==348806==    by 0xC9C6B121: ??? (in /usr/lib/wsl/drivers/nvam.inf_amd64_7e083f37999613bd/libcuda.so.1.1)
==348806==    by 0x4A34A75: ??? (in /usr/local/cuda-12.8/targets/x86_64-linux/lib/libcudart.so.12.8.90)
==348806==    by 0x4A39637: ??? (in /usr/local/cuda-12.8/targets/x86_64-linux/lib/libcudart.so.12.8.90)
==348806== 
==348806== Conditional jump or move depends on uninitialised value(s)
==348806==    at 0xCB809CF2: ??? (in /usr/lib/wsl/drivers/nvam.inf_amd64_7e083f37999613bd/libnvdxgdmal.so.1)
==348806==    by 0xC9DAFDBA: ??? (in /usr/lib/wsl/drivers/nvam.inf_amd64_7e083f37999613bd/libcuda.so.1.1)
==348806==    by 0xC9C98F6C: ??? (in /usr/lib/wsl/drivers/nvam.inf_amd64_7e083f37999613bd/libcuda.so.1.1)
==348806==    by 0xC9DC5FD0: ??? (in /usr/lib/wsl/drivers/nvam.inf_amd64_7e083f37999613bd/libcuda.so.1.1)
==348806==    by 0xC9DC653E: ??? (in /usr/lib/wsl/drivers/nvam.inf_amd64_7e083f37999613bd/libcuda.so.1.1)
==348806==    by 0xCB80A8E3: dxgdmalEnumAdapters (in /usr/lib/wsl/drivers/nvam.inf_amd64_7e083f37999613bd/libnvdxgdmal.so.1)
==348806==    by 0xC9D8B2FA: ??? (in /usr/lib/wsl/drivers/nvam.inf_amd64_7e083f37999613bd/libcuda.so.1.1)
==348806==    by 0xCA4D4A74: ??? (in /usr/lib/wsl/drivers/nvam.inf_amd64_7e083f37999613bd/libcuda.so.1.1)
==348806==    by 0xC9C01552: ??? (in /usr/lib/wsl/drivers/nvam.inf_amd64_7e083f37999613bd/libcuda.so.1.1)
==348806==    by 0xC9C6B121: ??? (in /usr/lib/wsl/drivers/nvam.inf_amd64_7e083f37999613bd/libcuda.so.1.1)
==348806==    by 0x4A34A75: ??? (in /usr/local/cuda-12.8/targets/x86_64-linux/lib/libcudart.so.12.8.90)
==348806==    by 0x4A39637: ??? (in /usr/local/cuda-12.8/targets/x86_64-linux/lib/libcudart.so.12.8.90)
==348806== 
==348806== Conditional jump or move depends on uninitialised value(s)
==348806==    at 0xC9DAFE16: ??? (in /usr/lib/wsl/drivers/nvam.inf_amd64_7e083f37999613bd/libcuda.so.1.1)
==348806==    by 0xC9C98F6C: ??? (in /usr/lib/wsl/drivers/nvam.inf_amd64_7e083f37999613bd/libcuda.so.1.1)
==348806==    by 0xC9DC5FD0: ??? (in /usr/lib/wsl/drivers/nvam.inf_amd64_7e083f37999613bd/libcuda.so.1.1)
==348806==    by 0xC9DC653E: ??? (in /usr/lib/wsl/drivers/nvam.inf_amd64_7e083f37999613bd/libcuda.so.1.1)
==348806==    by 0xCB80A8E3: dxgdmalEnumAdapters (in /usr/lib/wsl/drivers/nvam.inf_amd64_7e083f37999613bd/libnvdxgdmal.so.1)
==348806==    by 0xC9D8B2FA: ??? (in /usr/lib/wsl/drivers/nvam.inf_amd64_7e083f37999613bd/libcuda.so.1.1)
==348806==    by 0xCA4D4A74: ??? (in /usr/lib/wsl/drivers/nvam.inf_amd64_7e083f37999613bd/libcuda.so.1.1)
==348806==    by 0xC9C01552: ??? (in /usr/lib/wsl/drivers/nvam.inf_amd64_7e083f37999613bd/libcuda.so.1.1)
==348806==    by 0xC9C6B121: ??? (in /usr/lib/wsl/drivers/nvam.inf_amd64_7e083f37999613bd/libcuda.so.1.1)
==348806==    by 0x4A34A75: ??? (in /usr/local/cuda-12.8/targets/x86_64-linux/lib/libcudart.so.12.8.90)
==348806==    by 0x4A39637: ??? (in /usr/local/cuda-12.8/targets/x86_64-linux/lib/libcudart.so.12.8.90)
==348806==    by 0x4F1DDEE7: __pthread_once_slow (pthread_once.c:116)
==348806== 
==348806== Conditional jump or move depends on uninitialised value(s)
==348806==    at 0xC9DAFE2B: ??? (in /usr/lib/wsl/drivers/nvam.inf_amd64_7e083f37999613bd/libcuda.so.1.1)
==348806==    by 0xC9C98F6C: ??? (in /usr/lib/wsl/drivers/nvam.inf_amd64_7e083f37999613bd/libcuda.so.1.1)
==348806==    by 0xC9DC5FD0: ??? (in /usr/lib/wsl/drivers/nvam.inf_amd64_7e083f37999613bd/libcuda.so.1.1)
==348806==    by 0xC9DC653E: ??? (in /usr/lib/wsl/drivers/nvam.inf_amd64_7e083f37999613bd/libcuda.so.1.1)
==348806==    by 0xCB80A8E3: dxgdmalEnumAdapters (in /usr/lib/wsl/drivers/nvam.inf_amd64_7e083f37999613bd/libnvdxgdmal.so.1)
==348806==    by 0xC9D8B2FA: ??? (in /usr/lib/wsl/drivers/nvam.inf_amd64_7e083f37999613bd/libcuda.so.1.1)
==348806==    by 0xCA4D4A74: ??? (in /usr/lib/wsl/drivers/nvam.inf_amd64_7e083f37999613bd/libcuda.so.1.1)
==348806==    by 0xC9C01552: ??? (in /usr/lib/wsl/drivers/nvam.inf_amd64_7e083f37999613bd/libcuda.so.1.1)
==348806==    by 0xC9C6B121: ??? (in /usr/lib/wsl/drivers/nvam.inf_amd64_7e083f37999613bd/libcuda.so.1.1)
==348806==    by 0x4A34A75: ??? (in /usr/local/cuda-12.8/targets/x86_64-linux/lib/libcudart.so.12.8.90)
==348806==    by 0x4A39637: ??? (in /usr/local/cuda-12.8/targets/x86_64-linux/lib/libcudart.so.12.8.90)
==348806==    by 0x4F1DDEE7: __pthread_once_slow (pthread_once.c:116)
==348806== 
==348806== Conditional jump or move depends on uninitialised value(s)
==348806==    at 0xC9DB004B: ??? (in /usr/lib/wsl/drivers/nvam.inf_amd64_7e083f37999613bd/libcuda.so.1.1)
==348806==    by 0xC9C98F6C: ??? (in /usr/lib/wsl/drivers/nvam.inf_amd64_7e083f37999613bd/libcuda.so.1.1)
==348806==    by 0xC9DC5FD0: ??? (in /usr/lib/wsl/drivers/nvam.inf_amd64_7e083f37999613bd/libcuda.so.1.1)
==348806==    by 0xC9DC653E: ??? (in /usr/lib/wsl/drivers/nvam.inf_amd64_7e083f37999613bd/libcuda.so.1.1)
==348806==    by 0xCB80A8E3: dxgdmalEnumAdapters (in /usr/lib/wsl/drivers/nvam.inf_amd64_7e083f37999613bd/libnvdxgdmal.so.1)
==348806==    by 0xC9D8B2FA: ??? (in /usr/lib/wsl/drivers/nvam.inf_amd64_7e083f37999613bd/libcuda.so.1.1)
==348806==    by 0xCA4D4A74: ??? (in /usr/lib/wsl/drivers/nvam.inf_amd64_7e083f37999613bd/libcuda.so.1.1)
==348806==    by 0xC9C01552: ??? (in /usr/lib/wsl/drivers/nvam.inf_amd64_7e083f37999613bd/libcuda.so.1.1)
==348806==    by 0xC9C6B121: ??? (in /usr/lib/wsl/drivers/nvam.inf_amd64_7e083f37999613bd/libcuda.so.1.1)
==348806==    by 0x4A34A75: ??? (in /usr/local/cuda-12.8/targets/x86_64-linux/lib/libcudart.so.12.8.90)
==348806==    by 0x4A39637: ??? (in /usr/local/cuda-12.8/targets/x86_64-linux/lib/libcudart.so.12.8.90)
==348806==    by 0x4F1DDEE7: __pthread_once_slow (pthread_once.c:116)
==348806== 
==348806== Conditional jump or move depends on uninitialised value(s)
==348806==    at 0x484ECCD: strnlen (in /usr/libexec/valgrind/vgpreload_memcheck-amd64-linux.so)
==348806==    by 0xC9DC5AB7: ??? (in /usr/lib/wsl/drivers/nvam.inf_amd64_7e083f37999613bd/libcuda.so.1.1)
==348806==    by 0xC9C9900C: ??? (in /usr/lib/wsl/drivers/nvam.inf_amd64_7e083f37999613bd/libcuda.so.1.1)
==348806==    by 0xC9DC5FD0: ??? (in /usr/lib/wsl/drivers/nvam.inf_amd64_7e083f37999613bd/libcuda.so.1.1)
==348806==    by 0xC9DC653E: ??? (in /usr/lib/wsl/drivers/nvam.inf_amd64_7e083f37999613bd/libcuda.so.1.1)
==348806==    by 0xCB80A8E3: dxgdmalEnumAdapters (in /usr/lib/wsl/drivers/nvam.inf_amd64_7e083f37999613bd/libnvdxgdmal.so.1)
==348806==    by 0xC9D8B2FA: ??? (in /usr/lib/wsl/drivers/nvam.inf_amd64_7e083f37999613bd/libcuda.so.1.1)
==348806==    by 0xCA4D4A74: ??? (in /usr/lib/wsl/drivers/nvam.inf_amd64_7e083f37999613bd/libcuda.so.1.1)
==348806==    by 0xC9C01552: ??? (in /usr/lib/wsl/drivers/nvam.inf_amd64_7e083f37999613bd/libcuda.so.1.1)
==348806==    by 0xC9C6B121: ??? (in /usr/lib/wsl/drivers/nvam.inf_amd64_7e083f37999613bd/libcuda.so.1.1)
==348806==    by 0x4A34A75: ??? (in /usr/local/cuda-12.8/targets/x86_64-linux/lib/libcudart.so.12.8.90)
==348806==    by 0x4A39637: ??? (in /usr/local/cuda-12.8/targets/x86_64-linux/lib/libcudart.so.12.8.90)
==348806== 
==348806== Conditional jump or move depends on uninitialised value(s)
==348806==    at 0x484ECCD: strnlen (in /usr/libexec/valgrind/vgpreload_memcheck-amd64-linux.so)
==348806==    by 0xC9DC5B07: ??? (in /usr/lib/wsl/drivers/nvam.inf_amd64_7e083f37999613bd/libcuda.so.1.1)
==348806==    by 0xC9C99033: ??? (in /usr/lib/wsl/drivers/nvam.inf_amd64_7e083f37999613bd/libcuda.so.1.1)
==348806==    by 0xC9DC5FD0: ??? (in /usr/lib/wsl/drivers/nvam.inf_amd64_7e083f37999613bd/libcuda.so.1.1)
==348806==    by 0xC9DC653E: ??? (in /usr/lib/wsl/drivers/nvam.inf_amd64_7e083f37999613bd/libcuda.so.1.1)
==348806==    by 0xCB80A8E3: dxgdmalEnumAdapters (in /usr/lib/wsl/drivers/nvam.inf_amd64_7e083f37999613bd/libnvdxgdmal.so.1)
==348806==    by 0xC9D8B2FA: ??? (in /usr/lib/wsl/drivers/nvam.inf_amd64_7e083f37999613bd/libcuda.so.1.1)
==348806==    by 0xCA4D4A74: ??? (in /usr/lib/wsl/drivers/nvam.inf_amd64_7e083f37999613bd/libcuda.so.1.1)
==348806==    by 0xC9C01552: ??? (in /usr/lib/wsl/drivers/nvam.inf_amd64_7e083f37999613bd/libcuda.so.1.1)
==348806==    by 0xC9C6B121: ??? (in /usr/lib/wsl/drivers/nvam.inf_amd64_7e083f37999613bd/libcuda.so.1.1)
==348806==    by 0x4A34A75: ??? (in /usr/local/cuda-12.8/targets/x86_64-linux/lib/libcudart.so.12.8.90)
==348806==    by 0x4A39637: ??? (in /usr/local/cuda-12.8/targets/x86_64-linux/lib/libcudart.so.12.8.90)
==348806== 
==348806== Conditional jump or move depends on uninitialised value(s)
==348806==    at 0x484ED28: strlen (in /usr/libexec/valgrind/vgpreload_memcheck-amd64-linux.so)
==348806==    by 0xC9B8C1F5: ??? (in /usr/lib/wsl/drivers/nvam.inf_amd64_7e083f37999613bd/libcuda.so.1.1)
==348806==    by 0xC9C1D92E: ??? (in /usr/lib/wsl/drivers/nvam.inf_amd64_7e083f37999613bd/libcuda.so.1.1)
==348806==    by 0xC9C9CF6F: ??? (in /usr/lib/wsl/drivers/nvam.inf_amd64_7e083f37999613bd/libcuda.so.1.1)
==348806==    by 0xC9DC5FD0: ??? (in /usr/lib/wsl/drivers/nvam.inf_amd64_7e083f37999613bd/libcuda.so.1.1)
==348806==    by 0xC9DC653E: ??? (in /usr/lib/wsl/drivers/nvam.inf_amd64_7e083f37999613bd/libcuda.so.1.1)
==348806==    by 0xCB80A8E3: dxgdmalEnumAdapters (in /usr/lib/wsl/drivers/nvam.inf_amd64_7e083f37999613bd/libnvdxgdmal.so.1)
==348806==    by 0xC9D8B2FA: ??? (in /usr/lib/wsl/drivers/nvam.inf_amd64_7e083f37999613bd/libcuda.so.1.1)
==348806==    by 0xCA4D4A74: ??? (in /usr/lib/wsl/drivers/nvam.inf_amd64_7e083f37999613bd/libcuda.so.1.1)
==348806==    by 0xC9C01552: ??? (in /usr/lib/wsl/drivers/nvam.inf_amd64_7e083f37999613bd/libcuda.so.1.1)
==348806==    by 0xC9C6B121: ??? (in /usr/lib/wsl/drivers/nvam.inf_amd64_7e083f37999613bd/libcuda.so.1.1)
==348806==    by 0x4A34A75: ??? (in /usr/local/cuda-12.8/targets/x86_64-linux/lib/libcudart.so.12.8.90)
==348806== 
==348806== Use of uninitialised value of size 8
==348806==    at 0x4F19E28A: _itoa_word (_itoa.c:178)
==348806==    by 0x4F1B9ABD: __vfprintf_internal (vfprintf-internal.c:1516)
==348806==    by 0x4F1CC499: __vsnprintf_internal (vsnprintf.c:114)
==348806==    by 0x4F1A4855: snprintf (snprintf.c:31)
==348806==    by 0xC9C99402: ??? (in /usr/lib/wsl/drivers/nvam.inf_amd64_7e083f37999613bd/libcuda.so.1.1)
==348806==    by 0xC9DC5FD0: ??? (in /usr/lib/wsl/drivers/nvam.inf_amd64_7e083f37999613bd/libcuda.so.1.1)
==348806==    by 0xC9DC653E: ??? (in /usr/lib/wsl/drivers/nvam.inf_amd64_7e083f37999613bd/libcuda.so.1.1)
==348806==    by 0xCB80A8E3: dxgdmalEnumAdapters (in /usr/lib/wsl/drivers/nvam.inf_amd64_7e083f37999613bd/libnvdxgdmal.so.1)
==348806==    by 0xC9D8B2FA: ??? (in /usr/lib/wsl/drivers/nvam.inf_amd64_7e083f37999613bd/libcuda.so.1.1)
==348806==    by 0xCA4D4A74: ??? (in /usr/lib/wsl/drivers/nvam.inf_amd64_7e083f37999613bd/libcuda.so.1.1)
==348806==    by 0xC9C01552: ??? (in /usr/lib/wsl/drivers/nvam.inf_amd64_7e083f37999613bd/libcuda.so.1.1)
==348806==    by 0xC9C6B121: ??? (in /usr/lib/wsl/drivers/nvam.inf_amd64_7e083f37999613bd/libcuda.so.1.1)
==348806== 
==348806== Conditional jump or move depends on uninitialised value(s)
==348806==    at 0x4F19E29C: _itoa_word (_itoa.c:178)
==348806==    by 0x4F1B9ABD: __vfprintf_internal (vfprintf-internal.c:1516)
==348806==    by 0x4F1CC499: __vsnprintf_internal (vsnprintf.c:114)
==348806==    by 0x4F1A4855: snprintf (snprintf.c:31)
==348806==    by 0xC9C99402: ??? (in /usr/lib/wsl/drivers/nvam.inf_amd64_7e083f37999613bd/libcuda.so.1.1)
==348806==    by 0xC9DC5FD0: ??? (in /usr/lib/wsl/drivers/nvam.inf_amd64_7e083f37999613bd/libcuda.so.1.1)
==348806==    by 0xC9DC653E: ??? (in /usr/lib/wsl/drivers/nvam.inf_amd64_7e083f37999613bd/libcuda.so.1.1)
==348806==    by 0xCB80A8E3: dxgdmalEnumAdapters (in /usr/lib/wsl/drivers/nvam.inf_amd64_7e083f37999613bd/libnvdxgdmal.so.1)
==348806==    by 0xC9D8B2FA: ??? (in /usr/lib/wsl/drivers/nvam.inf_amd64_7e083f37999613bd/libcuda.so.1.1)
==348806==    by 0xCA4D4A74: ??? (in /usr/lib/wsl/drivers/nvam.inf_amd64_7e083f37999613bd/libcuda.so.1.1)
==348806==    by 0xC9C01552: ??? (in /usr/lib/wsl/drivers/nvam.inf_amd64_7e083f37999613bd/libcuda.so.1.1)
==348806==    by 0xC9C6B121: ??? (in /usr/lib/wsl/drivers/nvam.inf_amd64_7e083f37999613bd/libcuda.so.1.1)
==348806== 
==348806== Conditional jump or move depends on uninitialised value(s)
==348806==    at 0x4F1BA5C3: __vfprintf_internal (vfprintf-internal.c:1516)
==348806==    by 0x4F1CC499: __vsnprintf_internal (vsnprintf.c:114)
==348806==    by 0x4F1A4855: snprintf (snprintf.c:31)
==348806==    by 0xC9C99402: ??? (in /usr/lib/wsl/drivers/nvam.inf_amd64_7e083f37999613bd/libcuda.so.1.1)
==348806==    by 0xC9DC5FD0: ??? (in /usr/lib/wsl/drivers/nvam.inf_amd64_7e083f37999613bd/libcuda.so.1.1)
==348806==    by 0xC9DC653E: ??? (in /usr/lib/wsl/drivers/nvam.inf_amd64_7e083f37999613bd/libcuda.so.1.1)
==348806==    by 0xCB80A8E3: dxgdmalEnumAdapters (in /usr/lib/wsl/drivers/nvam.inf_amd64_7e083f37999613bd/libnvdxgdmal.so.1)
==348806==    by 0xC9D8B2FA: ??? (in /usr/lib/wsl/drivers/nvam.inf_amd64_7e083f37999613bd/libcuda.so.1.1)
==348806==    by 0xCA4D4A74: ??? (in /usr/lib/wsl/drivers/nvam.inf_amd64_7e083f37999613bd/libcuda.so.1.1)
==348806==    by 0xC9C01552: ??? (in /usr/lib/wsl/drivers/nvam.inf_amd64_7e083f37999613bd/libcuda.so.1.1)
==348806==    by 0xC9C6B121: ??? (in /usr/lib/wsl/drivers/nvam.inf_amd64_7e083f37999613bd/libcuda.so.1.1)
==348806==    by 0x4A34A75: ??? (in /usr/local/cuda-12.8/targets/x86_64-linux/lib/libcudart.so.12.8.90)
==348806== 
==348806== Conditional jump or move depends on uninitialised value(s)
==348806==    at 0x4F1B9C05: __vfprintf_internal (vfprintf-internal.c:1516)
==348806==    by 0x4F1CC499: __vsnprintf_internal (vsnprintf.c:114)
==348806==    by 0x4F1A4855: snprintf (snprintf.c:31)
==348806==    by 0xC9C99402: ??? (in /usr/lib/wsl/drivers/nvam.inf_amd64_7e083f37999613bd/libcuda.so.1.1)
==348806==    by 0xC9DC5FD0: ??? (in /usr/lib/wsl/drivers/nvam.inf_amd64_7e083f37999613bd/libcuda.so.1.1)
==348806==    by 0xC9DC653E: ??? (in /usr/lib/wsl/drivers/nvam.inf_amd64_7e083f37999613bd/libcuda.so.1.1)
==348806==    by 0xCB80A8E3: dxgdmalEnumAdapters (in /usr/lib/wsl/drivers/nvam.inf_amd64_7e083f37999613bd/libnvdxgdmal.so.1)
==348806==    by 0xC9D8B2FA: ??? (in /usr/lib/wsl/drivers/nvam.inf_amd64_7e083f37999613bd/libcuda.so.1.1)
==348806==    by 0xCA4D4A74: ??? (in /usr/lib/wsl/drivers/nvam.inf_amd64_7e083f37999613bd/libcuda.so.1.1)
==348806==    by 0xC9C01552: ??? (in /usr/lib/wsl/drivers/nvam.inf_amd64_7e083f37999613bd/libcuda.so.1.1)
==348806==    by 0xC9C6B121: ??? (in /usr/lib/wsl/drivers/nvam.inf_amd64_7e083f37999613bd/libcuda.so.1.1)
==348806==    by 0x4A34A75: ??? (in /usr/local/cuda-12.8/targets/x86_64-linux/lib/libcudart.so.12.8.90)
==348806== 
==348806== Use of uninitialised value of size 8
==348806==    at 0xC9DC603A: ??? (in /usr/lib/wsl/drivers/nvam.inf_amd64_7e083f37999613bd/libcuda.so.1.1)
==348806==    by 0xC9DC653E: ??? (in /usr/lib/wsl/drivers/nvam.inf_amd64_7e083f37999613bd/libcuda.so.1.1)
==348806==    by 0xCB80A8E3: dxgdmalEnumAdapters (in /usr/lib/wsl/drivers/nvam.inf_amd64_7e083f37999613bd/libnvdxgdmal.so.1)
==348806==    by 0xC9D8B2FA: ??? (in /usr/lib/wsl/drivers/nvam.inf_amd64_7e083f37999613bd/libcuda.so.1.1)
==348806==    by 0xCA4D4A74: ??? (in /usr/lib/wsl/drivers/nvam.inf_amd64_7e083f37999613bd/libcuda.so.1.1)
==348806==    by 0xC9C01552: ??? (in /usr/lib/wsl/drivers/nvam.inf_amd64_7e083f37999613bd/libcuda.so.1.1)
==348806==    by 0xC9C6B121: ??? (in /usr/lib/wsl/drivers/nvam.inf_amd64_7e083f37999613bd/libcuda.so.1.1)
==348806==    by 0x4A34A75: ??? (in /usr/local/cuda-12.8/targets/x86_64-linux/lib/libcudart.so.12.8.90)
==348806==    by 0x4A39637: ??? (in /usr/local/cuda-12.8/targets/x86_64-linux/lib/libcudart.so.12.8.90)
==348806==    by 0x4F1DDEE7: __pthread_once_slow (pthread_once.c:116)
==348806==    by 0x4A88ED8: ??? (in /usr/local/cuda-12.8/targets/x86_64-linux/lib/libcudart.so.12.8.90)
==348806==    by 0x4A356FE: ??? (in /usr/local/cuda-12.8/targets/x86_64-linux/lib/libcudart.so.12.8.90)
==348806== 
==348806== Conditional jump or move depends on uninitialised value(s)
==348806==    at 0xC9DC6061: ??? (in /usr/lib/wsl/drivers/nvam.inf_amd64_7e083f37999613bd/libcuda.so.1.1)
==348806==    by 0xC9DC653E: ??? (in /usr/lib/wsl/drivers/nvam.inf_amd64_7e083f37999613bd/libcuda.so.1.1)
==348806==    by 0xCB80A8E3: dxgdmalEnumAdapters (in /usr/lib/wsl/drivers/nvam.inf_amd64_7e083f37999613bd/libnvdxgdmal.so.1)
==348806==    by 0xC9D8B2FA: ??? (in /usr/lib/wsl/drivers/nvam.inf_amd64_7e083f37999613bd/libcuda.so.1.1)
==348806==    by 0xCA4D4A74: ??? (in /usr/lib/wsl/drivers/nvam.inf_amd64_7e083f37999613bd/libcuda.so.1.1)
==348806==    by 0xC9C01552: ??? (in /usr/lib/wsl/drivers/nvam.inf_amd64_7e083f37999613bd/libcuda.so.1.1)
==348806==    by 0xC9C6B121: ??? (in /usr/lib/wsl/drivers/nvam.inf_amd64_7e083f37999613bd/libcuda.so.1.1)
==348806==    by 0x4A34A75: ??? (in /usr/local/cuda-12.8/targets/x86_64-linux/lib/libcudart.so.12.8.90)
==348806==    by 0x4A39637: ??? (in /usr/local/cuda-12.8/targets/x86_64-linux/lib/libcudart.so.12.8.90)
==348806==    by 0x4F1DDEE7: __pthread_once_slow (pthread_once.c:116)
==348806==    by 0x4A88ED8: ??? (in /usr/local/cuda-12.8/targets/x86_64-linux/lib/libcudart.so.12.8.90)
==348806==    by 0x4A356FE: ??? (in /usr/local/cuda-12.8/targets/x86_64-linux/lib/libcudart.so.12.8.90)
==348806== 
==348806== Conditional jump or move depends on uninitialised value(s)
==348806==    at 0xC9DC607C: ??? (in /usr/lib/wsl/drivers/nvam.inf_amd64_7e083f37999613bd/libcuda.so.1.1)
==348806==    by 0xC9DC653E: ??? (in /usr/lib/wsl/drivers/nvam.inf_amd64_7e083f37999613bd/libcuda.so.1.1)
==348806==    by 0xCB80A8E3: dxgdmalEnumAdapters (in /usr/lib/wsl/drivers/nvam.inf_amd64_7e083f37999613bd/libnvdxgdmal.so.1)
==348806==    by 0xC9D8B2FA: ??? (in /usr/lib/wsl/drivers/nvam.inf_amd64_7e083f37999613bd/libcuda.so.1.1)
==348806==    by 0xCA4D4A74: ??? (in /usr/lib/wsl/drivers/nvam.inf_amd64_7e083f37999613bd/libcuda.so.1.1)
==348806==    by 0xC9C01552: ??? (in /usr/lib/wsl/drivers/nvam.inf_amd64_7e083f37999613bd/libcuda.so.1.1)
==348806==    by 0xC9C6B121: ??? (in /usr/lib/wsl/drivers/nvam.inf_amd64_7e083f37999613bd/libcuda.so.1.1)
==348806==    by 0x4A34A75: ??? (in /usr/local/cuda-12.8/targets/x86_64-linux/lib/libcudart.so.12.8.90)
==348806==    by 0x4A39637: ??? (in /usr/local/cuda-12.8/targets/x86_64-linux/lib/libcudart.so.12.8.90)
==348806==    by 0x4F1DDEE7: __pthread_once_slow (pthread_once.c:116)
==348806==    by 0x4A88ED8: ??? (in /usr/local/cuda-12.8/targets/x86_64-linux/lib/libcudart.so.12.8.90)
==348806==    by 0x4A356FE: ??? (in /usr/local/cuda-12.8/targets/x86_64-linux/lib/libcudart.so.12.8.90)
==348806== 
==348806== Conditional jump or move depends on uninitialised value(s)
==348806==    at 0xC9DC609A: ??? (in /usr/lib/wsl/drivers/nvam.inf_amd64_7e083f37999613bd/libcuda.so.1.1)
==348806==    by 0xC9DC653E: ??? (in /usr/lib/wsl/drivers/nvam.inf_amd64_7e083f37999613bd/libcuda.so.1.1)
==348806==    by 0xCB80A8E3: dxgdmalEnumAdapters (in /usr/lib/wsl/drivers/nvam.inf_amd64_7e083f37999613bd/libnvdxgdmal.so.1)
==348806==    by 0xC9D8B2FA: ??? (in /usr/lib/wsl/drivers/nvam.inf_amd64_7e083f37999613bd/libcuda.so.1.1)
==348806==    by 0xCA4D4A74: ??? (in /usr/lib/wsl/drivers/nvam.inf_amd64_7e083f37999613bd/libcuda.so.1.1)
==348806==    by 0xC9C01552: ??? (in /usr/lib/wsl/drivers/nvam.inf_amd64_7e083f37999613bd/libcuda.so.1.1)
==348806==    by 0xC9C6B121: ??? (in /usr/lib/wsl/drivers/nvam.inf_amd64_7e083f37999613bd/libcuda.so.1.1)
==348806==    by 0x4A34A75: ??? (in /usr/local/cuda-12.8/targets/x86_64-linux/lib/libcudart.so.12.8.90)
==348806==    by 0x4A39637: ??? (in /usr/local/cuda-12.8/targets/x86_64-linux/lib/libcudart.so.12.8.90)
==348806==    by 0x4F1DDEE7: __pthread_once_slow (pthread_once.c:116)
==348806==    by 0x4A88ED8: ??? (in /usr/local/cuda-12.8/targets/x86_64-linux/lib/libcudart.so.12.8.90)
==348806==    by 0x4A356FE: ??? (in /usr/local/cuda-12.8/targets/x86_64-linux/lib/libcudart.so.12.8.90)
==348806== 
==348806== Conditional jump or move depends on uninitialised value(s)
==348806==    at 0xC9DAA708: ??? (in /usr/lib/wsl/drivers/nvam.inf_amd64_7e083f37999613bd/libcuda.so.1.1)
==348806==    by 0xCA4A3269: ??? (in /usr/lib/wsl/drivers/nvam.inf_amd64_7e083f37999613bd/libcuda.so.1.1)
==348806==    by 0xCA4A5AD7: ??? (in /usr/lib/wsl/drivers/nvam.inf_amd64_7e083f37999613bd/libcuda.so.1.1)
==348806==    by 0xC9C90151: ??? (in /usr/lib/wsl/drivers/nvam.inf_amd64_7e083f37999613bd/libcuda.so.1.1)
==348806==    by 0xCA4D4E03: ??? (in /usr/lib/wsl/drivers/nvam.inf_amd64_7e083f37999613bd/libcuda.so.1.1)
==348806==    by 0xC9C01552: ??? (in /usr/lib/wsl/drivers/nvam.inf_amd64_7e083f37999613bd/libcuda.so.1.1)
==348806==    by 0xC9C6B121: ??? (in /usr/lib/wsl/drivers/nvam.inf_amd64_7e083f37999613bd/libcuda.so.1.1)
==348806==    by 0x4A34A75: ??? (in /usr/local/cuda-12.8/targets/x86_64-linux/lib/libcudart.so.12.8.90)
==348806==    by 0x4A39637: ??? (in /usr/local/cuda-12.8/targets/x86_64-linux/lib/libcudart.so.12.8.90)
==348806==    by 0x4F1DDEE7: __pthread_once_slow (pthread_once.c:116)
==348806==    by 0x4A88ED8: ??? (in /usr/local/cuda-12.8/targets/x86_64-linux/lib/libcudart.so.12.8.90)
==348806==    by 0x4A356FE: ??? (in /usr/local/cuda-12.8/targets/x86_64-linux/lib/libcudart.so.12.8.90)
==348806== 
==348806== Conditional jump or move depends on uninitialised value(s)
==348806==    at 0xC9DAA708: ??? (in /usr/lib/wsl/drivers/nvam.inf_amd64_7e083f37999613bd/libcuda.so.1.1)
==348806==    by 0xCA4A2949: ??? (in /usr/lib/wsl/drivers/nvam.inf_amd64_7e083f37999613bd/libcuda.so.1.1)
==348806==    by 0xCA4A31E3: ??? (in /usr/lib/wsl/drivers/nvam.inf_amd64_7e083f37999613bd/libcuda.so.1.1)
==348806==    by 0xCA4A5AD7: ??? (in /usr/lib/wsl/drivers/nvam.inf_amd64_7e083f37999613bd/libcuda.so.1.1)
==348806==    by 0xC9C90151: ??? (in /usr/lib/wsl/drivers/nvam.inf_amd64_7e083f37999613bd/libcuda.so.1.1)
==348806==    by 0xCA4D4E03: ??? (in /usr/lib/wsl/drivers/nvam.inf_amd64_7e083f37999613bd/libcuda.so.1.1)
==348806==    by 0xC9C01552: ??? (in /usr/lib/wsl/drivers/nvam.inf_amd64_7e083f37999613bd/libcuda.so.1.1)
==348806==    by 0xC9C6B121: ??? (in /usr/lib/wsl/drivers/nvam.inf_amd64_7e083f37999613bd/libcuda.so.1.1)
==348806==    by 0x4A34A75: ??? (in /usr/local/cuda-12.8/targets/x86_64-linux/lib/libcudart.so.12.8.90)
==348806==    by 0x4A39637: ??? (in /usr/local/cuda-12.8/targets/x86_64-linux/lib/libcudart.so.12.8.90)
==348806==    by 0x4F1DDEE7: __pthread_once_slow (pthread_once.c:116)
==348806==    by 0x4A88ED8: ??? (in /usr/local/cuda-12.8/targets/x86_64-linux/lib/libcudart.so.12.8.90)
==348806== 
==348806== Conditional jump or move depends on uninitialised value(s)
==348806==    at 0xC9DAA708: ??? (in /usr/lib/wsl/drivers/nvam.inf_amd64_7e083f37999613bd/libcuda.so.1.1)
==348806==    by 0xCA4A2CC7: ??? (in /usr/lib/wsl/drivers/nvam.inf_amd64_7e083f37999613bd/libcuda.so.1.1)
==348806==    by 0xCA4A31FF: ??? (in /usr/lib/wsl/drivers/nvam.inf_amd64_7e083f37999613bd/libcuda.so.1.1)
==348806==    by 0xCA4A5AD7: ??? (in /usr/lib/wsl/drivers/nvam.inf_amd64_7e083f37999613bd/libcuda.so.1.1)
==348806==    by 0xC9C90151: ??? (in /usr/lib/wsl/drivers/nvam.inf_amd64_7e083f37999613bd/libcuda.so.1.1)
==348806==    by 0xCA4D4E03: ??? (in /usr/lib/wsl/drivers/nvam.inf_amd64_7e083f37999613bd/libcuda.so.1.1)
==348806==    by 0xC9C01552: ??? (in /usr/lib/wsl/drivers/nvam.inf_amd64_7e083f37999613bd/libcuda.so.1.1)
==348806==    by 0xC9C6B121: ??? (in /usr/lib/wsl/drivers/nvam.inf_amd64_7e083f37999613bd/libcuda.so.1.1)
==348806==    by 0x4A34A75: ??? (in /usr/local/cuda-12.8/targets/x86_64-linux/lib/libcudart.so.12.8.90)
==348806==    by 0x4A39637: ??? (in /usr/local/cuda-12.8/targets/x86_64-linux/lib/libcudart.so.12.8.90)
==348806==    by 0x4F1DDEE7: __pthread_once_slow (pthread_once.c:116)
==348806==    by 0x4A88ED8: ??? (in /usr/local/cuda-12.8/targets/x86_64-linux/lib/libcudart.so.12.8.90)
==348806== 
==348806== Conditional jump or move depends on uninitialised value(s)
==348806==    at 0xCA4D5208: ??? (in /usr/lib/wsl/drivers/nvam.inf_amd64_7e083f37999613bd/libcuda.so.1.1)
==348806==    by 0xC9C01552: ??? (in /usr/lib/wsl/drivers/nvam.inf_amd64_7e083f37999613bd/libcuda.so.1.1)
==348806==    by 0xC9C6B121: ??? (in /usr/lib/wsl/drivers/nvam.inf_amd64_7e083f37999613bd/libcuda.so.1.1)
==348806==    by 0x4A34A75: ??? (in /usr/local/cuda-12.8/targets/x86_64-linux/lib/libcudart.so.12.8.90)
==348806==    by 0x4A39637: ??? (in /usr/local/cuda-12.8/targets/x86_64-linux/lib/libcudart.so.12.8.90)
==348806==    by 0x4F1DDEE7: __pthread_once_slow (pthread_once.c:116)
==348806==    by 0x4A88ED8: ??? (in /usr/local/cuda-12.8/targets/x86_64-linux/lib/libcudart.so.12.8.90)
==348806==    by 0x4A356FE: ??? (in /usr/local/cuda-12.8/targets/x86_64-linux/lib/libcudart.so.12.8.90)
==348806==    by 0x4A4DB6C: cudaGetDeviceProperties_v2 (in /usr/local/cuda-12.8/targets/x86_64-linux/lib/libcudart.so.12.8.90)
==348806==    by 0x10D43D: main (in /home/cjmcv/project/flux/build/bin/my_sgemm)
==348806== 
==348806== Conditional jump or move depends on uninitialised value(s)
==348806==    at 0xC9C023C5: ??? (in /usr/lib/wsl/drivers/nvam.inf_amd64_7e083f37999613bd/libcuda.so.1.1)
==348806==    by 0xC9C6B121: ??? (in /usr/lib/wsl/drivers/nvam.inf_amd64_7e083f37999613bd/libcuda.so.1.1)
==348806==    by 0x4A34A75: ??? (in /usr/local/cuda-12.8/targets/x86_64-linux/lib/libcudart.so.12.8.90)
==348806==    by 0x4A39637: ??? (in /usr/local/cuda-12.8/targets/x86_64-linux/lib/libcudart.so.12.8.90)
==348806==    by 0x4F1DDEE7: __pthread_once_slow (pthread_once.c:116)
==348806==    by 0x4A88ED8: ??? (in /usr/local/cuda-12.8/targets/x86_64-linux/lib/libcudart.so.12.8.90)
==348806==    by 0x4A356FE: ??? (in /usr/local/cuda-12.8/targets/x86_64-linux/lib/libcudart.so.12.8.90)
==348806==    by 0x4A4DB6C: cudaGetDeviceProperties_v2 (in /usr/local/cuda-12.8/targets/x86_64-linux/lib/libcudart.so.12.8.90)
==348806==    by 0x10D43D: main (in /home/cjmcv/project/flux/build/bin/my_sgemm)
==348806== 
==348806== Conditional jump or move depends on uninitialised value(s)
==348806==    at 0xC9C024C7: ??? (in /usr/lib/wsl/drivers/nvam.inf_amd64_7e083f37999613bd/libcuda.so.1.1)
==348806==    by 0xC9C6B121: ??? (in /usr/lib/wsl/drivers/nvam.inf_amd64_7e083f37999613bd/libcuda.so.1.1)
==348806==    by 0x4A34A75: ??? (in /usr/local/cuda-12.8/targets/x86_64-linux/lib/libcudart.so.12.8.90)
==348806==    by 0x4A39637: ??? (in /usr/local/cuda-12.8/targets/x86_64-linux/lib/libcudart.so.12.8.90)
==348806==    by 0x4F1DDEE7: __pthread_once_slow (pthread_once.c:116)
==348806==    by 0x4A88ED8: ??? (in /usr/local/cuda-12.8/targets/x86_64-linux/lib/libcudart.so.12.8.90)
==348806==    by 0x4A356FE: ??? (in /usr/local/cuda-12.8/targets/x86_64-linux/lib/libcudart.so.12.8.90)
==348806==    by 0x4A4DB6C: cudaGetDeviceProperties_v2 (in /usr/local/cuda-12.8/targets/x86_64-linux/lib/libcudart.so.12.8.90)
==348806==    by 0x10D43D: main (in /home/cjmcv/project/flux/build/bin/my_sgemm)
==348806== 
==348806== Conditional jump or move depends on uninitialised value(s)
==348806==    at 0xC9C02421: ??? (in /usr/lib/wsl/drivers/nvam.inf_amd64_7e083f37999613bd/libcuda.so.1.1)
==348806==    by 0xC9C6B121: ??? (in /usr/lib/wsl/drivers/nvam.inf_amd64_7e083f37999613bd/libcuda.so.1.1)
==348806==    by 0x4A34A75: ??? (in /usr/local/cuda-12.8/targets/x86_64-linux/lib/libcudart.so.12.8.90)
==348806==    by 0x4A39637: ??? (in /usr/local/cuda-12.8/targets/x86_64-linux/lib/libcudart.so.12.8.90)
==348806==    by 0x4F1DDEE7: __pthread_once_slow (pthread_once.c:116)
==348806==    by 0x4A88ED8: ??? (in /usr/local/cuda-12.8/targets/x86_64-linux/lib/libcudart.so.12.8.90)
==348806==    by 0x4A356FE: ??? (in /usr/local/cuda-12.8/targets/x86_64-linux/lib/libcudart.so.12.8.90)
==348806==    by 0x4A4DB6C: cudaGetDeviceProperties_v2 (in /usr/local/cuda-12.8/targets/x86_64-linux/lib/libcudart.so.12.8.90)
==348806==    by 0x10D43D: main (in /home/cjmcv/project/flux/build/bin/my_sgemm)
==348806== 
==348806== Conditional jump or move depends on uninitialised value(s)
==348806==    at 0xC9C01DBD: ??? (in /usr/lib/wsl/drivers/nvam.inf_amd64_7e083f37999613bd/libcuda.so.1.1)
==348806==    by 0xC9C6B121: ??? (in /usr/lib/wsl/drivers/nvam.inf_amd64_7e083f37999613bd/libcuda.so.1.1)
==348806==    by 0x4A34A75: ??? (in /usr/local/cuda-12.8/targets/x86_64-linux/lib/libcudart.so.12.8.90)
==348806==    by 0x4A39637: ??? (in /usr/local/cuda-12.8/targets/x86_64-linux/lib/libcudart.so.12.8.90)
==348806==    by 0x4F1DDEE7: __pthread_once_slow (pthread_once.c:116)
==348806==    by 0x4A88ED8: ??? (in /usr/local/cuda-12.8/targets/x86_64-linux/lib/libcudart.so.12.8.90)
==348806==    by 0x4A356FE: ??? (in /usr/local/cuda-12.8/targets/x86_64-linux/lib/libcudart.so.12.8.90)
==348806==    by 0x4A4DB6C: cudaGetDeviceProperties_v2 (in /usr/local/cuda-12.8/targets/x86_64-linux/lib/libcudart.so.12.8.90)
==348806==    by 0x10D43D: main (in /home/cjmcv/project/flux/build/bin/my_sgemm)
==348806== 
==348806== Conditional jump or move depends on uninitialised value(s)
==348806==    at 0xC9C01E24: ??? (in /usr/lib/wsl/drivers/nvam.inf_amd64_7e083f37999613bd/libcuda.so.1.1)
==348806==    by 0xC9C6B121: ??? (in /usr/lib/wsl/drivers/nvam.inf_amd64_7e083f37999613bd/libcuda.so.1.1)
==348806==    by 0x4A34A75: ??? (in /usr/local/cuda-12.8/targets/x86_64-linux/lib/libcudart.so.12.8.90)
==348806==    by 0x4A39637: ??? (in /usr/local/cuda-12.8/targets/x86_64-linux/lib/libcudart.so.12.8.90)
==348806==    by 0x4F1DDEE7: __pthread_once_slow (pthread_once.c:116)
==348806==    by 0x4A88ED8: ??? (in /usr/local/cuda-12.8/targets/x86_64-linux/lib/libcudart.so.12.8.90)
==348806==    by 0x4A356FE: ??? (in /usr/local/cuda-12.8/targets/x86_64-linux/lib/libcudart.so.12.8.90)
==348806==    by 0x4A4DB6C: cudaGetDeviceProperties_v2 (in /usr/local/cuda-12.8/targets/x86_64-linux/lib/libcudart.so.12.8.90)
==348806==    by 0x10D43D: main (in /home/cjmcv/project/flux/build/bin/my_sgemm)
==348806== 
==348806== Conditional jump or move depends on uninitialised value(s)
==348806==    at 0xC9C01E3F: ??? (in /usr/lib/wsl/drivers/nvam.inf_amd64_7e083f37999613bd/libcuda.so.1.1)
==348806==    by 0xC9C6B121: ??? (in /usr/lib/wsl/drivers/nvam.inf_amd64_7e083f37999613bd/libcuda.so.1.1)
==348806==    by 0x4A34A75: ??? (in /usr/local/cuda-12.8/targets/x86_64-linux/lib/libcudart.so.12.8.90)
==348806==    by 0x4A39637: ??? (in /usr/local/cuda-12.8/targets/x86_64-linux/lib/libcudart.so.12.8.90)
==348806==    by 0x4F1DDEE7: __pthread_once_slow (pthread_once.c:116)
==348806==    by 0x4A88ED8: ??? (in /usr/local/cuda-12.8/targets/x86_64-linux/lib/libcudart.so.12.8.90)
==348806==    by 0x4A356FE: ??? (in /usr/local/cuda-12.8/targets/x86_64-linux/lib/libcudart.so.12.8.90)
==348806==    by 0x4A4DB6C: cudaGetDeviceProperties_v2 (in /usr/local/cuda-12.8/targets/x86_64-linux/lib/libcudart.so.12.8.90)
==348806==    by 0x10D43D: main (in /home/cjmcv/project/flux/build/bin/my_sgemm)
==348806== 
==348806== Conditional jump or move depends on uninitialised value(s)
==348806==    at 0xC9C01E9E: ??? (in /usr/lib/wsl/drivers/nvam.inf_amd64_7e083f37999613bd/libcuda.so.1.1)
==348806==    by 0xC9C6B121: ??? (in /usr/lib/wsl/drivers/nvam.inf_amd64_7e083f37999613bd/libcuda.so.1.1)
==348806==    by 0x4A34A75: ??? (in /usr/local/cuda-12.8/targets/x86_64-linux/lib/libcudart.so.12.8.90)
==348806==    by 0x4A39637: ??? (in /usr/local/cuda-12.8/targets/x86_64-linux/lib/libcudart.so.12.8.90)
==348806==    by 0x4F1DDEE7: __pthread_once_slow (pthread_once.c:116)
==348806==    by 0x4A88ED8: ??? (in /usr/local/cuda-12.8/targets/x86_64-linux/lib/libcudart.so.12.8.90)
==348806==    by 0x4A356FE: ??? (in /usr/local/cuda-12.8/targets/x86_64-linux/lib/libcudart.so.12.8.90)
==348806==    by 0x4A4DB6C: cudaGetDeviceProperties_v2 (in /usr/local/cuda-12.8/targets/x86_64-linux/lib/libcudart.so.12.8.90)
==348806==    by 0x10D43D: main (in /home/cjmcv/project/flux/build/bin/my_sgemm)
==348806== 
==348806== Warning: set address range perms: large range [0x200000000, 0x500000000) (noaccess)
==348806== Conditional jump or move depends on uninitialised value(s)
==348806==    at 0xC9C22F37: ??? (in /usr/lib/wsl/drivers/nvam.inf_amd64_7e083f37999613bd/libcuda.so.1.1)
==348806==    by 0xC9C01F0C: ??? (in /usr/lib/wsl/drivers/nvam.inf_amd64_7e083f37999613bd/libcuda.so.1.1)
==348806==    by 0xC9C6B121: ??? (in /usr/lib/wsl/drivers/nvam.inf_amd64_7e083f37999613bd/libcuda.so.1.1)
==348806==    by 0x4A34A75: ??? (in /usr/local/cuda-12.8/targets/x86_64-linux/lib/libcudart.so.12.8.90)
==348806==    by 0x4A39637: ??? (in /usr/local/cuda-12.8/targets/x86_64-linux/lib/libcudart.so.12.8.90)
==348806==    by 0x4F1DDEE7: __pthread_once_slow (pthread_once.c:116)
==348806==    by 0x4A88ED8: ??? (in /usr/local/cuda-12.8/targets/x86_64-linux/lib/libcudart.so.12.8.90)
==348806==    by 0x4A356FE: ??? (in /usr/local/cuda-12.8/targets/x86_64-linux/lib/libcudart.so.12.8.90)
==348806==    by 0x4A4DB6C: cudaGetDeviceProperties_v2 (in /usr/local/cuda-12.8/targets/x86_64-linux/lib/libcudart.so.12.8.90)
==348806==    by 0x10D43D: main (in /home/cjmcv/project/flux/build/bin/my_sgemm)
==348806== 
==348806== Conditional jump or move depends on uninitialised value(s)
==348806==    at 0xC9C22F65: ??? (in /usr/lib/wsl/drivers/nvam.inf_amd64_7e083f37999613bd/libcuda.so.1.1)
==348806==    by 0xC9C01F0C: ??? (in /usr/lib/wsl/drivers/nvam.inf_amd64_7e083f37999613bd/libcuda.so.1.1)
==348806==    by 0xC9C6B121: ??? (in /usr/lib/wsl/drivers/nvam.inf_amd64_7e083f37999613bd/libcuda.so.1.1)
==348806==    by 0x4A34A75: ??? (in /usr/local/cuda-12.8/targets/x86_64-linux/lib/libcudart.so.12.8.90)
==348806==    by 0x4A39637: ??? (in /usr/local/cuda-12.8/targets/x86_64-linux/lib/libcudart.so.12.8.90)
==348806==    by 0x4F1DDEE7: __pthread_once_slow (pthread_once.c:116)
==348806==    by 0x4A88ED8: ??? (in /usr/local/cuda-12.8/targets/x86_64-linux/lib/libcudart.so.12.8.90)
==348806==    by 0x4A356FE: ??? (in /usr/local/cuda-12.8/targets/x86_64-linux/lib/libcudart.so.12.8.90)
==348806==    by 0x4A4DB6C: cudaGetDeviceProperties_v2 (in /usr/local/cuda-12.8/targets/x86_64-linux/lib/libcudart.so.12.8.90)
==348806==    by 0x10D43D: main (in /home/cjmcv/project/flux/build/bin/my_sgemm)
==348806== 
==348806== Conditional jump or move depends on uninitialised value(s)
==348806==    at 0xC9C21E96: ??? (in /usr/lib/wsl/drivers/nvam.inf_amd64_7e083f37999613bd/libcuda.so.1.1)
==348806==    by 0xC9C23043: ??? (in /usr/lib/wsl/drivers/nvam.inf_amd64_7e083f37999613bd/libcuda.so.1.1)
==348806==    by 0xC9C01F0C: ??? (in /usr/lib/wsl/drivers/nvam.inf_amd64_7e083f37999613bd/libcuda.so.1.1)
==348806==    by 0xC9C6B121: ??? (in /usr/lib/wsl/drivers/nvam.inf_amd64_7e083f37999613bd/libcuda.so.1.1)
==348806==    by 0x4A34A75: ??? (in /usr/local/cuda-12.8/targets/x86_64-linux/lib/libcudart.so.12.8.90)
==348806==    by 0x4A39637: ??? (in /usr/local/cuda-12.8/targets/x86_64-linux/lib/libcudart.so.12.8.90)
==348806==    by 0x4F1DDEE7: __pthread_once_slow (pthread_once.c:116)
==348806==    by 0x4A88ED8: ??? (in /usr/local/cuda-12.8/targets/x86_64-linux/lib/libcudart.so.12.8.90)
==348806==    by 0x4A356FE: ??? (in /usr/local/cuda-12.8/targets/x86_64-linux/lib/libcudart.so.12.8.90)
==348806==    by 0x4A4DB6C: cudaGetDeviceProperties_v2 (in /usr/local/cuda-12.8/targets/x86_64-linux/lib/libcudart.so.12.8.90)
==348806==    by 0x10D43D: main (in /home/cjmcv/project/flux/build/bin/my_sgemm)
==348806== 
==348806== Conditional jump or move depends on uninitialised value(s)
==348806==    at 0xCA4A70E7: ??? (in /usr/lib/wsl/drivers/nvam.inf_amd64_7e083f37999613bd/libcuda.so.1.1)
==348806==    by 0xC9C220F2: ??? (in /usr/lib/wsl/drivers/nvam.inf_amd64_7e083f37999613bd/libcuda.so.1.1)
==348806==    by 0xC9C23043: ??? (in /usr/lib/wsl/drivers/nvam.inf_amd64_7e083f37999613bd/libcuda.so.1.1)
==348806==    by 0xC9C01F0C: ??? (in /usr/lib/wsl/drivers/nvam.inf_amd64_7e083f37999613bd/libcuda.so.1.1)
==348806==    by 0xC9C6B121: ??? (in /usr/lib/wsl/drivers/nvam.inf_amd64_7e083f37999613bd/libcuda.so.1.1)
==348806==    by 0x4A34A75: ??? (in /usr/local/cuda-12.8/targets/x86_64-linux/lib/libcudart.so.12.8.90)
==348806==    by 0x4A39637: ??? (in /usr/local/cuda-12.8/targets/x86_64-linux/lib/libcudart.so.12.8.90)
==348806==    by 0x4F1DDEE7: __pthread_once_slow (pthread_once.c:116)
==348806==    by 0x4A88ED8: ??? (in /usr/local/cuda-12.8/targets/x86_64-linux/lib/libcudart.so.12.8.90)
==348806==    by 0x4A356FE: ??? (in /usr/local/cuda-12.8/targets/x86_64-linux/lib/libcudart.so.12.8.90)
==348806==    by 0x4A4DB6C: cudaGetDeviceProperties_v2 (in /usr/local/cuda-12.8/targets/x86_64-linux/lib/libcudart.so.12.8.90)
==348806==    by 0x10D43D: main (in /home/cjmcv/project/flux/build/bin/my_sgemm)
==348806== 
==348806== Conditional jump or move depends on uninitialised value(s)
==348806==    at 0xCA4A7104: ??? (in /usr/lib/wsl/drivers/nvam.inf_amd64_7e083f37999613bd/libcuda.so.1.1)
==348806==    by 0xC9C220F2: ??? (in /usr/lib/wsl/drivers/nvam.inf_amd64_7e083f37999613bd/libcuda.so.1.1)
==348806==    by 0xC9C23043: ??? (in /usr/lib/wsl/drivers/nvam.inf_amd64_7e083f37999613bd/libcuda.so.1.1)
==348806==    by 0xC9C01F0C: ??? (in /usr/lib/wsl/drivers/nvam.inf_amd64_7e083f37999613bd/libcuda.so.1.1)
==348806==    by 0xC9C6B121: ??? (in /usr/lib/wsl/drivers/nvam.inf_amd64_7e083f37999613bd/libcuda.so.1.1)
==348806==    by 0x4A34A75: ??? (in /usr/local/cuda-12.8/targets/x86_64-linux/lib/libcudart.so.12.8.90)
==348806==    by 0x4A39637: ??? (in /usr/local/cuda-12.8/targets/x86_64-linux/lib/libcudart.so.12.8.90)
==348806==    by 0x4F1DDEE7: __pthread_once_slow (pthread_once.c:116)
==348806==    by 0x4A88ED8: ??? (in /usr/local/cuda-12.8/targets/x86_64-linux/lib/libcudart.so.12.8.90)
==348806==    by 0x4A356FE: ??? (in /usr/local/cuda-12.8/targets/x86_64-linux/lib/libcudart.so.12.8.90)
==348806==    by 0x4A4DB6C: cudaGetDeviceProperties_v2 (in /usr/local/cuda-12.8/targets/x86_64-linux/lib/libcudart.so.12.8.90)
==348806==    by 0x10D43D: main (in /home/cjmcv/project/flux/build/bin/my_sgemm)
==348806== 
==348806== Conditional jump or move depends on uninitialised value(s)
==348806==    at 0xCA4A7192: ??? (in /usr/lib/wsl/drivers/nvam.inf_amd64_7e083f37999613bd/libcuda.so.1.1)
==348806==    by 0xC9C220F2: ??? (in /usr/lib/wsl/drivers/nvam.inf_amd64_7e083f37999613bd/libcuda.so.1.1)
==348806==    by 0xC9C23043: ??? (in /usr/lib/wsl/drivers/nvam.inf_amd64_7e083f37999613bd/libcuda.so.1.1)
==348806==    by 0xC9C01F0C: ??? (in /usr/lib/wsl/drivers/nvam.inf_amd64_7e083f37999613bd/libcuda.so.1.1)
==348806==    by 0xC9C6B121: ??? (in /usr/lib/wsl/drivers/nvam.inf_amd64_7e083f37999613bd/libcuda.so.1.1)
==348806==    by 0x4A34A75: ??? (in /usr/local/cuda-12.8/targets/x86_64-linux/lib/libcudart.so.12.8.90)
==348806==    by 0x4A39637: ??? (in /usr/local/cuda-12.8/targets/x86_64-linux/lib/libcudart.so.12.8.90)
==348806==    by 0x4F1DDEE7: __pthread_once_slow (pthread_once.c:116)
==348806==    by 0x4A88ED8: ??? (in /usr/local/cuda-12.8/targets/x86_64-linux/lib/libcudart.so.12.8.90)
==348806==    by 0x4A356FE: ??? (in /usr/local/cuda-12.8/targets/x86_64-linux/lib/libcudart.so.12.8.90)
==348806==    by 0x4A4DB6C: cudaGetDeviceProperties_v2 (in /usr/local/cuda-12.8/targets/x86_64-linux/lib/libcudart.so.12.8.90)
==348806==    by 0x10D43D: main (in /home/cjmcv/project/flux/build/bin/my_sgemm)
==348806== 
==348806== Conditional jump or move depends on uninitialised value(s)
==348806==    at 0xCA4A71CD: ??? (in /usr/lib/wsl/drivers/nvam.inf_amd64_7e083f37999613bd/libcuda.so.1.1)
==348806==    by 0xC9C220F2: ??? (in /usr/lib/wsl/drivers/nvam.inf_amd64_7e083f37999613bd/libcuda.so.1.1)
==348806==    by 0xC9C23043: ??? (in /usr/lib/wsl/drivers/nvam.inf_amd64_7e083f37999613bd/libcuda.so.1.1)
==348806==    by 0xC9C01F0C: ??? (in /usr/lib/wsl/drivers/nvam.inf_amd64_7e083f37999613bd/libcuda.so.1.1)
==348806==    by 0xC9C6B121: ??? (in /usr/lib/wsl/drivers/nvam.inf_amd64_7e083f37999613bd/libcuda.so.1.1)
==348806==    by 0x4A34A75: ??? (in /usr/local/cuda-12.8/targets/x86_64-linux/lib/libcudart.so.12.8.90)
==348806==    by 0x4A39637: ??? (in /usr/local/cuda-12.8/targets/x86_64-linux/lib/libcudart.so.12.8.90)
==348806==    by 0x4F1DDEE7: __pthread_once_slow (pthread_once.c:116)
==348806==    by 0x4A88ED8: ??? (in /usr/local/cuda-12.8/targets/x86_64-linux/lib/libcudart.so.12.8.90)
==348806==    by 0x4A356FE: ??? (in /usr/local/cuda-12.8/targets/x86_64-linux/lib/libcudart.so.12.8.90)
==348806==    by 0x4A4DB6C: cudaGetDeviceProperties_v2 (in /usr/local/cuda-12.8/targets/x86_64-linux/lib/libcudart.so.12.8.90)
==348806==    by 0x10D43D: main (in /home/cjmcv/project/flux/build/bin/my_sgemm)
==348806== 
==348806== Use of uninitialised value of size 8
==348806==    at 0xCA4A71D9: ??? (in /usr/lib/wsl/drivers/nvam.inf_amd64_7e083f37999613bd/libcuda.so.1.1)
==348806==    by 0xC9C220F2: ??? (in /usr/lib/wsl/drivers/nvam.inf_amd64_7e083f37999613bd/libcuda.so.1.1)
==348806==    by 0xC9C23043: ??? (in /usr/lib/wsl/drivers/nvam.inf_amd64_7e083f37999613bd/libcuda.so.1.1)
==348806==    by 0xC9C01F0C: ??? (in /usr/lib/wsl/drivers/nvam.inf_amd64_7e083f37999613bd/libcuda.so.1.1)
==348806==    by 0xC9C6B121: ??? (in /usr/lib/wsl/drivers/nvam.inf_amd64_7e083f37999613bd/libcuda.so.1.1)
==348806==    by 0x4A34A75: ??? (in /usr/local/cuda-12.8/targets/x86_64-linux/lib/libcudart.so.12.8.90)
==348806==    by 0x4A39637: ??? (in /usr/local/cuda-12.8/targets/x86_64-linux/lib/libcudart.so.12.8.90)
==348806==    by 0x4F1DDEE7: __pthread_once_slow (pthread_once.c:116)
==348806==    by 0x4A88ED8: ??? (in /usr/local/cuda-12.8/targets/x86_64-linux/lib/libcudart.so.12.8.90)
==348806==    by 0x4A356FE: ??? (in /usr/local/cuda-12.8/targets/x86_64-linux/lib/libcudart.so.12.8.90)
==348806==    by 0x4A4DB6C: cudaGetDeviceProperties_v2 (in /usr/local/cuda-12.8/targets/x86_64-linux/lib/libcudart.so.12.8.90)
==348806==    by 0x10D43D: main (in /home/cjmcv/project/flux/build/bin/my_sgemm)
==348806== 
==348806== Conditional jump or move depends on uninitialised value(s)
==348806==    at 0xCA4A71EE: ??? (in /usr/lib/wsl/drivers/nvam.inf_amd64_7e083f37999613bd/libcuda.so.1.1)
==348806==    by 0xC9C220F2: ??? (in /usr/lib/wsl/drivers/nvam.inf_amd64_7e083f37999613bd/libcuda.so.1.1)
==348806==    by 0xC9C23043: ??? (in /usr/lib/wsl/drivers/nvam.inf_amd64_7e083f37999613bd/libcuda.so.1.1)
==348806==    by 0xC9C01F0C: ??? (in /usr/lib/wsl/drivers/nvam.inf_amd64_7e083f37999613bd/libcuda.so.1.1)
==348806==    by 0xC9C6B121: ??? (in /usr/lib/wsl/drivers/nvam.inf_amd64_7e083f37999613bd/libcuda.so.1.1)
==348806==    by 0x4A34A75: ??? (in /usr/local/cuda-12.8/targets/x86_64-linux/lib/libcudart.so.12.8.90)
==348806==    by 0x4A39637: ??? (in /usr/local/cuda-12.8/targets/x86_64-linux/lib/libcudart.so.12.8.90)
==348806==    by 0x4F1DDEE7: __pthread_once_slow (pthread_once.c:116)
==348806==    by 0x4A88ED8: ??? (in /usr/local/cuda-12.8/targets/x86_64-linux/lib/libcudart.so.12.8.90)
==348806==    by 0x4A356FE: ??? (in /usr/local/cuda-12.8/targets/x86_64-linux/lib/libcudart.so.12.8.90)
==348806==    by 0x4A4DB6C: cudaGetDeviceProperties_v2 (in /usr/local/cuda-12.8/targets/x86_64-linux/lib/libcudart.so.12.8.90)
==348806==    by 0x10D43D: main (in /home/cjmcv/project/flux/build/bin/my_sgemm)
==348806== 
==348806== Use of uninitialised value of size 8
==348806==    at 0xCA4A71F0: ??? (in /usr/lib/wsl/drivers/nvam.inf_amd64_7e083f37999613bd/libcuda.so.1.1)
==348806==    by 0xC9C220F2: ??? (in /usr/lib/wsl/drivers/nvam.inf_amd64_7e083f37999613bd/libcuda.so.1.1)
==348806==    by 0xC9C23043: ??? (in /usr/lib/wsl/drivers/nvam.inf_amd64_7e083f37999613bd/libcuda.so.1.1)
==348806==    by 0xC9C01F0C: ??? (in /usr/lib/wsl/drivers/nvam.inf_amd64_7e083f37999613bd/libcuda.so.1.1)
==348806==    by 0xC9C6B121: ??? (in /usr/lib/wsl/drivers/nvam.inf_amd64_7e083f37999613bd/libcuda.so.1.1)
==348806==    by 0x4A34A75: ??? (in /usr/local/cuda-12.8/targets/x86_64-linux/lib/libcudart.so.12.8.90)
==348806==    by 0x4A39637: ??? (in /usr/local/cuda-12.8/targets/x86_64-linux/lib/libcudart.so.12.8.90)
==348806==    by 0x4F1DDEE7: __pthread_once_slow (pthread_once.c:116)
==348806==    by 0x4A88ED8: ??? (in /usr/local/cuda-12.8/targets/x86_64-linux/lib/libcudart.so.12.8.90)
==348806==    by 0x4A356FE: ??? (in /usr/local/cuda-12.8/targets/x86_64-linux/lib/libcudart.so.12.8.90)
==348806==    by 0x4A4DB6C: cudaGetDeviceProperties_v2 (in /usr/local/cuda-12.8/targets/x86_64-linux/lib/libcudart.so.12.8.90)
==348806==    by 0x10D43D: main (in /home/cjmcv/project/flux/build/bin/my_sgemm)
==348806== 
==348806== Conditional jump or move depends on uninitialised value(s)
==348806==    at 0xCA4A71F4: ??? (in /usr/lib/wsl/drivers/nvam.inf_amd64_7e083f37999613bd/libcuda.so.1.1)
==348806==    by 0xC9C220F2: ??? (in /usr/lib/wsl/drivers/nvam.inf_amd64_7e083f37999613bd/libcuda.so.1.1)
==348806==    by 0xC9C23043: ??? (in /usr/lib/wsl/drivers/nvam.inf_amd64_7e083f37999613bd/libcuda.so.1.1)
==348806==    by 0xC9C01F0C: ??? (in /usr/lib/wsl/drivers/nvam.inf_amd64_7e083f37999613bd/libcuda.so.1.1)
==348806==    by 0xC9C6B121: ??? (in /usr/lib/wsl/drivers/nvam.inf_amd64_7e083f37999613bd/libcuda.so.1.1)
==348806==    by 0x4A34A75: ??? (in /usr/local/cuda-12.8/targets/x86_64-linux/lib/libcudart.so.12.8.90)
==348806==    by 0x4A39637: ??? (in /usr/local/cuda-12.8/targets/x86_64-linux/lib/libcudart.so.12.8.90)
==348806==    by 0x4F1DDEE7: __pthread_once_slow (pthread_once.c:116)
==348806==    by 0x4A88ED8: ??? (in /usr/local/cuda-12.8/targets/x86_64-linux/lib/libcudart.so.12.8.90)
==348806==    by 0x4A356FE: ??? (in /usr/local/cuda-12.8/targets/x86_64-linux/lib/libcudart.so.12.8.90)
==348806==    by 0x4A4DB6C: cudaGetDeviceProperties_v2 (in /usr/local/cuda-12.8/targets/x86_64-linux/lib/libcudart.so.12.8.90)
==348806==    by 0x10D43D: main (in /home/cjmcv/project/flux/build/bin/my_sgemm)
==348806== 
==348806== Conditional jump or move depends on uninitialised value(s)
==348806==    at 0xCA4A722A: ??? (in /usr/lib/wsl/drivers/nvam.inf_amd64_7e083f37999613bd/libcuda.so.1.1)
==348806==    by 0xC9C220F2: ??? (in /usr/lib/wsl/drivers/nvam.inf_amd64_7e083f37999613bd/libcuda.so.1.1)
==348806==    by 0xC9C23043: ??? (in /usr/lib/wsl/drivers/nvam.inf_amd64_7e083f37999613bd/libcuda.so.1.1)
==348806==    by 0xC9C01F0C: ??? (in /usr/lib/wsl/drivers/nvam.inf_amd64_7e083f37999613bd/libcuda.so.1.1)
==348806==    by 0xC9C6B121: ??? (in /usr/lib/wsl/drivers/nvam.inf_amd64_7e083f37999613bd/libcuda.so.1.1)
==348806==    by 0x4A34A75: ??? (in /usr/local/cuda-12.8/targets/x86_64-linux/lib/libcudart.so.12.8.90)
==348806==    by 0x4A39637: ??? (in /usr/local/cuda-12.8/targets/x86_64-linux/lib/libcudart.so.12.8.90)
==348806==    by 0x4F1DDEE7: __pthread_once_slow (pthread_once.c:116)
==348806==    by 0x4A88ED8: ??? (in /usr/local/cuda-12.8/targets/x86_64-linux/lib/libcudart.so.12.8.90)
==348806==    by 0x4A356FE: ??? (in /usr/local/cuda-12.8/targets/x86_64-linux/lib/libcudart.so.12.8.90)
==348806==    by 0x4A4DB6C: cudaGetDeviceProperties_v2 (in /usr/local/cuda-12.8/targets/x86_64-linux/lib/libcudart.so.12.8.90)
==348806==    by 0x10D43D: main (in /home/cjmcv/project/flux/build/bin/my_sgemm)
==348806== 
==348806== Use of uninitialised value of size 8
==348806==    at 0xCA4A7200: ??? (in /usr/lib/wsl/drivers/nvam.inf_amd64_7e083f37999613bd/libcuda.so.1.1)
==348806==    by 0xC9C220F2: ??? (in /usr/lib/wsl/drivers/nvam.inf_amd64_7e083f37999613bd/libcuda.so.1.1)
==348806==    by 0xC9C23043: ??? (in /usr/lib/wsl/drivers/nvam.inf_amd64_7e083f37999613bd/libcuda.so.1.1)
==348806==    by 0xC9C01F0C: ??? (in /usr/lib/wsl/drivers/nvam.inf_amd64_7e083f37999613bd/libcuda.so.1.1)
==348806==    by 0xC9C6B121: ??? (in /usr/lib/wsl/drivers/nvam.inf_amd64_7e083f37999613bd/libcuda.so.1.1)
==348806==    by 0x4A34A75: ??? (in /usr/local/cuda-12.8/targets/x86_64-linux/lib/libcudart.so.12.8.90)
==348806==    by 0x4A39637: ??? (in /usr/local/cuda-12.8/targets/x86_64-linux/lib/libcudart.so.12.8.90)
==348806==    by 0x4F1DDEE7: __pthread_once_slow (pthread_once.c:116)
==348806==    by 0x4A88ED8: ??? (in /usr/local/cuda-12.8/targets/x86_64-linux/lib/libcudart.so.12.8.90)
==348806==    by 0x4A356FE: ??? (in /usr/local/cuda-12.8/targets/x86_64-linux/lib/libcudart.so.12.8.90)
==348806==    by 0x4A4DB6C: cudaGetDeviceProperties_v2 (in /usr/local/cuda-12.8/targets/x86_64-linux/lib/libcudart.so.12.8.90)
==348806==    by 0x10D43D: main (in /home/cjmcv/project/flux/build/bin/my_sgemm)
==348806== 
==348806== Conditional jump or move depends on uninitialised value(s)
==348806==    at 0xCA4A7217: ??? (in /usr/lib/wsl/drivers/nvam.inf_amd64_7e083f37999613bd/libcuda.so.1.1)
==348806==    by 0xC9C220F2: ??? (in /usr/lib/wsl/drivers/nvam.inf_amd64_7e083f37999613bd/libcuda.so.1.1)
==348806==    by 0xC9C23043: ??? (in /usr/lib/wsl/drivers/nvam.inf_amd64_7e083f37999613bd/libcuda.so.1.1)
==348806==    by 0xC9C01F0C: ??? (in /usr/lib/wsl/drivers/nvam.inf_amd64_7e083f37999613bd/libcuda.so.1.1)
==348806==    by 0xC9C6B121: ??? (in /usr/lib/wsl/drivers/nvam.inf_amd64_7e083f37999613bd/libcuda.so.1.1)
==348806==    by 0x4A34A75: ??? (in /usr/local/cuda-12.8/targets/x86_64-linux/lib/libcudart.so.12.8.90)
==348806==    by 0x4A39637: ??? (in /usr/local/cuda-12.8/targets/x86_64-linux/lib/libcudart.so.12.8.90)
==348806==    by 0x4F1DDEE7: __pthread_once_slow (pthread_once.c:116)
==348806==    by 0x4A88ED8: ??? (in /usr/local/cuda-12.8/targets/x86_64-linux/lib/libcudart.so.12.8.90)
==348806==    by 0x4A356FE: ??? (in /usr/local/cuda-12.8/targets/x86_64-linux/lib/libcudart.so.12.8.90)
==348806==    by 0x4A4DB6C: cudaGetDeviceProperties_v2 (in /usr/local/cuda-12.8/targets/x86_64-linux/lib/libcudart.so.12.8.90)
==348806==    by 0x10D43D: main (in /home/cjmcv/project/flux/build/bin/my_sgemm)
==348806== 
==348806== Use of uninitialised value of size 8
==348806==    at 0xCA4A7219: ??? (in /usr/lib/wsl/drivers/nvam.inf_amd64_7e083f37999613bd/libcuda.so.1.1)
==348806==    by 0xC9C220F2: ??? (in /usr/lib/wsl/drivers/nvam.inf_amd64_7e083f37999613bd/libcuda.so.1.1)
==348806==    by 0xC9C23043: ??? (in /usr/lib/wsl/drivers/nvam.inf_amd64_7e083f37999613bd/libcuda.so.1.1)
==348806==    by 0xC9C01F0C: ??? (in /usr/lib/wsl/drivers/nvam.inf_amd64_7e083f37999613bd/libcuda.so.1.1)
==348806==    by 0xC9C6B121: ??? (in /usr/lib/wsl/drivers/nvam.inf_amd64_7e083f37999613bd/libcuda.so.1.1)
==348806==    by 0x4A34A75: ??? (in /usr/local/cuda-12.8/targets/x86_64-linux/lib/libcudart.so.12.8.90)
==348806==    by 0x4A39637: ??? (in /usr/local/cuda-12.8/targets/x86_64-linux/lib/libcudart.so.12.8.90)
==348806==    by 0x4F1DDEE7: __pthread_once_slow (pthread_once.c:116)
==348806==    by 0x4A88ED8: ??? (in /usr/local/cuda-12.8/targets/x86_64-linux/lib/libcudart.so.12.8.90)
==348806==    by 0x4A356FE: ??? (in /usr/local/cuda-12.8/targets/x86_64-linux/lib/libcudart.so.12.8.90)
==348806==    by 0x4A4DB6C: cudaGetDeviceProperties_v2 (in /usr/local/cuda-12.8/targets/x86_64-linux/lib/libcudart.so.12.8.90)
==348806==    by 0x10D43D: main (in /home/cjmcv/project/flux/build/bin/my_sgemm)
==348806== 
==348806== Conditional jump or move depends on uninitialised value(s)
==348806==    at 0xCA4A721D: ??? (in /usr/lib/wsl/drivers/nvam.inf_amd64_7e083f37999613bd/libcuda.so.1.1)
==348806==    by 0xC9C220F2: ??? (in /usr/lib/wsl/drivers/nvam.inf_amd64_7e083f37999613bd/libcuda.so.1.1)
==348806==    by 0xC9C23043: ??? (in /usr/lib/wsl/drivers/nvam.inf_amd64_7e083f37999613bd/libcuda.so.1.1)
==348806==    by 0xC9C01F0C: ??? (in /usr/lib/wsl/drivers/nvam.inf_amd64_7e083f37999613bd/libcuda.so.1.1)
==348806==    by 0xC9C6B121: ??? (in /usr/lib/wsl/drivers/nvam.inf_amd64_7e083f37999613bd/libcuda.so.1.1)
==348806==    by 0x4A34A75: ??? (in /usr/local/cuda-12.8/targets/x86_64-linux/lib/libcudart.so.12.8.90)
==348806==    by 0x4A39637: ??? (in /usr/local/cuda-12.8/targets/x86_64-linux/lib/libcudart.so.12.8.90)
==348806==    by 0x4F1DDEE7: __pthread_once_slow (pthread_once.c:116)
==348806==    by 0x4A88ED8: ??? (in /usr/local/cuda-12.8/targets/x86_64-linux/lib/libcudart.so.12.8.90)
==348806==    by 0x4A356FE: ??? (in /usr/local/cuda-12.8/targets/x86_64-linux/lib/libcudart.so.12.8.90)
==348806==    by 0x4A4DB6C: cudaGetDeviceProperties_v2 (in /usr/local/cuda-12.8/targets/x86_64-linux/lib/libcudart.so.12.8.90)
==348806==    by 0x10D43D: main (in /home/cjmcv/project/flux/build/bin/my_sgemm)
==348806== 
==348806== Conditional jump or move depends on uninitialised value(s)
==348806==    at 0xCA4A7357: ??? (in /usr/lib/wsl/drivers/nvam.inf_amd64_7e083f37999613bd/libcuda.so.1.1)
==348806==    by 0xC9C220F2: ??? (in /usr/lib/wsl/drivers/nvam.inf_amd64_7e083f37999613bd/libcuda.so.1.1)
==348806==    by 0xC9C23043: ??? (in /usr/lib/wsl/drivers/nvam.inf_amd64_7e083f37999613bd/libcuda.so.1.1)
==348806==    by 0xC9C01F0C: ??? (in /usr/lib/wsl/drivers/nvam.inf_amd64_7e083f37999613bd/libcuda.so.1.1)
==348806==    by 0xC9C6B121: ??? (in /usr/lib/wsl/drivers/nvam.inf_amd64_7e083f37999613bd/libcuda.so.1.1)
==348806==    by 0x4A34A75: ??? (in /usr/local/cuda-12.8/targets/x86_64-linux/lib/libcudart.so.12.8.90)
==348806==    by 0x4A39637: ??? (in /usr/local/cuda-12.8/targets/x86_64-linux/lib/libcudart.so.12.8.90)
==348806==    by 0x4F1DDEE7: __pthread_once_slow (pthread_once.c:116)
==348806==    by 0x4A88ED8: ??? (in /usr/local/cuda-12.8/targets/x86_64-linux/lib/libcudart.so.12.8.90)
==348806==    by 0x4A356FE: ??? (in /usr/local/cuda-12.8/targets/x86_64-linux/lib/libcudart.so.12.8.90)
==348806==    by 0x4A4DB6C: cudaGetDeviceProperties_v2 (in /usr/local/cuda-12.8/targets/x86_64-linux/lib/libcudart.so.12.8.90)
==348806==    by 0x10D43D: main (in /home/cjmcv/project/flux/build/bin/my_sgemm)
==348806== 
==348806== Syscall param mmap(start) contains uninitialised byte(s)
==348806==    at 0x4F262A27: __mmap64 (mmap64.c:58)
==348806==    by 0x4F262A27: mmap (mmap64.c:46)
==348806==    by 0xCA4A32D5: ??? (in /usr/lib/wsl/drivers/nvam.inf_amd64_7e083f37999613bd/libcuda.so.1.1)
==348806==    by 0xCA4A7373: ??? (in /usr/lib/wsl/drivers/nvam.inf_amd64_7e083f37999613bd/libcuda.so.1.1)
==348806==    by 0xC9C220F2: ??? (in /usr/lib/wsl/drivers/nvam.inf_amd64_7e083f37999613bd/libcuda.so.1.1)
==348806==    by 0xC9C23043: ??? (in /usr/lib/wsl/drivers/nvam.inf_amd64_7e083f37999613bd/libcuda.so.1.1)
==348806==    by 0xC9C01F0C: ??? (in /usr/lib/wsl/drivers/nvam.inf_amd64_7e083f37999613bd/libcuda.so.1.1)
==348806==    by 0xC9C6B121: ??? (in /usr/lib/wsl/drivers/nvam.inf_amd64_7e083f37999613bd/libcuda.so.1.1)
==348806==    by 0x4A34A75: ??? (in /usr/local/cuda-12.8/targets/x86_64-linux/lib/libcudart.so.12.8.90)
==348806==    by 0x4A39637: ??? (in /usr/local/cuda-12.8/targets/x86_64-linux/lib/libcudart.so.12.8.90)
==348806==    by 0x4F1DDEE7: __pthread_once_slow (pthread_once.c:116)
==348806==    by 0x4A88ED8: ??? (in /usr/local/cuda-12.8/targets/x86_64-linux/lib/libcudart.so.12.8.90)
==348806==    by 0x4A356FE: ??? (in /usr/local/cuda-12.8/targets/x86_64-linux/lib/libcudart.so.12.8.90)
==348806== 
==348806== Syscall param mmap(length) contains uninitialised byte(s)
==348806==    at 0x4F262A27: __mmap64 (mmap64.c:58)
==348806==    by 0x4F262A27: mmap (mmap64.c:46)
==348806==    by 0xCA4A32D5: ??? (in /usr/lib/wsl/drivers/nvam.inf_amd64_7e083f37999613bd/libcuda.so.1.1)
==348806==    by 0xCA4A7373: ??? (in /usr/lib/wsl/drivers/nvam.inf_amd64_7e083f37999613bd/libcuda.so.1.1)
==348806==    by 0xC9C220F2: ??? (in /usr/lib/wsl/drivers/nvam.inf_amd64_7e083f37999613bd/libcuda.so.1.1)
==348806==    by 0xC9C23043: ??? (in /usr/lib/wsl/drivers/nvam.inf_amd64_7e083f37999613bd/libcuda.so.1.1)
==348806==    by 0xC9C01F0C: ??? (in /usr/lib/wsl/drivers/nvam.inf_amd64_7e083f37999613bd/libcuda.so.1.1)
==348806==    by 0xC9C6B121: ??? (in /usr/lib/wsl/drivers/nvam.inf_amd64_7e083f37999613bd/libcuda.so.1.1)
==348806==    by 0x4A34A75: ??? (in /usr/local/cuda-12.8/targets/x86_64-linux/lib/libcudart.so.12.8.90)
==348806==    by 0x4A39637: ??? (in /usr/local/cuda-12.8/targets/x86_64-linux/lib/libcudart.so.12.8.90)
==348806==    by 0x4F1DDEE7: __pthread_once_slow (pthread_once.c:116)
==348806==    by 0x4A88ED8: ??? (in /usr/local/cuda-12.8/targets/x86_64-linux/lib/libcudart.so.12.8.90)
==348806==    by 0x4A356FE: ??? (in /usr/local/cuda-12.8/targets/x86_64-linux/lib/libcudart.so.12.8.90)
==348806== 
==348806== Warning: set address range perms: large range [0x500000000, 0x800000000) (noaccess)
==348806== Conditional jump or move depends on uninitialised value(s)
==348806==    at 0xCA4A32E9: ??? (in /usr/lib/wsl/drivers/nvam.inf_amd64_7e083f37999613bd/libcuda.so.1.1)
==348806==    by 0xCA4A7373: ??? (in /usr/lib/wsl/drivers/nvam.inf_amd64_7e083f37999613bd/libcuda.so.1.1)
==348806==    by 0xC9C220F2: ??? (in /usr/lib/wsl/drivers/nvam.inf_amd64_7e083f37999613bd/libcuda.so.1.1)
==348806==    by 0xC9C23043: ??? (in /usr/lib/wsl/drivers/nvam.inf_amd64_7e083f37999613bd/libcuda.so.1.1)
==348806==    by 0xC9C01F0C: ??? (in /usr/lib/wsl/drivers/nvam.inf_amd64_7e083f37999613bd/libcuda.so.1.1)
==348806==    by 0xC9C6B121: ??? (in /usr/lib/wsl/drivers/nvam.inf_amd64_7e083f37999613bd/libcuda.so.1.1)
==348806==    by 0x4A34A75: ??? (in /usr/local/cuda-12.8/targets/x86_64-linux/lib/libcudart.so.12.8.90)
==348806==    by 0x4A39637: ??? (in /usr/local/cuda-12.8/targets/x86_64-linux/lib/libcudart.so.12.8.90)
==348806==    by 0x4F1DDEE7: __pthread_once_slow (pthread_once.c:116)
==348806==    by 0x4A88ED8: ??? (in /usr/local/cuda-12.8/targets/x86_64-linux/lib/libcudart.so.12.8.90)
==348806==    by 0x4A356FE: ??? (in /usr/local/cuda-12.8/targets/x86_64-linux/lib/libcudart.so.12.8.90)
==348806==    by 0x4A4DB6C: cudaGetDeviceProperties_v2 (in /usr/local/cuda-12.8/targets/x86_64-linux/lib/libcudart.so.12.8.90)
==348806== 
==348806== Conditional jump or move depends on uninitialised value(s)
==348806==    at 0xCA4A32EE: ??? (in /usr/lib/wsl/drivers/nvam.inf_amd64_7e083f37999613bd/libcuda.so.1.1)
==348806==    by 0xCA4A7373: ??? (in /usr/lib/wsl/drivers/nvam.inf_amd64_7e083f37999613bd/libcuda.so.1.1)
==348806==    by 0xC9C220F2: ??? (in /usr/lib/wsl/drivers/nvam.inf_amd64_7e083f37999613bd/libcuda.so.1.1)
==348806==    by 0xC9C23043: ??? (in /usr/lib/wsl/drivers/nvam.inf_amd64_7e083f37999613bd/libcuda.so.1.1)
==348806==    by 0xC9C01F0C: ??? (in /usr/lib/wsl/drivers/nvam.inf_amd64_7e083f37999613bd/libcuda.so.1.1)
==348806==    by 0xC9C6B121: ??? (in /usr/lib/wsl/drivers/nvam.inf_amd64_7e083f37999613bd/libcuda.so.1.1)
==348806==    by 0x4A34A75: ??? (in /usr/local/cuda-12.8/targets/x86_64-linux/lib/libcudart.so.12.8.90)
==348806==    by 0x4A39637: ??? (in /usr/local/cuda-12.8/targets/x86_64-linux/lib/libcudart.so.12.8.90)
==348806==    by 0x4F1DDEE7: __pthread_once_slow (pthread_once.c:116)
==348806==    by 0x4A88ED8: ??? (in /usr/local/cuda-12.8/targets/x86_64-linux/lib/libcudart.so.12.8.90)
==348806==    by 0x4A356FE: ??? (in /usr/local/cuda-12.8/targets/x86_64-linux/lib/libcudart.so.12.8.90)
==348806==    by 0x4A4DB6C: cudaGetDeviceProperties_v2 (in /usr/local/cuda-12.8/targets/x86_64-linux/lib/libcudart.so.12.8.90)
==348806== 
==348806== Conditional jump or move depends on uninitialised value(s)
==348806==    at 0xC9C1EDF5: ??? (in /usr/lib/wsl/drivers/nvam.inf_amd64_7e083f37999613bd/libcuda.so.1.1)
==348806==    by 0xCA4A3319: ??? (in /usr/lib/wsl/drivers/nvam.inf_amd64_7e083f37999613bd/libcuda.so.1.1)
==348806==    by 0xCA4A7373: ??? (in /usr/lib/wsl/drivers/nvam.inf_amd64_7e083f37999613bd/libcuda.so.1.1)
==348806==    by 0xC9C220F2: ??? (in /usr/lib/wsl/drivers/nvam.inf_amd64_7e083f37999613bd/libcuda.so.1.1)
==348806==    by 0xC9C23043: ??? (in /usr/lib/wsl/drivers/nvam.inf_amd64_7e083f37999613bd/libcuda.so.1.1)
==348806==    by 0xC9C01F0C: ??? (in /usr/lib/wsl/drivers/nvam.inf_amd64_7e083f37999613bd/libcuda.so.1.1)
==348806==    by 0xC9C6B121: ??? (in /usr/lib/wsl/drivers/nvam.inf_amd64_7e083f37999613bd/libcuda.so.1.1)
==348806==    by 0x4A34A75: ??? (in /usr/local/cuda-12.8/targets/x86_64-linux/lib/libcudart.so.12.8.90)
==348806==    by 0x4A39637: ??? (in /usr/local/cuda-12.8/targets/x86_64-linux/lib/libcudart.so.12.8.90)
==348806==    by 0x4F1DDEE7: __pthread_once_slow (pthread_once.c:116)
==348806==    by 0x4A88ED8: ??? (in /usr/local/cuda-12.8/targets/x86_64-linux/lib/libcudart.so.12.8.90)
==348806==    by 0x4A356FE: ??? (in /usr/local/cuda-12.8/targets/x86_64-linux/lib/libcudart.so.12.8.90)
==348806== 
==348806== Conditional jump or move depends on uninitialised value(s)
==348806==    at 0xC9C1EE01: ??? (in /usr/lib/wsl/drivers/nvam.inf_amd64_7e083f37999613bd/libcuda.so.1.1)
==348806==    by 0xCA4A3319: ??? (in /usr/lib/wsl/drivers/nvam.inf_amd64_7e083f37999613bd/libcuda.so.1.1)
==348806==    by 0xCA4A7373: ??? (in /usr/lib/wsl/drivers/nvam.inf_amd64_7e083f37999613bd/libcuda.so.1.1)
==348806==    by 0xC9C220F2: ??? (in /usr/lib/wsl/drivers/nvam.inf_amd64_7e083f37999613bd/libcuda.so.1.1)
==348806==    by 0xC9C23043: ??? (in /usr/lib/wsl/drivers/nvam.inf_amd64_7e083f37999613bd/libcuda.so.1.1)
==348806==    by 0xC9C01F0C: ??? (in /usr/lib/wsl/drivers/nvam.inf_amd64_7e083f37999613bd/libcuda.so.1.1)
==348806==    by 0xC9C6B121: ??? (in /usr/lib/wsl/drivers/nvam.inf_amd64_7e083f37999613bd/libcuda.so.1.1)
==348806==    by 0x4A34A75: ??? (in /usr/local/cuda-12.8/targets/x86_64-linux/lib/libcudart.so.12.8.90)
==348806==    by 0x4A39637: ??? (in /usr/local/cuda-12.8/targets/x86_64-linux/lib/libcudart.so.12.8.90)
==348806==    by 0x4F1DDEE7: __pthread_once_slow (pthread_once.c:116)
==348806==    by 0x4A88ED8: ??? (in /usr/local/cuda-12.8/targets/x86_64-linux/lib/libcudart.so.12.8.90)
==348806==    by 0x4A356FE: ??? (in /usr/local/cuda-12.8/targets/x86_64-linux/lib/libcudart.so.12.8.90)
==348806== 
==348806== Conditional jump or move depends on uninitialised value(s)
==348806==    at 0xC9C1EE64: ??? (in /usr/lib/wsl/drivers/nvam.inf_amd64_7e083f37999613bd/libcuda.so.1.1)
==348806==    by 0xCA4A3319: ??? (in /usr/lib/wsl/drivers/nvam.inf_amd64_7e083f37999613bd/libcuda.so.1.1)
==348806==    by 0xCA4A7373: ??? (in /usr/lib/wsl/drivers/nvam.inf_amd64_7e083f37999613bd/libcuda.so.1.1)
==348806==    by 0xC9C220F2: ??? (in /usr/lib/wsl/drivers/nvam.inf_amd64_7e083f37999613bd/libcuda.so.1.1)
==348806==    by 0xC9C23043: ??? (in /usr/lib/wsl/drivers/nvam.inf_amd64_7e083f37999613bd/libcuda.so.1.1)
==348806==    by 0xC9C01F0C: ??? (in /usr/lib/wsl/drivers/nvam.inf_amd64_7e083f37999613bd/libcuda.so.1.1)
==348806==    by 0xC9C6B121: ??? (in /usr/lib/wsl/drivers/nvam.inf_amd64_7e083f37999613bd/libcuda.so.1.1)
==348806==    by 0x4A34A75: ??? (in /usr/local/cuda-12.8/targets/x86_64-linux/lib/libcudart.so.12.8.90)
==348806==    by 0x4A39637: ??? (in /usr/local/cuda-12.8/targets/x86_64-linux/lib/libcudart.so.12.8.90)
==348806==    by 0x4F1DDEE7: __pthread_once_slow (pthread_once.c:116)
==348806==    by 0x4A88ED8: ??? (in /usr/local/cuda-12.8/targets/x86_64-linux/lib/libcudart.so.12.8.90)
==348806==    by 0x4A356FE: ??? (in /usr/local/cuda-12.8/targets/x86_64-linux/lib/libcudart.so.12.8.90)
==348806== 
==348806== Conditional jump or move depends on uninitialised value(s)
==348806==    at 0xC9C1EE7A: ??? (in /usr/lib/wsl/drivers/nvam.inf_amd64_7e083f37999613bd/libcuda.so.1.1)
==348806==    by 0xCA4A3319: ??? (in /usr/lib/wsl/drivers/nvam.inf_amd64_7e083f37999613bd/libcuda.so.1.1)
==348806==    by 0xCA4A7373: ??? (in /usr/lib/wsl/drivers/nvam.inf_amd64_7e083f37999613bd/libcuda.so.1.1)
==348806==    by 0xC9C220F2: ??? (in /usr/lib/wsl/drivers/nvam.inf_amd64_7e083f37999613bd/libcuda.so.1.1)
==348806==    by 0xC9C23043: ??? (in /usr/lib/wsl/drivers/nvam.inf_amd64_7e083f37999613bd/libcuda.so.1.1)
==348806==    by 0xC9C01F0C: ??? (in /usr/lib/wsl/drivers/nvam.inf_amd64_7e083f37999613bd/libcuda.so.1.1)
==348806==    by 0xC9C6B121: ??? (in /usr/lib/wsl/drivers/nvam.inf_amd64_7e083f37999613bd/libcuda.so.1.1)
==348806==    by 0x4A34A75: ??? (in /usr/local/cuda-12.8/targets/x86_64-linux/lib/libcudart.so.12.8.90)
==348806==    by 0x4A39637: ??? (in /usr/local/cuda-12.8/targets/x86_64-linux/lib/libcudart.so.12.8.90)
==348806==    by 0x4F1DDEE7: __pthread_once_slow (pthread_once.c:116)
==348806==    by 0x4A88ED8: ??? (in /usr/local/cuda-12.8/targets/x86_64-linux/lib/libcudart.so.12.8.90)
==348806==    by 0x4A356FE: ??? (in /usr/local/cuda-12.8/targets/x86_64-linux/lib/libcudart.so.12.8.90)
==348806== 
==348806== Conditional jump or move depends on uninitialised value(s)
==348806==    at 0xC9C1EED2: ??? (in /usr/lib/wsl/drivers/nvam.inf_amd64_7e083f37999613bd/libcuda.so.1.1)
==348806==    by 0xCA4A3319: ??? (in /usr/lib/wsl/drivers/nvam.inf_amd64_7e083f37999613bd/libcuda.so.1.1)
==348806==    by 0xCA4A7373: ??? (in /usr/lib/wsl/drivers/nvam.inf_amd64_7e083f37999613bd/libcuda.so.1.1)
==348806==    by 0xC9C220F2: ??? (in /usr/lib/wsl/drivers/nvam.inf_amd64_7e083f37999613bd/libcuda.so.1.1)
==348806==    by 0xC9C23043: ??? (in /usr/lib/wsl/drivers/nvam.inf_amd64_7e083f37999613bd/libcuda.so.1.1)
==348806==    by 0xC9C01F0C: ??? (in /usr/lib/wsl/drivers/nvam.inf_amd64_7e083f37999613bd/libcuda.so.1.1)
==348806==    by 0xC9C6B121: ??? (in /usr/lib/wsl/drivers/nvam.inf_amd64_7e083f37999613bd/libcuda.so.1.1)
==348806==    by 0x4A34A75: ??? (in /usr/local/cuda-12.8/targets/x86_64-linux/lib/libcudart.so.12.8.90)
==348806==    by 0x4A39637: ??? (in /usr/local/cuda-12.8/targets/x86_64-linux/lib/libcudart.so.12.8.90)
==348806==    by 0x4F1DDEE7: __pthread_once_slow (pthread_once.c:116)
==348806==    by 0x4A88ED8: ??? (in /usr/local/cuda-12.8/targets/x86_64-linux/lib/libcudart.so.12.8.90)
==348806==    by 0x4A356FE: ??? (in /usr/local/cuda-12.8/targets/x86_64-linux/lib/libcudart.so.12.8.90)
==348806== 
==348806== Conditional jump or move depends on uninitialised value(s)
==348806==    at 0xC9C21FCE: ??? (in /usr/lib/wsl/drivers/nvam.inf_amd64_7e083f37999613bd/libcuda.so.1.1)
==348806==    by 0xC9C23043: ??? (in /usr/lib/wsl/drivers/nvam.inf_amd64_7e083f37999613bd/libcuda.so.1.1)
==348806==    by 0xC9C01F0C: ??? (in /usr/lib/wsl/drivers/nvam.inf_amd64_7e083f37999613bd/libcuda.so.1.1)
==348806==    by 0xC9C6B121: ??? (in /usr/lib/wsl/drivers/nvam.inf_amd64_7e083f37999613bd/libcuda.so.1.1)
==348806==    by 0x4A34A75: ??? (in /usr/local/cuda-12.8/targets/x86_64-linux/lib/libcudart.so.12.8.90)
==348806==    by 0x4A39637: ??? (in /usr/local/cuda-12.8/targets/x86_64-linux/lib/libcudart.so.12.8.90)
==348806==    by 0x4F1DDEE7: __pthread_once_slow (pthread_once.c:116)
==348806==    by 0x4A88ED8: ??? (in /usr/local/cuda-12.8/targets/x86_64-linux/lib/libcudart.so.12.8.90)
==348806==    by 0x4A356FE: ??? (in /usr/local/cuda-12.8/targets/x86_64-linux/lib/libcudart.so.12.8.90)
==348806==    by 0x4A4DB6C: cudaGetDeviceProperties_v2 (in /usr/local/cuda-12.8/targets/x86_64-linux/lib/libcudart.so.12.8.90)
==348806==    by 0x10D43D: main (in /home/cjmcv/project/flux/build/bin/my_sgemm)
==348806== 
==348806== Syscall param ioctl(generic) points to uninitialised byte(s)
==348806==    at 0x4F25E94F: ioctl (ioctl.c:36)
==348806==    by 0x4F906DC3: D3DKMTReserveGpuVirtualAddress (in /usr/lib/wsl/lib/libdxcore.so)
==348806==    by 0xCB806E1C: ??? (in /usr/lib/wsl/drivers/nvam.inf_amd64_7e083f37999613bd/libnvdxgdmal.so.1)
==348806==    by 0xC9D8A5B3: ??? (in /usr/lib/wsl/drivers/nvam.inf_amd64_7e083f37999613bd/libcuda.so.1.1)
==348806==    by 0xC9C21F77: ??? (in /usr/lib/wsl/drivers/nvam.inf_amd64_7e083f37999613bd/libcuda.so.1.1)
==348806==    by 0xC9C23043: ??? (in /usr/lib/wsl/drivers/nvam.inf_amd64_7e083f37999613bd/libcuda.so.1.1)
==348806==    by 0xC9C01F0C: ??? (in /usr/lib/wsl/drivers/nvam.inf_amd64_7e083f37999613bd/libcuda.so.1.1)
==348806==    by 0xC9C6B121: ??? (in /usr/lib/wsl/drivers/nvam.inf_amd64_7e083f37999613bd/libcuda.so.1.1)
==348806==    by 0x4A34A75: ??? (in /usr/local/cuda-12.8/targets/x86_64-linux/lib/libcudart.so.12.8.90)
==348806==    by 0x4A39637: ??? (in /usr/local/cuda-12.8/targets/x86_64-linux/lib/libcudart.so.12.8.90)
==348806==    by 0x4F1DDEE7: __pthread_once_slow (pthread_once.c:116)
==348806==    by 0x4A88ED8: ??? (in /usr/local/cuda-12.8/targets/x86_64-linux/lib/libcudart.so.12.8.90)
==348806==  Address 0x1ffeffe740 is on thread 1's stack
==348806== 
==348806== Conditional jump or move depends on uninitialised value(s)
==348806==    at 0xC9C22D3C: ??? (in /usr/lib/wsl/drivers/nvam.inf_amd64_7e083f37999613bd/libcuda.so.1.1)
==348806==    by 0xC9C2305D: ??? (in /usr/lib/wsl/drivers/nvam.inf_amd64_7e083f37999613bd/libcuda.so.1.1)
==348806==    by 0xC9C01F0C: ??? (in /usr/lib/wsl/drivers/nvam.inf_amd64_7e083f37999613bd/libcuda.so.1.1)
==348806==    by 0xC9C6B121: ??? (in /usr/lib/wsl/drivers/nvam.inf_amd64_7e083f37999613bd/libcuda.so.1.1)
==348806==    by 0x4A34A75: ??? (in /usr/local/cuda-12.8/targets/x86_64-linux/lib/libcudart.so.12.8.90)
==348806==    by 0x4A39637: ??? (in /usr/local/cuda-12.8/targets/x86_64-linux/lib/libcudart.so.12.8.90)
==348806==    by 0x4F1DDEE7: __pthread_once_slow (pthread_once.c:116)
==348806==    by 0x4A88ED8: ??? (in /usr/local/cuda-12.8/targets/x86_64-linux/lib/libcudart.so.12.8.90)
==348806==    by 0x4A356FE: ??? (in /usr/local/cuda-12.8/targets/x86_64-linux/lib/libcudart.so.12.8.90)
==348806==    by 0x4A4DB6C: cudaGetDeviceProperties_v2 (in /usr/local/cuda-12.8/targets/x86_64-linux/lib/libcudart.so.12.8.90)
==348806==    by 0x10D43D: main (in /home/cjmcv/project/flux/build/bin/my_sgemm)
==348806== 
==348806== Conditional jump or move depends on uninitialised value(s)
==348806==    at 0xC9D62A2C: ??? (in /usr/lib/wsl/drivers/nvam.inf_amd64_7e083f37999613bd/libcuda.so.1.1)
==348806==    by 0xC9C22E3D: ??? (in /usr/lib/wsl/drivers/nvam.inf_amd64_7e083f37999613bd/libcuda.so.1.1)
==348806==    by 0xC9C2305D: ??? (in /usr/lib/wsl/drivers/nvam.inf_amd64_7e083f37999613bd/libcuda.so.1.1)
==348806==    by 0xC9C01F0C: ??? (in /usr/lib/wsl/drivers/nvam.inf_amd64_7e083f37999613bd/libcuda.so.1.1)
==348806==    by 0xC9C6B121: ??? (in /usr/lib/wsl/drivers/nvam.inf_amd64_7e083f37999613bd/libcuda.so.1.1)
==348806==    by 0x4A34A75: ??? (in /usr/local/cuda-12.8/targets/x86_64-linux/lib/libcudart.so.12.8.90)
==348806==    by 0x4A39637: ??? (in /usr/local/cuda-12.8/targets/x86_64-linux/lib/libcudart.so.12.8.90)
==348806==    by 0x4F1DDEE7: __pthread_once_slow (pthread_once.c:116)
==348806==    by 0x4A88ED8: ??? (in /usr/local/cuda-12.8/targets/x86_64-linux/lib/libcudart.so.12.8.90)
==348806==    by 0x4A356FE: ??? (in /usr/local/cuda-12.8/targets/x86_64-linux/lib/libcudart.so.12.8.90)
==348806==    by 0x4A4DB6C: cudaGetDeviceProperties_v2 (in /usr/local/cuda-12.8/targets/x86_64-linux/lib/libcudart.so.12.8.90)
==348806==    by 0x10D43D: main (in /home/cjmcv/project/flux/build/bin/my_sgemm)
==348806== 
==348806== Conditional jump or move depends on uninitialised value(s)
==348806==    at 0xC9D64178: ??? (in /usr/lib/wsl/drivers/nvam.inf_amd64_7e083f37999613bd/libcuda.so.1.1)
==348806==    by 0xC9C22E7B: ??? (in /usr/lib/wsl/drivers/nvam.inf_amd64_7e083f37999613bd/libcuda.so.1.1)
==348806==    by 0xC9C2305D: ??? (in /usr/lib/wsl/drivers/nvam.inf_amd64_7e083f37999613bd/libcuda.so.1.1)
==348806==    by 0xC9C01F0C: ??? (in /usr/lib/wsl/drivers/nvam.inf_amd64_7e083f37999613bd/libcuda.so.1.1)
==348806==    by 0xC9C6B121: ??? (in /usr/lib/wsl/drivers/nvam.inf_amd64_7e083f37999613bd/libcuda.so.1.1)
==348806==    by 0x4A34A75: ??? (in /usr/local/cuda-12.8/targets/x86_64-linux/lib/libcudart.so.12.8.90)
==348806==    by 0x4A39637: ??? (in /usr/local/cuda-12.8/targets/x86_64-linux/lib/libcudart.so.12.8.90)
==348806==    by 0x4F1DDEE7: __pthread_once_slow (pthread_once.c:116)
==348806==    by 0x4A88ED8: ??? (in /usr/local/cuda-12.8/targets/x86_64-linux/lib/libcudart.so.12.8.90)
==348806==    by 0x4A356FE: ??? (in /usr/local/cuda-12.8/targets/x86_64-linux/lib/libcudart.so.12.8.90)
==348806==    by 0x4A4DB6C: cudaGetDeviceProperties_v2 (in /usr/local/cuda-12.8/targets/x86_64-linux/lib/libcudart.so.12.8.90)
==348806==    by 0x10D43D: main (in /home/cjmcv/project/flux/build/bin/my_sgemm)
==348806== 
==348806== Conditional jump or move depends on uninitialised value(s)
==348806==    at 0xC9D64181: ??? (in /usr/lib/wsl/drivers/nvam.inf_amd64_7e083f37999613bd/libcuda.so.1.1)
==348806==    by 0xC9C22E7B: ??? (in /usr/lib/wsl/drivers/nvam.inf_amd64_7e083f37999613bd/libcuda.so.1.1)
==348806==    by 0xC9C2305D: ??? (in /usr/lib/wsl/drivers/nvam.inf_amd64_7e083f37999613bd/libcuda.so.1.1)
==348806==    by 0xC9C01F0C: ??? (in /usr/lib/wsl/drivers/nvam.inf_amd64_7e083f37999613bd/libcuda.so.1.1)
==348806==    by 0xC9C6B121: ??? (in /usr/lib/wsl/drivers/nvam.inf_amd64_7e083f37999613bd/libcuda.so.1.1)
==348806==    by 0x4A34A75: ??? (in /usr/local/cuda-12.8/targets/x86_64-linux/lib/libcudart.so.12.8.90)
==348806==    by 0x4A39637: ??? (in /usr/local/cuda-12.8/targets/x86_64-linux/lib/libcudart.so.12.8.90)
==348806==    by 0x4F1DDEE7: __pthread_once_slow (pthread_once.c:116)
==348806==    by 0x4A88ED8: ??? (in /usr/local/cuda-12.8/targets/x86_64-linux/lib/libcudart.so.12.8.90)
==348806==    by 0x4A356FE: ??? (in /usr/local/cuda-12.8/targets/x86_64-linux/lib/libcudart.so.12.8.90)
==348806==    by 0x4A4DB6C: cudaGetDeviceProperties_v2 (in /usr/local/cuda-12.8/targets/x86_64-linux/lib/libcudart.so.12.8.90)
==348806==    by 0x10D43D: main (in /home/cjmcv/project/flux/build/bin/my_sgemm)
==348806== 
==348806== Conditional jump or move depends on uninitialised value(s)
==348806==    at 0xC9D62D18: ??? (in /usr/lib/wsl/drivers/nvam.inf_amd64_7e083f37999613bd/libcuda.so.1.1)
==348806==    by 0xC9D641BB: ??? (in /usr/lib/wsl/drivers/nvam.inf_amd64_7e083f37999613bd/libcuda.so.1.1)
==348806==    by 0xC9C22E7B: ??? (in /usr/lib/wsl/drivers/nvam.inf_amd64_7e083f37999613bd/libcuda.so.1.1)
==348806==    by 0xC9C2305D: ??? (in /usr/lib/wsl/drivers/nvam.inf_amd64_7e083f37999613bd/libcuda.so.1.1)
==348806==    by 0xC9C01F0C: ??? (in /usr/lib/wsl/drivers/nvam.inf_amd64_7e083f37999613bd/libcuda.so.1.1)
==348806==    by 0xC9C6B121: ??? (in /usr/lib/wsl/drivers/nvam.inf_amd64_7e083f37999613bd/libcuda.so.1.1)
==348806==    by 0x4A34A75: ??? (in /usr/local/cuda-12.8/targets/x86_64-linux/lib/libcudart.so.12.8.90)
==348806==    by 0x4A39637: ??? (in /usr/local/cuda-12.8/targets/x86_64-linux/lib/libcudart.so.12.8.90)
==348806==    by 0x4F1DDEE7: __pthread_once_slow (pthread_once.c:116)
==348806==    by 0x4A88ED8: ??? (in /usr/local/cuda-12.8/targets/x86_64-linux/lib/libcudart.so.12.8.90)
==348806==    by 0x4A356FE: ??? (in /usr/local/cuda-12.8/targets/x86_64-linux/lib/libcudart.so.12.8.90)
==348806==    by 0x4A4DB6C: cudaGetDeviceProperties_v2 (in /usr/local/cuda-12.8/targets/x86_64-linux/lib/libcudart.so.12.8.90)
==348806== 
==348806== Conditional jump or move depends on uninitialised value(s)
==348806==    at 0xC9D62DA3: ??? (in /usr/lib/wsl/drivers/nvam.inf_amd64_7e083f37999613bd/libcuda.so.1.1)
==348806==    by 0xC9D641BB: ??? (in /usr/lib/wsl/drivers/nvam.inf_amd64_7e083f37999613bd/libcuda.so.1.1)
==348806==    by 0xC9C22E7B: ??? (in /usr/lib/wsl/drivers/nvam.inf_amd64_7e083f37999613bd/libcuda.so.1.1)
==348806==    by 0xC9C2305D: ??? (in /usr/lib/wsl/drivers/nvam.inf_amd64_7e083f37999613bd/libcuda.so.1.1)
==348806==    by 0xC9C01F0C: ??? (in /usr/lib/wsl/drivers/nvam.inf_amd64_7e083f37999613bd/libcuda.so.1.1)
==348806==    by 0xC9C6B121: ??? (in /usr/lib/wsl/drivers/nvam.inf_amd64_7e083f37999613bd/libcuda.so.1.1)
==348806==    by 0x4A34A75: ??? (in /usr/local/cuda-12.8/targets/x86_64-linux/lib/libcudart.so.12.8.90)
==348806==    by 0x4A39637: ??? (in /usr/local/cuda-12.8/targets/x86_64-linux/lib/libcudart.so.12.8.90)
==348806==    by 0x4F1DDEE7: __pthread_once_slow (pthread_once.c:116)
==348806==    by 0x4A88ED8: ??? (in /usr/local/cuda-12.8/targets/x86_64-linux/lib/libcudart.so.12.8.90)
==348806==    by 0x4A356FE: ??? (in /usr/local/cuda-12.8/targets/x86_64-linux/lib/libcudart.so.12.8.90)
==348806==    by 0x4A4DB6C: cudaGetDeviceProperties_v2 (in /usr/local/cuda-12.8/targets/x86_64-linux/lib/libcudart.so.12.8.90)
==348806== 
==348806== Conditional jump or move depends on uninitialised value(s)
==348806==    at 0xC9D6079E: ??? (in /usr/lib/wsl/drivers/nvam.inf_amd64_7e083f37999613bd/libcuda.so.1.1)
==348806==    by 0xC9D62DBD: ??? (in /usr/lib/wsl/drivers/nvam.inf_amd64_7e083f37999613bd/libcuda.so.1.1)
==348806==    by 0xC9D641BB: ??? (in /usr/lib/wsl/drivers/nvam.inf_amd64_7e083f37999613bd/libcuda.so.1.1)
==348806==    by 0xC9C22E7B: ??? (in /usr/lib/wsl/drivers/nvam.inf_amd64_7e083f37999613bd/libcuda.so.1.1)
==348806==    by 0xC9C2305D: ??? (in /usr/lib/wsl/drivers/nvam.inf_amd64_7e083f37999613bd/libcuda.so.1.1)
==348806==    by 0xC9C01F0C: ??? (in /usr/lib/wsl/drivers/nvam.inf_amd64_7e083f37999613bd/libcuda.so.1.1)
==348806==    by 0xC9C6B121: ??? (in /usr/lib/wsl/drivers/nvam.inf_amd64_7e083f37999613bd/libcuda.so.1.1)
==348806==    by 0x4A34A75: ??? (in /usr/local/cuda-12.8/targets/x86_64-linux/lib/libcudart.so.12.8.90)
==348806==    by 0x4A39637: ??? (in /usr/local/cuda-12.8/targets/x86_64-linux/lib/libcudart.so.12.8.90)
==348806==    by 0x4F1DDEE7: __pthread_once_slow (pthread_once.c:116)
==348806==    by 0x4A88ED8: ??? (in /usr/local/cuda-12.8/targets/x86_64-linux/lib/libcudart.so.12.8.90)
==348806==    by 0x4A356FE: ??? (in /usr/local/cuda-12.8/targets/x86_64-linux/lib/libcudart.so.12.8.90)
==348806== 
==348806== Conditional jump or move depends on uninitialised value(s)
==348806==    at 0xC9D62E0B: ??? (in /usr/lib/wsl/drivers/nvam.inf_amd64_7e083f37999613bd/libcuda.so.1.1)
==348806==    by 0xC9D641BB: ??? (in /usr/lib/wsl/drivers/nvam.inf_amd64_7e083f37999613bd/libcuda.so.1.1)
==348806==    by 0xC9C22E7B: ??? (in /usr/lib/wsl/drivers/nvam.inf_amd64_7e083f37999613bd/libcuda.so.1.1)
==348806==    by 0xC9C2305D: ??? (in /usr/lib/wsl/drivers/nvam.inf_amd64_7e083f37999613bd/libcuda.so.1.1)
==348806==    by 0xC9C01F0C: ??? (in /usr/lib/wsl/drivers/nvam.inf_amd64_7e083f37999613bd/libcuda.so.1.1)
==348806==    by 0xC9C6B121: ??? (in /usr/lib/wsl/drivers/nvam.inf_amd64_7e083f37999613bd/libcuda.so.1.1)
==348806==    by 0x4A34A75: ??? (in /usr/local/cuda-12.8/targets/x86_64-linux/lib/libcudart.so.12.8.90)
==348806==    by 0x4A39637: ??? (in /usr/local/cuda-12.8/targets/x86_64-linux/lib/libcudart.so.12.8.90)
==348806==    by 0x4F1DDEE7: __pthread_once_slow (pthread_once.c:116)
==348806==    by 0x4A88ED8: ??? (in /usr/local/cuda-12.8/targets/x86_64-linux/lib/libcudart.so.12.8.90)
==348806==    by 0x4A356FE: ??? (in /usr/local/cuda-12.8/targets/x86_64-linux/lib/libcudart.so.12.8.90)
==348806==    by 0x4A4DB6C: cudaGetDeviceProperties_v2 (in /usr/local/cuda-12.8/targets/x86_64-linux/lib/libcudart.so.12.8.90)
==348806== 
==348806== Conditional jump or move depends on uninitialised value(s)
==348806==    at 0xC9CE3BF2: ??? (in /usr/lib/wsl/drivers/nvam.inf_amd64_7e083f37999613bd/libcuda.so.1.1)
==348806==    by 0xC9D62B49: ??? (in /usr/lib/wsl/drivers/nvam.inf_amd64_7e083f37999613bd/libcuda.so.1.1)
==348806==    by 0xC9D62E26: ??? (in /usr/lib/wsl/drivers/nvam.inf_amd64_7e083f37999613bd/libcuda.so.1.1)
==348806==    by 0xC9D641BB: ??? (in /usr/lib/wsl/drivers/nvam.inf_amd64_7e083f37999613bd/libcuda.so.1.1)
==348806==    by 0xC9C22E7B: ??? (in /usr/lib/wsl/drivers/nvam.inf_amd64_7e083f37999613bd/libcuda.so.1.1)
==348806==    by 0xC9C2305D: ??? (in /usr/lib/wsl/drivers/nvam.inf_amd64_7e083f37999613bd/libcuda.so.1.1)
==348806==    by 0xC9C01F0C: ??? (in /usr/lib/wsl/drivers/nvam.inf_amd64_7e083f37999613bd/libcuda.so.1.1)
==348806==    by 0xC9C6B121: ??? (in /usr/lib/wsl/drivers/nvam.inf_amd64_7e083f37999613bd/libcuda.so.1.1)
==348806==    by 0x4A34A75: ??? (in /usr/local/cuda-12.8/targets/x86_64-linux/lib/libcudart.so.12.8.90)
==348806==    by 0x4A39637: ??? (in /usr/local/cuda-12.8/targets/x86_64-linux/lib/libcudart.so.12.8.90)
==348806==    by 0x4F1DDEE7: __pthread_once_slow (pthread_once.c:116)
==348806==    by 0x4A88ED8: ??? (in /usr/local/cuda-12.8/targets/x86_64-linux/lib/libcudart.so.12.8.90)
==348806== 
==348806== Conditional jump or move depends on uninitialised value(s)
==348806==    at 0xC9D62B4C: ??? (in /usr/lib/wsl/drivers/nvam.inf_amd64_7e083f37999613bd/libcuda.so.1.1)
==348806==    by 0xC9D62E26: ??? (in /usr/lib/wsl/drivers/nvam.inf_amd64_7e083f37999613bd/libcuda.so.1.1)
==348806==    by 0xC9D641BB: ??? (in /usr/lib/wsl/drivers/nvam.inf_amd64_7e083f37999613bd/libcuda.so.1.1)
==348806==    by 0xC9C22E7B: ??? (in /usr/lib/wsl/drivers/nvam.inf_amd64_7e083f37999613bd/libcuda.so.1.1)
==348806==    by 0xC9C2305D: ??? (in /usr/lib/wsl/drivers/nvam.inf_amd64_7e083f37999613bd/libcuda.so.1.1)
==348806==    by 0xC9C01F0C: ??? (in /usr/lib/wsl/drivers/nvam.inf_amd64_7e083f37999613bd/libcuda.so.1.1)
==348806==    by 0xC9C6B121: ??? (in /usr/lib/wsl/drivers/nvam.inf_amd64_7e083f37999613bd/libcuda.so.1.1)
==348806==    by 0x4A34A75: ??? (in /usr/local/cuda-12.8/targets/x86_64-linux/lib/libcudart.so.12.8.90)
==348806==    by 0x4A39637: ??? (in /usr/local/cuda-12.8/targets/x86_64-linux/lib/libcudart.so.12.8.90)
==348806==    by 0x4F1DDEE7: __pthread_once_slow (pthread_once.c:116)
==348806==    by 0x4A88ED8: ??? (in /usr/local/cuda-12.8/targets/x86_64-linux/lib/libcudart.so.12.8.90)
==348806==    by 0x4A356FE: ??? (in /usr/local/cuda-12.8/targets/x86_64-linux/lib/libcudart.so.12.8.90)
==348806== 
==348806== Conditional jump or move depends on uninitialised value(s)
==348806==    at 0xC9D62B4E: ??? (in /usr/lib/wsl/drivers/nvam.inf_amd64_7e083f37999613bd/libcuda.so.1.1)
==348806==    by 0xC9D62E26: ??? (in /usr/lib/wsl/drivers/nvam.inf_amd64_7e083f37999613bd/libcuda.so.1.1)
==348806==    by 0xC9D641BB: ??? (in /usr/lib/wsl/drivers/nvam.inf_amd64_7e083f37999613bd/libcuda.so.1.1)
==348806==    by 0xC9C22E7B: ??? (in /usr/lib/wsl/drivers/nvam.inf_amd64_7e083f37999613bd/libcuda.so.1.1)
==348806==    by 0xC9C2305D: ??? (in /usr/lib/wsl/drivers/nvam.inf_amd64_7e083f37999613bd/libcuda.so.1.1)
==348806==    by 0xC9C01F0C: ??? (in /usr/lib/wsl/drivers/nvam.inf_amd64_7e083f37999613bd/libcuda.so.1.1)
==348806==    by 0xC9C6B121: ??? (in /usr/lib/wsl/drivers/nvam.inf_amd64_7e083f37999613bd/libcuda.so.1.1)
==348806==    by 0x4A34A75: ??? (in /usr/local/cuda-12.8/targets/x86_64-linux/lib/libcudart.so.12.8.90)
==348806==    by 0x4A39637: ??? (in /usr/local/cuda-12.8/targets/x86_64-linux/lib/libcudart.so.12.8.90)
==348806==    by 0x4F1DDEE7: __pthread_once_slow (pthread_once.c:116)
==348806==    by 0x4A88ED8: ??? (in /usr/local/cuda-12.8/targets/x86_64-linux/lib/libcudart.so.12.8.90)
==348806==    by 0x4A356FE: ??? (in /usr/local/cuda-12.8/targets/x86_64-linux/lib/libcudart.so.12.8.90)
==348806== 
==348806== Conditional jump or move depends on uninitialised value(s)
==348806==    at 0xC9CE3C1C: ??? (in /usr/lib/wsl/drivers/nvam.inf_amd64_7e083f37999613bd/libcuda.so.1.1)
==348806==    by 0xC9D62C09: ??? (in /usr/lib/wsl/drivers/nvam.inf_amd64_7e083f37999613bd/libcuda.so.1.1)
==348806==    by 0xC9D62E26: ??? (in /usr/lib/wsl/drivers/nvam.inf_amd64_7e083f37999613bd/libcuda.so.1.1)
==348806==    by 0xC9D641BB: ??? (in /usr/lib/wsl/drivers/nvam.inf_amd64_7e083f37999613bd/libcuda.so.1.1)
==348806==    by 0xC9C22E7B: ??? (in /usr/lib/wsl/drivers/nvam.inf_amd64_7e083f37999613bd/libcuda.so.1.1)
==348806==    by 0xC9C2305D: ??? (in /usr/lib/wsl/drivers/nvam.inf_amd64_7e083f37999613bd/libcuda.so.1.1)
==348806==    by 0xC9C01F0C: ??? (in /usr/lib/wsl/drivers/nvam.inf_amd64_7e083f37999613bd/libcuda.so.1.1)
==348806==    by 0xC9C6B121: ??? (in /usr/lib/wsl/drivers/nvam.inf_amd64_7e083f37999613bd/libcuda.so.1.1)
==348806==    by 0x4A34A75: ??? (in /usr/local/cuda-12.8/targets/x86_64-linux/lib/libcudart.so.12.8.90)
==348806==    by 0x4A39637: ??? (in /usr/local/cuda-12.8/targets/x86_64-linux/lib/libcudart.so.12.8.90)
==348806==    by 0x4F1DDEE7: __pthread_once_slow (pthread_once.c:116)
==348806==    by 0x4A88ED8: ??? (in /usr/local/cuda-12.8/targets/x86_64-linux/lib/libcudart.so.12.8.90)
==348806== 
==348806== Conditional jump or move depends on uninitialised value(s)
==348806==    at 0xC9D62C0E: ??? (in /usr/lib/wsl/drivers/nvam.inf_amd64_7e083f37999613bd/libcuda.so.1.1)
==348806==    by 0xC9D62E26: ??? (in /usr/lib/wsl/drivers/nvam.inf_amd64_7e083f37999613bd/libcuda.so.1.1)
==348806==    by 0xC9D641BB: ??? (in /usr/lib/wsl/drivers/nvam.inf_amd64_7e083f37999613bd/libcuda.so.1.1)
==348806==    by 0xC9C22E7B: ??? (in /usr/lib/wsl/drivers/nvam.inf_amd64_7e083f37999613bd/libcuda.so.1.1)
==348806==    by 0xC9C2305D: ??? (in /usr/lib/wsl/drivers/nvam.inf_amd64_7e083f37999613bd/libcuda.so.1.1)
==348806==    by 0xC9C01F0C: ??? (in /usr/lib/wsl/drivers/nvam.inf_amd64_7e083f37999613bd/libcuda.so.1.1)
==348806==    by 0xC9C6B121: ??? (in /usr/lib/wsl/drivers/nvam.inf_amd64_7e083f37999613bd/libcuda.so.1.1)
==348806==    by 0x4A34A75: ??? (in /usr/local/cuda-12.8/targets/x86_64-linux/lib/libcudart.so.12.8.90)
==348806==    by 0x4A39637: ??? (in /usr/local/cuda-12.8/targets/x86_64-linux/lib/libcudart.so.12.8.90)
==348806==    by 0x4F1DDEE7: __pthread_once_slow (pthread_once.c:116)
==348806==    by 0x4A88ED8: ??? (in /usr/local/cuda-12.8/targets/x86_64-linux/lib/libcudart.so.12.8.90)
==348806==    by 0x4A356FE: ??? (in /usr/local/cuda-12.8/targets/x86_64-linux/lib/libcudart.so.12.8.90)
==348806== 
==348806== Conditional jump or move depends on uninitialised value(s)
==348806==    at 0xC9CE3C1C: ??? (in /usr/lib/wsl/drivers/nvam.inf_amd64_7e083f37999613bd/libcuda.so.1.1)
==348806==    by 0xC9D62C89: ??? (in /usr/lib/wsl/drivers/nvam.inf_amd64_7e083f37999613bd/libcuda.so.1.1)
==348806==    by 0xC9D62E26: ??? (in /usr/lib/wsl/drivers/nvam.inf_amd64_7e083f37999613bd/libcuda.so.1.1)
==348806==    by 0xC9D641BB: ??? (in /usr/lib/wsl/drivers/nvam.inf_amd64_7e083f37999613bd/libcuda.so.1.1)
==348806==    by 0xC9C22E7B: ??? (in /usr/lib/wsl/drivers/nvam.inf_amd64_7e083f37999613bd/libcuda.so.1.1)
==348806==    by 0xC9C2305D: ??? (in /usr/lib/wsl/drivers/nvam.inf_amd64_7e083f37999613bd/libcuda.so.1.1)
==348806==    by 0xC9C01F0C: ??? (in /usr/lib/wsl/drivers/nvam.inf_amd64_7e083f37999613bd/libcuda.so.1.1)
==348806==    by 0xC9C6B121: ??? (in /usr/lib/wsl/drivers/nvam.inf_amd64_7e083f37999613bd/libcuda.so.1.1)
==348806==    by 0x4A34A75: ??? (in /usr/local/cuda-12.8/targets/x86_64-linux/lib/libcudart.so.12.8.90)
==348806==    by 0x4A39637: ??? (in /usr/local/cuda-12.8/targets/x86_64-linux/lib/libcudart.so.12.8.90)
==348806==    by 0x4F1DDEE7: __pthread_once_slow (pthread_once.c:116)
==348806==    by 0x4A88ED8: ??? (in /usr/local/cuda-12.8/targets/x86_64-linux/lib/libcudart.so.12.8.90)
==348806== 
==348806== Conditional jump or move depends on uninitialised value(s)
==348806==    at 0xC9D62C92: ??? (in /usr/lib/wsl/drivers/nvam.inf_amd64_7e083f37999613bd/libcuda.so.1.1)
==348806==    by 0xC9D62E26: ??? (in /usr/lib/wsl/drivers/nvam.inf_amd64_7e083f37999613bd/libcuda.so.1.1)
==348806==    by 0xC9D641BB: ??? (in /usr/lib/wsl/drivers/nvam.inf_amd64_7e083f37999613bd/libcuda.so.1.1)
==348806==    by 0xC9C22E7B: ??? (in /usr/lib/wsl/drivers/nvam.inf_amd64_7e083f37999613bd/libcuda.so.1.1)
==348806==    by 0xC9C2305D: ??? (in /usr/lib/wsl/drivers/nvam.inf_amd64_7e083f37999613bd/libcuda.so.1.1)
==348806==    by 0xC9C01F0C: ??? (in /usr/lib/wsl/drivers/nvam.inf_amd64_7e083f37999613bd/libcuda.so.1.1)
==348806==    by 0xC9C6B121: ??? (in /usr/lib/wsl/drivers/nvam.inf_amd64_7e083f37999613bd/libcuda.so.1.1)
==348806==    by 0x4A34A75: ??? (in /usr/local/cuda-12.8/targets/x86_64-linux/lib/libcudart.so.12.8.90)
==348806==    by 0x4A39637: ??? (in /usr/local/cuda-12.8/targets/x86_64-linux/lib/libcudart.so.12.8.90)
==348806==    by 0x4F1DDEE7: __pthread_once_slow (pthread_once.c:116)
==348806==    by 0x4A88ED8: ??? (in /usr/local/cuda-12.8/targets/x86_64-linux/lib/libcudart.so.12.8.90)
==348806==    by 0x4A356FE: ??? (in /usr/local/cuda-12.8/targets/x86_64-linux/lib/libcudart.so.12.8.90)
==348806== 
==348806== Conditional jump or move depends on uninitialised value(s)
==348806==    at 0xC9C23083: ??? (in /usr/lib/wsl/drivers/nvam.inf_amd64_7e083f37999613bd/libcuda.so.1.1)
==348806==    by 0xC9C01F0C: ??? (in /usr/lib/wsl/drivers/nvam.inf_amd64_7e083f37999613bd/libcuda.so.1.1)
==348806==    by 0xC9C6B121: ??? (in /usr/lib/wsl/drivers/nvam.inf_amd64_7e083f37999613bd/libcuda.so.1.1)
==348806==    by 0x4A34A75: ??? (in /usr/local/cuda-12.8/targets/x86_64-linux/lib/libcudart.so.12.8.90)
==348806==    by 0x4A39637: ??? (in /usr/local/cuda-12.8/targets/x86_64-linux/lib/libcudart.so.12.8.90)
==348806==    by 0x4F1DDEE7: __pthread_once_slow (pthread_once.c:116)
==348806==    by 0x4A88ED8: ??? (in /usr/local/cuda-12.8/targets/x86_64-linux/lib/libcudart.so.12.8.90)
==348806==    by 0x4A356FE: ??? (in /usr/local/cuda-12.8/targets/x86_64-linux/lib/libcudart.so.12.8.90)
==348806==    by 0x4A4DB6C: cudaGetDeviceProperties_v2 (in /usr/local/cuda-12.8/targets/x86_64-linux/lib/libcudart.so.12.8.90)
==348806==    by 0x10D43D: main (in /home/cjmcv/project/flux/build/bin/my_sgemm)
==348806== 
==348806== Conditional jump or move depends on uninitialised value(s)
==348806==    at 0xC9C230A0: ??? (in /usr/lib/wsl/drivers/nvam.inf_amd64_7e083f37999613bd/libcuda.so.1.1)
==348806==    by 0xC9C01F0C: ??? (in /usr/lib/wsl/drivers/nvam.inf_amd64_7e083f37999613bd/libcuda.so.1.1)
==348806==    by 0xC9C6B121: ??? (in /usr/lib/wsl/drivers/nvam.inf_amd64_7e083f37999613bd/libcuda.so.1.1)
==348806==    by 0x4A34A75: ??? (in /usr/local/cuda-12.8/targets/x86_64-linux/lib/libcudart.so.12.8.90)
==348806==    by 0x4A39637: ??? (in /usr/local/cuda-12.8/targets/x86_64-linux/lib/libcudart.so.12.8.90)
==348806==    by 0x4F1DDEE7: __pthread_once_slow (pthread_once.c:116)
==348806==    by 0x4A88ED8: ??? (in /usr/local/cuda-12.8/targets/x86_64-linux/lib/libcudart.so.12.8.90)
==348806==    by 0x4A356FE: ??? (in /usr/local/cuda-12.8/targets/x86_64-linux/lib/libcudart.so.12.8.90)
==348806==    by 0x4A4DB6C: cudaGetDeviceProperties_v2 (in /usr/local/cuda-12.8/targets/x86_64-linux/lib/libcudart.so.12.8.90)
==348806==    by 0x10D43D: main (in /home/cjmcv/project/flux/build/bin/my_sgemm)
==348806== 
==348806== Conditional jump or move depends on uninitialised value(s)
==348806==    at 0xC9C69E3B: ??? (in /usr/lib/wsl/drivers/nvam.inf_amd64_7e083f37999613bd/libcuda.so.1.1)
==348806==    by 0x4A36DFB: ??? (in /usr/local/cuda-12.8/targets/x86_64-linux/lib/libcudart.so.12.8.90)
==348806==    by 0x4A37C62: ??? (in /usr/local/cuda-12.8/targets/x86_64-linux/lib/libcudart.so.12.8.90)
==348806==    by 0x4A39647: ??? (in /usr/local/cuda-12.8/targets/x86_64-linux/lib/libcudart.so.12.8.90)
==348806==    by 0x4F1DDEE7: __pthread_once_slow (pthread_once.c:116)
==348806==    by 0x4A88ED8: ??? (in /usr/local/cuda-12.8/targets/x86_64-linux/lib/libcudart.so.12.8.90)
==348806==    by 0x4A356FE: ??? (in /usr/local/cuda-12.8/targets/x86_64-linux/lib/libcudart.so.12.8.90)
==348806==    by 0x4A4DB6C: cudaGetDeviceProperties_v2 (in /usr/local/cuda-12.8/targets/x86_64-linux/lib/libcudart.so.12.8.90)
==348806==    by 0x10D43D: main (in /home/cjmcv/project/flux/build/bin/my_sgemm)
==348806== 
==348806== Conditional jump or move depends on uninitialised value(s)
==348806==    at 0xC9BB36A1: ??? (in /usr/lib/wsl/drivers/nvam.inf_amd64_7e083f37999613bd/libcuda.so.1.1)
==348806==    by 0xC9C6998B: ??? (in /usr/lib/wsl/drivers/nvam.inf_amd64_7e083f37999613bd/libcuda.so.1.1)
==348806==    by 0x4A373EA: ??? (in /usr/local/cuda-12.8/targets/x86_64-linux/lib/libcudart.so.12.8.90)
==348806==    by 0x4A37C62: ??? (in /usr/local/cuda-12.8/targets/x86_64-linux/lib/libcudart.so.12.8.90)
==348806==    by 0x4A39647: ??? (in /usr/local/cuda-12.8/targets/x86_64-linux/lib/libcudart.so.12.8.90)
==348806==    by 0x4F1DDEE7: __pthread_once_slow (pthread_once.c:116)
==348806==    by 0x4A88ED8: ??? (in /usr/local/cuda-12.8/targets/x86_64-linux/lib/libcudart.so.12.8.90)
==348806==    by 0x4A356FE: ??? (in /usr/local/cuda-12.8/targets/x86_64-linux/lib/libcudart.so.12.8.90)
==348806==    by 0x4A4DB6C: cudaGetDeviceProperties_v2 (in /usr/local/cuda-12.8/targets/x86_64-linux/lib/libcudart.so.12.8.90)
==348806==    by 0x10D43D: main (in /home/cjmcv/project/flux/build/bin/my_sgemm)
==348806== 
==348806== Conditional jump or move depends on uninitialised value(s)
==348806==    at 0xC9BB3A4C: ??? (in /usr/lib/wsl/drivers/nvam.inf_amd64_7e083f37999613bd/libcuda.so.1.1)
==348806==    by 0xC9C6998B: ??? (in /usr/lib/wsl/drivers/nvam.inf_amd64_7e083f37999613bd/libcuda.so.1.1)
==348806==    by 0x4A37677: ??? (in /usr/local/cuda-12.8/targets/x86_64-linux/lib/libcudart.so.12.8.90)
==348806==    by 0x4A37C62: ??? (in /usr/local/cuda-12.8/targets/x86_64-linux/lib/libcudart.so.12.8.90)
==348806==    by 0x4A39647: ??? (in /usr/local/cuda-12.8/targets/x86_64-linux/lib/libcudart.so.12.8.90)
==348806==    by 0x4F1DDEE7: __pthread_once_slow (pthread_once.c:116)
==348806==    by 0x4A88ED8: ??? (in /usr/local/cuda-12.8/targets/x86_64-linux/lib/libcudart.so.12.8.90)
==348806==    by 0x4A356FE: ??? (in /usr/local/cuda-12.8/targets/x86_64-linux/lib/libcudart.so.12.8.90)
==348806==    by 0x4A4DB6C: cudaGetDeviceProperties_v2 (in /usr/local/cuda-12.8/targets/x86_64-linux/lib/libcudart.so.12.8.90)
==348806==    by 0x10D43D: main (in /home/cjmcv/project/flux/build/bin/my_sgemm)
==348806== 
==348806== Conditional jump or move depends on uninitialised value(s)
==348806==    at 0xC9C7BB9A: ??? (in /usr/lib/wsl/drivers/nvam.inf_amd64_7e083f37999613bd/libcuda.so.1.1)
==348806==    by 0xC9BB3E31: ??? (in /usr/lib/wsl/drivers/nvam.inf_amd64_7e083f37999613bd/libcuda.so.1.1)
==348806==    by 0xC9C6998B: ??? (in /usr/lib/wsl/drivers/nvam.inf_amd64_7e083f37999613bd/libcuda.so.1.1)
==348806==    by 0x4A377C3: ??? (in /usr/local/cuda-12.8/targets/x86_64-linux/lib/libcudart.so.12.8.90)
==348806==    by 0x4A37C62: ??? (in /usr/local/cuda-12.8/targets/x86_64-linux/lib/libcudart.so.12.8.90)
==348806==    by 0x4A39647: ??? (in /usr/local/cuda-12.8/targets/x86_64-linux/lib/libcudart.so.12.8.90)
==348806==    by 0x4F1DDEE7: __pthread_once_slow (pthread_once.c:116)
==348806==    by 0x4A88ED8: ??? (in /usr/local/cuda-12.8/targets/x86_64-linux/lib/libcudart.so.12.8.90)
==348806==    by 0x4A356FE: ??? (in /usr/local/cuda-12.8/targets/x86_64-linux/lib/libcudart.so.12.8.90)
==348806==    by 0x4A4DB6C: cudaGetDeviceProperties_v2 (in /usr/local/cuda-12.8/targets/x86_64-linux/lib/libcudart.so.12.8.90)
==348806==    by 0x10D43D: main (in /home/cjmcv/project/flux/build/bin/my_sgemm)
==348806== 
==348806== Conditional jump or move depends on uninitialised value(s)
==348806==    at 0xC9BB402A: ??? (in /usr/lib/wsl/drivers/nvam.inf_amd64_7e083f37999613bd/libcuda.so.1.1)
==348806==    by 0xC9C6998B: ??? (in /usr/lib/wsl/drivers/nvam.inf_amd64_7e083f37999613bd/libcuda.so.1.1)
==348806==    by 0x4A377C3: ??? (in /usr/local/cuda-12.8/targets/x86_64-linux/lib/libcudart.so.12.8.90)
==348806==    by 0x4A37C62: ??? (in /usr/local/cuda-12.8/targets/x86_64-linux/lib/libcudart.so.12.8.90)
==348806==    by 0x4A39647: ??? (in /usr/local/cuda-12.8/targets/x86_64-linux/lib/libcudart.so.12.8.90)
==348806==    by 0x4F1DDEE7: __pthread_once_slow (pthread_once.c:116)
==348806==    by 0x4A88ED8: ??? (in /usr/local/cuda-12.8/targets/x86_64-linux/lib/libcudart.so.12.8.90)
==348806==    by 0x4A356FE: ??? (in /usr/local/cuda-12.8/targets/x86_64-linux/lib/libcudart.so.12.8.90)
==348806==    by 0x4A4DB6C: cudaGetDeviceProperties_v2 (in /usr/local/cuda-12.8/targets/x86_64-linux/lib/libcudart.so.12.8.90)
==348806==    by 0x10D43D: main (in /home/cjmcv/project/flux/build/bin/my_sgemm)
==348806== 
==348806== Conditional jump or move depends on uninitialised value(s)
==348806==    at 0xC9BB30D0: ??? (in /usr/lib/wsl/drivers/nvam.inf_amd64_7e083f37999613bd/libcuda.so.1.1)
==348806==    by 0xC9BB3DBB: ??? (in /usr/lib/wsl/drivers/nvam.inf_amd64_7e083f37999613bd/libcuda.so.1.1)
==348806==    by 0xC9C6998B: ??? (in /usr/lib/wsl/drivers/nvam.inf_amd64_7e083f37999613bd/libcuda.so.1.1)
==348806==    by 0x4A377F9: ??? (in /usr/local/cuda-12.8/targets/x86_64-linux/lib/libcudart.so.12.8.90)
==348806==    by 0x4A37C62: ??? (in /usr/local/cuda-12.8/targets/x86_64-linux/lib/libcudart.so.12.8.90)
==348806==    by 0x4A39647: ??? (in /usr/local/cuda-12.8/targets/x86_64-linux/lib/libcudart.so.12.8.90)
==348806==    by 0x4F1DDEE7: __pthread_once_slow (pthread_once.c:116)
==348806==    by 0x4A88ED8: ??? (in /usr/local/cuda-12.8/targets/x86_64-linux/lib/libcudart.so.12.8.90)
==348806==    by 0x4A356FE: ??? (in /usr/local/cuda-12.8/targets/x86_64-linux/lib/libcudart.so.12.8.90)
==348806==    by 0x4A4DB6C: cudaGetDeviceProperties_v2 (in /usr/local/cuda-12.8/targets/x86_64-linux/lib/libcudart.so.12.8.90)
==348806==    by 0x10D43D: main (in /home/cjmcv/project/flux/build/bin/my_sgemm)
==348806== 
==348806== Conditional jump or move depends on uninitialised value(s)
==348806==    at 0xC9BB3116: ??? (in /usr/lib/wsl/drivers/nvam.inf_amd64_7e083f37999613bd/libcuda.so.1.1)
==348806==    by 0xC9BB3DBB: ??? (in /usr/lib/wsl/drivers/nvam.inf_amd64_7e083f37999613bd/libcuda.so.1.1)
==348806==    by 0xC9C6998B: ??? (in /usr/lib/wsl/drivers/nvam.inf_amd64_7e083f37999613bd/libcuda.so.1.1)
==348806==    by 0x4A377F9: ??? (in /usr/local/cuda-12.8/targets/x86_64-linux/lib/libcudart.so.12.8.90)
==348806==    by 0x4A37C62: ??? (in /usr/local/cuda-12.8/targets/x86_64-linux/lib/libcudart.so.12.8.90)
==348806==    by 0x4A39647: ??? (in /usr/local/cuda-12.8/targets/x86_64-linux/lib/libcudart.so.12.8.90)
==348806==    by 0x4F1DDEE7: __pthread_once_slow (pthread_once.c:116)
==348806==    by 0x4A88ED8: ??? (in /usr/local/cuda-12.8/targets/x86_64-linux/lib/libcudart.so.12.8.90)
==348806==    by 0x4A356FE: ??? (in /usr/local/cuda-12.8/targets/x86_64-linux/lib/libcudart.so.12.8.90)
==348806==    by 0x4A4DB6C: cudaGetDeviceProperties_v2 (in /usr/local/cuda-12.8/targets/x86_64-linux/lib/libcudart.so.12.8.90)
==348806==    by 0x10D43D: main (in /home/cjmcv/project/flux/build/bin/my_sgemm)
==348806== 
==348806== Conditional jump or move depends on uninitialised value(s)
==348806==    at 0xC9BB30D0: ??? (in /usr/lib/wsl/drivers/nvam.inf_amd64_7e083f37999613bd/libcuda.so.1.1)
==348806==    by 0xC9BB3D99: ??? (in /usr/lib/wsl/drivers/nvam.inf_amd64_7e083f37999613bd/libcuda.so.1.1)
==348806==    by 0xC9C6998B: ??? (in /usr/lib/wsl/drivers/nvam.inf_amd64_7e083f37999613bd/libcuda.so.1.1)
==348806==    by 0x4A37814: ??? (in /usr/local/cuda-12.8/targets/x86_64-linux/lib/libcudart.so.12.8.90)
==348806==    by 0x4A37C62: ??? (in /usr/local/cuda-12.8/targets/x86_64-linux/lib/libcudart.so.12.8.90)
==348806==    by 0x4A39647: ??? (in /usr/local/cuda-12.8/targets/x86_64-linux/lib/libcudart.so.12.8.90)
==348806==    by 0x4F1DDEE7: __pthread_once_slow (pthread_once.c:116)
==348806==    by 0x4A88ED8: ??? (in /usr/local/cuda-12.8/targets/x86_64-linux/lib/libcudart.so.12.8.90)
==348806==    by 0x4A356FE: ??? (in /usr/local/cuda-12.8/targets/x86_64-linux/lib/libcudart.so.12.8.90)
==348806==    by 0x4A4DB6C: cudaGetDeviceProperties_v2 (in /usr/local/cuda-12.8/targets/x86_64-linux/lib/libcudart.so.12.8.90)
==348806==    by 0x10D43D: main (in /home/cjmcv/project/flux/build/bin/my_sgemm)
==348806== 
==348806== Conditional jump or move depends on uninitialised value(s)
==348806==    at 0xC9BB3116: ??? (in /usr/lib/wsl/drivers/nvam.inf_amd64_7e083f37999613bd/libcuda.so.1.1)
==348806==    by 0xC9BB3D99: ??? (in /usr/lib/wsl/drivers/nvam.inf_amd64_7e083f37999613bd/libcuda.so.1.1)
==348806==    by 0xC9C6998B: ??? (in /usr/lib/wsl/drivers/nvam.inf_amd64_7e083f37999613bd/libcuda.so.1.1)
==348806==    by 0x4A37814: ??? (in /usr/local/cuda-12.8/targets/x86_64-linux/lib/libcudart.so.12.8.90)
==348806==    by 0x4A37C62: ??? (in /usr/local/cuda-12.8/targets/x86_64-linux/lib/libcudart.so.12.8.90)
==348806==    by 0x4A39647: ??? (in /usr/local/cuda-12.8/targets/x86_64-linux/lib/libcudart.so.12.8.90)
==348806==    by 0x4F1DDEE7: __pthread_once_slow (pthread_once.c:116)
==348806==    by 0x4A88ED8: ??? (in /usr/local/cuda-12.8/targets/x86_64-linux/lib/libcudart.so.12.8.90)
==348806==    by 0x4A356FE: ??? (in /usr/local/cuda-12.8/targets/x86_64-linux/lib/libcudart.so.12.8.90)
==348806==    by 0x4A4DB6C: cudaGetDeviceProperties_v2 (in /usr/local/cuda-12.8/targets/x86_64-linux/lib/libcudart.so.12.8.90)
==348806==    by 0x10D43D: main (in /home/cjmcv/project/flux/build/bin/my_sgemm)
==348806== 
==348806== Conditional jump or move depends on uninitialised value(s)
==348806==    at 0xC9BB39D0: ??? (in /usr/lib/wsl/drivers/nvam.inf_amd64_7e083f37999613bd/libcuda.so.1.1)
==348806==    by 0xC9C6998B: ??? (in /usr/lib/wsl/drivers/nvam.inf_amd64_7e083f37999613bd/libcuda.so.1.1)
==348806==    by 0x4A37960: ??? (in /usr/local/cuda-12.8/targets/x86_64-linux/lib/libcudart.so.12.8.90)
==348806==    by 0x4A37C62: ??? (in /usr/local/cuda-12.8/targets/x86_64-linux/lib/libcudart.so.12.8.90)
==348806==    by 0x4A39647: ??? (in /usr/local/cuda-12.8/targets/x86_64-linux/lib/libcudart.so.12.8.90)
==348806==    by 0x4F1DDEE7: __pthread_once_slow (pthread_once.c:116)
==348806==    by 0x4A88ED8: ??? (in /usr/local/cuda-12.8/targets/x86_64-linux/lib/libcudart.so.12.8.90)
==348806==    by 0x4A356FE: ??? (in /usr/local/cuda-12.8/targets/x86_64-linux/lib/libcudart.so.12.8.90)
==348806==    by 0x4A4DB6C: cudaGetDeviceProperties_v2 (in /usr/local/cuda-12.8/targets/x86_64-linux/lib/libcudart.so.12.8.90)
==348806==    by 0x10D43D: main (in /home/cjmcv/project/flux/build/bin/my_sgemm)
==348806== 
==348806== Use of uninitialised value of size 8
==348806==    at 0xC9CDC5D0: ??? (in /usr/lib/wsl/drivers/nvam.inf_amd64_7e083f37999613bd/libcuda.so.1.1)
==348806==    by 0xC9D1CF8F: ??? (in /usr/lib/wsl/drivers/nvam.inf_amd64_7e083f37999613bd/libcuda.so.1.1)
==348806==    by 0x4A396CB: ??? (in /usr/local/cuda-12.8/targets/x86_64-linux/lib/libcudart.so.12.8.90)
==348806==    by 0x4F1DDEE7: __pthread_once_slow (pthread_once.c:116)
==348806==    by 0x4A88ED8: ??? (in /usr/local/cuda-12.8/targets/x86_64-linux/lib/libcudart.so.12.8.90)
==348806==    by 0x4A356FE: ??? (in /usr/local/cuda-12.8/targets/x86_64-linux/lib/libcudart.so.12.8.90)
==348806==    by 0x4A4DB6C: cudaGetDeviceProperties_v2 (in /usr/local/cuda-12.8/targets/x86_64-linux/lib/libcudart.so.12.8.90)
==348806==    by 0x10D43D: main (in /home/cjmcv/project/flux/build/bin/my_sgemm)
==348806== 
==348806== Use of uninitialised value of size 8
==348806==    at 0xC9CDC613: ??? (in /usr/lib/wsl/drivers/nvam.inf_amd64_7e083f37999613bd/libcuda.so.1.1)
==348806==    by 0xC9D1CF8F: ??? (in /usr/lib/wsl/drivers/nvam.inf_amd64_7e083f37999613bd/libcuda.so.1.1)
==348806==    by 0x4A396CB: ??? (in /usr/local/cuda-12.8/targets/x86_64-linux/lib/libcudart.so.12.8.90)
==348806==    by 0x4F1DDEE7: __pthread_once_slow (pthread_once.c:116)
==348806==    by 0x4A88ED8: ??? (in /usr/local/cuda-12.8/targets/x86_64-linux/lib/libcudart.so.12.8.90)
==348806==    by 0x4A356FE: ??? (in /usr/local/cuda-12.8/targets/x86_64-linux/lib/libcudart.so.12.8.90)
==348806==    by 0x4A4DB6C: cudaGetDeviceProperties_v2 (in /usr/local/cuda-12.8/targets/x86_64-linux/lib/libcudart.so.12.8.90)
==348806==    by 0x10D43D: main (in /home/cjmcv/project/flux/build/bin/my_sgemm)
==348806== 
==348806== Use of uninitialised value of size 8
==348806==    at 0xC9CDC635: ??? (in /usr/lib/wsl/drivers/nvam.inf_amd64_7e083f37999613bd/libcuda.so.1.1)
==348806==    by 0xC9D1CF8F: ??? (in /usr/lib/wsl/drivers/nvam.inf_amd64_7e083f37999613bd/libcuda.so.1.1)
==348806==    by 0x4A396CB: ??? (in /usr/local/cuda-12.8/targets/x86_64-linux/lib/libcudart.so.12.8.90)
==348806==    by 0x4F1DDEE7: __pthread_once_slow (pthread_once.c:116)
==348806==    by 0x4A88ED8: ??? (in /usr/local/cuda-12.8/targets/x86_64-linux/lib/libcudart.so.12.8.90)
==348806==    by 0x4A356FE: ??? (in /usr/local/cuda-12.8/targets/x86_64-linux/lib/libcudart.so.12.8.90)
==348806==    by 0x4A4DB6C: cudaGetDeviceProperties_v2 (in /usr/local/cuda-12.8/targets/x86_64-linux/lib/libcudart.so.12.8.90)
==348806==    by 0x10D43D: main (in /home/cjmcv/project/flux/build/bin/my_sgemm)
==348806== 
==348806== Use of uninitialised value of size 8
==348806==    at 0xC9CDC6D3: ??? (in /usr/lib/wsl/drivers/nvam.inf_amd64_7e083f37999613bd/libcuda.so.1.1)
==348806==    by 0xC9D1CFAE: ??? (in /usr/lib/wsl/drivers/nvam.inf_amd64_7e083f37999613bd/libcuda.so.1.1)
==348806==    by 0x4A396CB: ??? (in /usr/local/cuda-12.8/targets/x86_64-linux/lib/libcudart.so.12.8.90)
==348806==    by 0x4F1DDEE7: __pthread_once_slow (pthread_once.c:116)
==348806==    by 0x4A88ED8: ??? (in /usr/local/cuda-12.8/targets/x86_64-linux/lib/libcudart.so.12.8.90)
==348806==    by 0x4A356FE: ??? (in /usr/local/cuda-12.8/targets/x86_64-linux/lib/libcudart.so.12.8.90)
==348806==    by 0x4A4DB6C: cudaGetDeviceProperties_v2 (in /usr/local/cuda-12.8/targets/x86_64-linux/lib/libcudart.so.12.8.90)
==348806==    by 0x10D43D: main (in /home/cjmcv/project/flux/build/bin/my_sgemm)
==348806== 
==348806== Use of uninitialised value of size 8
==348806==    at 0x4A2367C: ??? (in /usr/local/cuda-12.8/targets/x86_64-linux/lib/libcudart.so.12.8.90)
==348806==    by 0x4A39A24: ??? (in /usr/local/cuda-12.8/targets/x86_64-linux/lib/libcudart.so.12.8.90)
==348806==    by 0x4F1DDEE7: __pthread_once_slow (pthread_once.c:116)
==348806==    by 0x4A88ED8: ??? (in /usr/local/cuda-12.8/targets/x86_64-linux/lib/libcudart.so.12.8.90)
==348806==    by 0x4A356FE: ??? (in /usr/local/cuda-12.8/targets/x86_64-linux/lib/libcudart.so.12.8.90)
==348806==    by 0x4A4DB6C: cudaGetDeviceProperties_v2 (in /usr/local/cuda-12.8/targets/x86_64-linux/lib/libcudart.so.12.8.90)
==348806==    by 0x10D43D: main (in /home/cjmcv/project/flux/build/bin/my_sgemm)
==348806== 
==348806== Use of uninitialised value of size 8
==348806==    at 0x4A2367C: ??? (in /usr/local/cuda-12.8/targets/x86_64-linux/lib/libcudart.so.12.8.90)
==348806==    by 0x4A39A33: ??? (in /usr/local/cuda-12.8/targets/x86_64-linux/lib/libcudart.so.12.8.90)
==348806==    by 0x4F1DDEE7: __pthread_once_slow (pthread_once.c:116)
==348806==    by 0x4A88ED8: ??? (in /usr/local/cuda-12.8/targets/x86_64-linux/lib/libcudart.so.12.8.90)
==348806==    by 0x4A356FE: ??? (in /usr/local/cuda-12.8/targets/x86_64-linux/lib/libcudart.so.12.8.90)
==348806==    by 0x4A4DB6C: cudaGetDeviceProperties_v2 (in /usr/local/cuda-12.8/targets/x86_64-linux/lib/libcudart.so.12.8.90)
==348806==    by 0x10D43D: main (in /home/cjmcv/project/flux/build/bin/my_sgemm)
==348806== 
==348806== Use of uninitialised value of size 8
==348806==    at 0x4A2367C: ??? (in /usr/local/cuda-12.8/targets/x86_64-linux/lib/libcudart.so.12.8.90)
==348806==    by 0x4A39A3C: ??? (in /usr/local/cuda-12.8/targets/x86_64-linux/lib/libcudart.so.12.8.90)
==348806==    by 0x4F1DDEE7: __pthread_once_slow (pthread_once.c:116)
==348806==    by 0x4A88ED8: ??? (in /usr/local/cuda-12.8/targets/x86_64-linux/lib/libcudart.so.12.8.90)
==348806==    by 0x4A356FE: ??? (in /usr/local/cuda-12.8/targets/x86_64-linux/lib/libcudart.so.12.8.90)
==348806==    by 0x4A4DB6C: cudaGetDeviceProperties_v2 (in /usr/local/cuda-12.8/targets/x86_64-linux/lib/libcudart.so.12.8.90)
==348806==    by 0x10D43D: main (in /home/cjmcv/project/flux/build/bin/my_sgemm)
==348806== 
==348806== Use of uninitialised value of size 8
==348806==    at 0x4A2367C: ??? (in /usr/local/cuda-12.8/targets/x86_64-linux/lib/libcudart.so.12.8.90)
==348806==    by 0x4A39A45: ??? (in /usr/local/cuda-12.8/targets/x86_64-linux/lib/libcudart.so.12.8.90)
==348806==    by 0x4F1DDEE7: __pthread_once_slow (pthread_once.c:116)
==348806==    by 0x4A88ED8: ??? (in /usr/local/cuda-12.8/targets/x86_64-linux/lib/libcudart.so.12.8.90)
==348806==    by 0x4A356FE: ??? (in /usr/local/cuda-12.8/targets/x86_64-linux/lib/libcudart.so.12.8.90)
==348806==    by 0x4A4DB6C: cudaGetDeviceProperties_v2 (in /usr/local/cuda-12.8/targets/x86_64-linux/lib/libcudart.so.12.8.90)
==348806==    by 0x10D43D: main (in /home/cjmcv/project/flux/build/bin/my_sgemm)
==348806== 
==348806== Use of uninitialised value of size 8
==348806==    at 0x4A2367C: ??? (in /usr/local/cuda-12.8/targets/x86_64-linux/lib/libcudart.so.12.8.90)
==348806==    by 0x4A39A4E: ??? (in /usr/local/cuda-12.8/targets/x86_64-linux/lib/libcudart.so.12.8.90)
==348806==    by 0x4F1DDEE7: __pthread_once_slow (pthread_once.c:116)
==348806==    by 0x4A88ED8: ??? (in /usr/local/cuda-12.8/targets/x86_64-linux/lib/libcudart.so.12.8.90)
==348806==    by 0x4A356FE: ??? (in /usr/local/cuda-12.8/targets/x86_64-linux/lib/libcudart.so.12.8.90)
==348806==    by 0x4A4DB6C: cudaGetDeviceProperties_v2 (in /usr/local/cuda-12.8/targets/x86_64-linux/lib/libcudart.so.12.8.90)
==348806==    by 0x10D43D: main (in /home/cjmcv/project/flux/build/bin/my_sgemm)
==348806== 
==348806== Use of uninitialised value of size 8
==348806==    at 0x4A2367C: ??? (in /usr/local/cuda-12.8/targets/x86_64-linux/lib/libcudart.so.12.8.90)
==348806==    by 0x4A39A57: ??? (in /usr/local/cuda-12.8/targets/x86_64-linux/lib/libcudart.so.12.8.90)
==348806==    by 0x4F1DDEE7: __pthread_once_slow (pthread_once.c:116)
==348806==    by 0x4A88ED8: ??? (in /usr/local/cuda-12.8/targets/x86_64-linux/lib/libcudart.so.12.8.90)
==348806==    by 0x4A356FE: ??? (in /usr/local/cuda-12.8/targets/x86_64-linux/lib/libcudart.so.12.8.90)
==348806==    by 0x4A4DB6C: cudaGetDeviceProperties_v2 (in /usr/local/cuda-12.8/targets/x86_64-linux/lib/libcudart.so.12.8.90)
==348806==    by 0x10D43D: main (in /home/cjmcv/project/flux/build/bin/my_sgemm)
==348806== 
==348806== Use of uninitialised value of size 8
==348806==    at 0x4A2367C: ??? (in /usr/local/cuda-12.8/targets/x86_64-linux/lib/libcudart.so.12.8.90)
==348806==    by 0x4A39A60: ??? (in /usr/local/cuda-12.8/targets/x86_64-linux/lib/libcudart.so.12.8.90)
==348806==    by 0x4F1DDEE7: __pthread_once_slow (pthread_once.c:116)
==348806==    by 0x4A88ED8: ??? (in /usr/local/cuda-12.8/targets/x86_64-linux/lib/libcudart.so.12.8.90)
==348806==    by 0x4A356FE: ??? (in /usr/local/cuda-12.8/targets/x86_64-linux/lib/libcudart.so.12.8.90)
==348806==    by 0x4A4DB6C: cudaGetDeviceProperties_v2 (in /usr/local/cuda-12.8/targets/x86_64-linux/lib/libcudart.so.12.8.90)
==348806==    by 0x10D43D: main (in /home/cjmcv/project/flux/build/bin/my_sgemm)
==348806== 
==348806== Use of uninitialised value of size 8
==348806==    at 0x4A2367C: ??? (in /usr/local/cuda-12.8/targets/x86_64-linux/lib/libcudart.so.12.8.90)
==348806==    by 0x4A39A69: ??? (in /usr/local/cuda-12.8/targets/x86_64-linux/lib/libcudart.so.12.8.90)
==348806==    by 0x4F1DDEE7: __pthread_once_slow (pthread_once.c:116)
==348806==    by 0x4A88ED8: ??? (in /usr/local/cuda-12.8/targets/x86_64-linux/lib/libcudart.so.12.8.90)
==348806==    by 0x4A356FE: ??? (in /usr/local/cuda-12.8/targets/x86_64-linux/lib/libcudart.so.12.8.90)
==348806==    by 0x4A4DB6C: cudaGetDeviceProperties_v2 (in /usr/local/cuda-12.8/targets/x86_64-linux/lib/libcudart.so.12.8.90)
==348806==    by 0x10D43D: main (in /home/cjmcv/project/flux/build/bin/my_sgemm)
==348806== 
==348806== Use of uninitialised value of size 8
==348806==    at 0x4A2367C: ??? (in /usr/local/cuda-12.8/targets/x86_64-linux/lib/libcudart.so.12.8.90)
==348806==    by 0x4A39A72: ??? (in /usr/local/cuda-12.8/targets/x86_64-linux/lib/libcudart.so.12.8.90)
==348806==    by 0x4F1DDEE7: __pthread_once_slow (pthread_once.c:116)
==348806==    by 0x4A88ED8: ??? (in /usr/local/cuda-12.8/targets/x86_64-linux/lib/libcudart.so.12.8.90)
==348806==    by 0x4A356FE: ??? (in /usr/local/cuda-12.8/targets/x86_64-linux/lib/libcudart.so.12.8.90)
==348806==    by 0x4A4DB6C: cudaGetDeviceProperties_v2 (in /usr/local/cuda-12.8/targets/x86_64-linux/lib/libcudart.so.12.8.90)
==348806==    by 0x10D43D: main (in /home/cjmcv/project/flux/build/bin/my_sgemm)
==348806== 
==348806== Use of uninitialised value of size 8
==348806==    at 0x4A2367C: ??? (in /usr/local/cuda-12.8/targets/x86_64-linux/lib/libcudart.so.12.8.90)
==348806==    by 0x4A39A7B: ??? (in /usr/local/cuda-12.8/targets/x86_64-linux/lib/libcudart.so.12.8.90)
==348806==    by 0x4F1DDEE7: __pthread_once_slow (pthread_once.c:116)
==348806==    by 0x4A88ED8: ??? (in /usr/local/cuda-12.8/targets/x86_64-linux/lib/libcudart.so.12.8.90)
==348806==    by 0x4A356FE: ??? (in /usr/local/cuda-12.8/targets/x86_64-linux/lib/libcudart.so.12.8.90)
==348806==    by 0x4A4DB6C: cudaGetDeviceProperties_v2 (in /usr/local/cuda-12.8/targets/x86_64-linux/lib/libcudart.so.12.8.90)
==348806==    by 0x10D43D: main (in /home/cjmcv/project/flux/build/bin/my_sgemm)
==348806== 
==348806== Use of uninitialised value of size 8
==348806==    at 0x4A2378A: ??? (in /usr/local/cuda-12.8/targets/x86_64-linux/lib/libcudart.so.12.8.90)
==348806==    by 0x4A39A60: ??? (in /usr/local/cuda-12.8/targets/x86_64-linux/lib/libcudart.so.12.8.90)
==348806==    by 0x4F1DDEE7: __pthread_once_slow (pthread_once.c:116)
==348806==    by 0x4A88ED8: ??? (in /usr/local/cuda-12.8/targets/x86_64-linux/lib/libcudart.so.12.8.90)
==348806==    by 0x4A356FE: ??? (in /usr/local/cuda-12.8/targets/x86_64-linux/lib/libcudart.so.12.8.90)
==348806==    by 0x4A4DB6C: cudaGetDeviceProperties_v2 (in /usr/local/cuda-12.8/targets/x86_64-linux/lib/libcudart.so.12.8.90)
==348806==    by 0x10D43D: main (in /home/cjmcv/project/flux/build/bin/my_sgemm)
==348806== 
==348806== Use of uninitialised value of size 8
==348806==    at 0x4A2379F: ??? (in /usr/local/cuda-12.8/targets/x86_64-linux/lib/libcudart.so.12.8.90)
==348806==    by 0x4A39A60: ??? (in /usr/local/cuda-12.8/targets/x86_64-linux/lib/libcudart.so.12.8.90)
==348806==    by 0x4F1DDEE7: __pthread_once_slow (pthread_once.c:116)
==348806==    by 0x4A88ED8: ??? (in /usr/local/cuda-12.8/targets/x86_64-linux/lib/libcudart.so.12.8.90)
==348806==    by 0x4A356FE: ??? (in /usr/local/cuda-12.8/targets/x86_64-linux/lib/libcudart.so.12.8.90)
==348806==    by 0x4A4DB6C: cudaGetDeviceProperties_v2 (in /usr/local/cuda-12.8/targets/x86_64-linux/lib/libcudart.so.12.8.90)
==348806==    by 0x10D43D: main (in /home/cjmcv/project/flux/build/bin/my_sgemm)
==348806== 
==348806== Use of uninitialised value of size 8
==348806==    at 0x4A237AB: ??? (in /usr/local/cuda-12.8/targets/x86_64-linux/lib/libcudart.so.12.8.90)
==348806==    by 0x4A39A60: ??? (in /usr/local/cuda-12.8/targets/x86_64-linux/lib/libcudart.so.12.8.90)
==348806==    by 0x4F1DDEE7: __pthread_once_slow (pthread_once.c:116)
==348806==    by 0x4A88ED8: ??? (in /usr/local/cuda-12.8/targets/x86_64-linux/lib/libcudart.so.12.8.90)
==348806==    by 0x4A356FE: ??? (in /usr/local/cuda-12.8/targets/x86_64-linux/lib/libcudart.so.12.8.90)
==348806==    by 0x4A4DB6C: cudaGetDeviceProperties_v2 (in /usr/local/cuda-12.8/targets/x86_64-linux/lib/libcudart.so.12.8.90)
==348806==    by 0x10D43D: main (in /home/cjmcv/project/flux/build/bin/my_sgemm)
==348806== 
==348806== Use of uninitialised value of size 8
==348806==    at 0x4A237C0: ??? (in /usr/local/cuda-12.8/targets/x86_64-linux/lib/libcudart.so.12.8.90)
==348806==    by 0x4A39A60: ??? (in /usr/local/cuda-12.8/targets/x86_64-linux/lib/libcudart.so.12.8.90)
==348806==    by 0x4F1DDEE7: __pthread_once_slow (pthread_once.c:116)
==348806==    by 0x4A88ED8: ??? (in /usr/local/cuda-12.8/targets/x86_64-linux/lib/libcudart.so.12.8.90)
==348806==    by 0x4A356FE: ??? (in /usr/local/cuda-12.8/targets/x86_64-linux/lib/libcudart.so.12.8.90)
==348806==    by 0x4A4DB6C: cudaGetDeviceProperties_v2 (in /usr/local/cuda-12.8/targets/x86_64-linux/lib/libcudart.so.12.8.90)
==348806==    by 0x10D43D: main (in /home/cjmcv/project/flux/build/bin/my_sgemm)
==348806== 
==348806== Use of uninitialised value of size 8
==348806==    at 0x4A237CC: ??? (in /usr/local/cuda-12.8/targets/x86_64-linux/lib/libcudart.so.12.8.90)
==348806==    by 0x4A39A60: ??? (in /usr/local/cuda-12.8/targets/x86_64-linux/lib/libcudart.so.12.8.90)
==348806==    by 0x4F1DDEE7: __pthread_once_slow (pthread_once.c:116)
==348806==    by 0x4A88ED8: ??? (in /usr/local/cuda-12.8/targets/x86_64-linux/lib/libcudart.so.12.8.90)
==348806==    by 0x4A356FE: ??? (in /usr/local/cuda-12.8/targets/x86_64-linux/lib/libcudart.so.12.8.90)
==348806==    by 0x4A4DB6C: cudaGetDeviceProperties_v2 (in /usr/local/cuda-12.8/targets/x86_64-linux/lib/libcudart.so.12.8.90)
==348806==    by 0x10D43D: main (in /home/cjmcv/project/flux/build/bin/my_sgemm)
==348806== 
==348806== Use of uninitialised value of size 8
==348806==    at 0x4A237E1: ??? (in /usr/local/cuda-12.8/targets/x86_64-linux/lib/libcudart.so.12.8.90)
==348806==    by 0x4A39A60: ??? (in /usr/local/cuda-12.8/targets/x86_64-linux/lib/libcudart.so.12.8.90)
==348806==    by 0x4F1DDEE7: __pthread_once_slow (pthread_once.c:116)
==348806==    by 0x4A88ED8: ??? (in /usr/local/cuda-12.8/targets/x86_64-linux/lib/libcudart.so.12.8.90)
==348806==    by 0x4A356FE: ??? (in /usr/local/cuda-12.8/targets/x86_64-linux/lib/libcudart.so.12.8.90)
==348806==    by 0x4A4DB6C: cudaGetDeviceProperties_v2 (in /usr/local/cuda-12.8/targets/x86_64-linux/lib/libcudart.so.12.8.90)
==348806==    by 0x10D43D: main (in /home/cjmcv/project/flux/build/bin/my_sgemm)
==348806== 
==348806== Use of uninitialised value of size 8
==348806==    at 0x4A237ED: ??? (in /usr/local/cuda-12.8/targets/x86_64-linux/lib/libcudart.so.12.8.90)
==348806==    by 0x4A39A60: ??? (in /usr/local/cuda-12.8/targets/x86_64-linux/lib/libcudart.so.12.8.90)
==348806==    by 0x4F1DDEE7: __pthread_once_slow (pthread_once.c:116)
==348806==    by 0x4A88ED8: ??? (in /usr/local/cuda-12.8/targets/x86_64-linux/lib/libcudart.so.12.8.90)
==348806==    by 0x4A356FE: ??? (in /usr/local/cuda-12.8/targets/x86_64-linux/lib/libcudart.so.12.8.90)
==348806==    by 0x4A4DB6C: cudaGetDeviceProperties_v2 (in /usr/local/cuda-12.8/targets/x86_64-linux/lib/libcudart.so.12.8.90)
==348806==    by 0x10D43D: main (in /home/cjmcv/project/flux/build/bin/my_sgemm)
==348806== 
==348806== Use of uninitialised value of size 8
==348806==    at 0x4A2377B: ??? (in /usr/local/cuda-12.8/targets/x86_64-linux/lib/libcudart.so.12.8.90)
==348806==    by 0x4A39A60: ??? (in /usr/local/cuda-12.8/targets/x86_64-linux/lib/libcudart.so.12.8.90)
==348806==    by 0x4F1DDEE7: __pthread_once_slow (pthread_once.c:116)
==348806==    by 0x4A88ED8: ??? (in /usr/local/cuda-12.8/targets/x86_64-linux/lib/libcudart.so.12.8.90)
==348806==    by 0x4A356FE: ??? (in /usr/local/cuda-12.8/targets/x86_64-linux/lib/libcudart.so.12.8.90)
==348806==    by 0x4A4DB6C: cudaGetDeviceProperties_v2 (in /usr/local/cuda-12.8/targets/x86_64-linux/lib/libcudart.so.12.8.90)
==348806==    by 0x10D43D: main (in /home/cjmcv/project/flux/build/bin/my_sgemm)
==348806== 
==348806== Use of uninitialised value of size 8
==348806==    at 0x4A23812: ??? (in /usr/local/cuda-12.8/targets/x86_64-linux/lib/libcudart.so.12.8.90)
==348806==    by 0x4A39A60: ??? (in /usr/local/cuda-12.8/targets/x86_64-linux/lib/libcudart.so.12.8.90)
==348806==    by 0x4F1DDEE7: __pthread_once_slow (pthread_once.c:116)
==348806==    by 0x4A88ED8: ??? (in /usr/local/cuda-12.8/targets/x86_64-linux/lib/libcudart.so.12.8.90)
==348806==    by 0x4A356FE: ??? (in /usr/local/cuda-12.8/targets/x86_64-linux/lib/libcudart.so.12.8.90)
==348806==    by 0x4A4DB6C: cudaGetDeviceProperties_v2 (in /usr/local/cuda-12.8/targets/x86_64-linux/lib/libcudart.so.12.8.90)
==348806==    by 0x10D43D: main (in /home/cjmcv/project/flux/build/bin/my_sgemm)
==348806== 
==348806== Use of uninitialised value of size 8
==348806==    at 0x4A24F7D: ??? (in /usr/local/cuda-12.8/targets/x86_64-linux/lib/libcudart.so.12.8.90)
==348806==    by 0x4A39AD9: ??? (in /usr/local/cuda-12.8/targets/x86_64-linux/lib/libcudart.so.12.8.90)
==348806==    by 0x4F1DDEE7: __pthread_once_slow (pthread_once.c:116)
==348806==    by 0x4A88ED8: ??? (in /usr/local/cuda-12.8/targets/x86_64-linux/lib/libcudart.so.12.8.90)
==348806==    by 0x4A356FE: ??? (in /usr/local/cuda-12.8/targets/x86_64-linux/lib/libcudart.so.12.8.90)
==348806==    by 0x4A4DB6C: cudaGetDeviceProperties_v2 (in /usr/local/cuda-12.8/targets/x86_64-linux/lib/libcudart.so.12.8.90)
==348806==    by 0x10D43D: main (in /home/cjmcv/project/flux/build/bin/my_sgemm)
==348806== 
==348806== Use of uninitialised value of size 8
==348806==    at 0x4A24F8E: ??? (in /usr/local/cuda-12.8/targets/x86_64-linux/lib/libcudart.so.12.8.90)
==348806==    by 0x4A39AD9: ??? (in /usr/local/cuda-12.8/targets/x86_64-linux/lib/libcudart.so.12.8.90)
==348806==    by 0x4F1DDEE7: __pthread_once_slow (pthread_once.c:116)
==348806==    by 0x4A88ED8: ??? (in /usr/local/cuda-12.8/targets/x86_64-linux/lib/libcudart.so.12.8.90)
==348806==    by 0x4A356FE: ??? (in /usr/local/cuda-12.8/targets/x86_64-linux/lib/libcudart.so.12.8.90)
==348806==    by 0x4A4DB6C: cudaGetDeviceProperties_v2 (in /usr/local/cuda-12.8/targets/x86_64-linux/lib/libcudart.so.12.8.90)
==348806==    by 0x10D43D: main (in /home/cjmcv/project/flux/build/bin/my_sgemm)
==348806== 
==348806== Use of uninitialised value of size 8
==348806==    at 0x4A24F9F: ??? (in /usr/local/cuda-12.8/targets/x86_64-linux/lib/libcudart.so.12.8.90)
==348806==    by 0x4A39AD9: ??? (in /usr/local/cuda-12.8/targets/x86_64-linux/lib/libcudart.so.12.8.90)
==348806==    by 0x4F1DDEE7: __pthread_once_slow (pthread_once.c:116)
==348806==    by 0x4A88ED8: ??? (in /usr/local/cuda-12.8/targets/x86_64-linux/lib/libcudart.so.12.8.90)
==348806==    by 0x4A356FE: ??? (in /usr/local/cuda-12.8/targets/x86_64-linux/lib/libcudart.so.12.8.90)
==348806==    by 0x4A4DB6C: cudaGetDeviceProperties_v2 (in /usr/local/cuda-12.8/targets/x86_64-linux/lib/libcudart.so.12.8.90)
==348806==    by 0x10D43D: main (in /home/cjmcv/project/flux/build/bin/my_sgemm)
==348806== 
==348806== Use of uninitialised value of size 8
==348806==    at 0x4A24FB0: ??? (in /usr/local/cuda-12.8/targets/x86_64-linux/lib/libcudart.so.12.8.90)
==348806==    by 0x4A39AD9: ??? (in /usr/local/cuda-12.8/targets/x86_64-linux/lib/libcudart.so.12.8.90)
==348806==    by 0x4F1DDEE7: __pthread_once_slow (pthread_once.c:116)
==348806==    by 0x4A88ED8: ??? (in /usr/local/cuda-12.8/targets/x86_64-linux/lib/libcudart.so.12.8.90)
==348806==    by 0x4A356FE: ??? (in /usr/local/cuda-12.8/targets/x86_64-linux/lib/libcudart.so.12.8.90)
==348806==    by 0x4A4DB6C: cudaGetDeviceProperties_v2 (in /usr/local/cuda-12.8/targets/x86_64-linux/lib/libcudart.so.12.8.90)
==348806==    by 0x10D43D: main (in /home/cjmcv/project/flux/build/bin/my_sgemm)
==348806== 
==348806== Use of uninitialised value of size 8
==348806==    at 0x4A24FC1: ??? (in /usr/local/cuda-12.8/targets/x86_64-linux/lib/libcudart.so.12.8.90)
==348806==    by 0x4A39AD9: ??? (in /usr/local/cuda-12.8/targets/x86_64-linux/lib/libcudart.so.12.8.90)
==348806==    by 0x4F1DDEE7: __pthread_once_slow (pthread_once.c:116)
==348806==    by 0x4A88ED8: ??? (in /usr/local/cuda-12.8/targets/x86_64-linux/lib/libcudart.so.12.8.90)
==348806==    by 0x4A356FE: ??? (in /usr/local/cuda-12.8/targets/x86_64-linux/lib/libcudart.so.12.8.90)
==348806==    by 0x4A4DB6C: cudaGetDeviceProperties_v2 (in /usr/local/cuda-12.8/targets/x86_64-linux/lib/libcudart.so.12.8.90)
==348806==    by 0x10D43D: main (in /home/cjmcv/project/flux/build/bin/my_sgemm)
==348806== 
==348806== Use of uninitialised value of size 8
==348806==    at 0x4A24FD2: ??? (in /usr/local/cuda-12.8/targets/x86_64-linux/lib/libcudart.so.12.8.90)
==348806==    by 0x4A39AD9: ??? (in /usr/local/cuda-12.8/targets/x86_64-linux/lib/libcudart.so.12.8.90)
==348806==    by 0x4F1DDEE7: __pthread_once_slow (pthread_once.c:116)
==348806==    by 0x4A88ED8: ??? (in /usr/local/cuda-12.8/targets/x86_64-linux/lib/libcudart.so.12.8.90)
==348806==    by 0x4A356FE: ??? (in /usr/local/cuda-12.8/targets/x86_64-linux/lib/libcudart.so.12.8.90)
==348806==    by 0x4A4DB6C: cudaGetDeviceProperties_v2 (in /usr/local/cuda-12.8/targets/x86_64-linux/lib/libcudart.so.12.8.90)
==348806==    by 0x10D43D: main (in /home/cjmcv/project/flux/build/bin/my_sgemm)
==348806== 
==348806== Use of uninitialised value of size 8
==348806==    at 0x4A24FE3: ??? (in /usr/local/cuda-12.8/targets/x86_64-linux/lib/libcudart.so.12.8.90)
==348806==    by 0x4A39AD9: ??? (in /usr/local/cuda-12.8/targets/x86_64-linux/lib/libcudart.so.12.8.90)
==348806==    by 0x4F1DDEE7: __pthread_once_slow (pthread_once.c:116)
==348806==    by 0x4A88ED8: ??? (in /usr/local/cuda-12.8/targets/x86_64-linux/lib/libcudart.so.12.8.90)
==348806==    by 0x4A356FE: ??? (in /usr/local/cuda-12.8/targets/x86_64-linux/lib/libcudart.so.12.8.90)
==348806==    by 0x4A4DB6C: cudaGetDeviceProperties_v2 (in /usr/local/cuda-12.8/targets/x86_64-linux/lib/libcudart.so.12.8.90)
==348806==    by 0x10D43D: main (in /home/cjmcv/project/flux/build/bin/my_sgemm)
==348806== 
==348806== Use of uninitialised value of size 8
==348806==    at 0x4A24F6C: ??? (in /usr/local/cuda-12.8/targets/x86_64-linux/lib/libcudart.so.12.8.90)
==348806==    by 0x4A39AD9: ??? (in /usr/local/cuda-12.8/targets/x86_64-linux/lib/libcudart.so.12.8.90)
==348806==    by 0x4F1DDEE7: __pthread_once_slow (pthread_once.c:116)
==348806==    by 0x4A88ED8: ??? (in /usr/local/cuda-12.8/targets/x86_64-linux/lib/libcudart.so.12.8.90)
==348806==    by 0x4A356FE: ??? (in /usr/local/cuda-12.8/targets/x86_64-linux/lib/libcudart.so.12.8.90)
==348806==    by 0x4A4DB6C: cudaGetDeviceProperties_v2 (in /usr/local/cuda-12.8/targets/x86_64-linux/lib/libcudart.so.12.8.90)
==348806==    by 0x10D43D: main (in /home/cjmcv/project/flux/build/bin/my_sgemm)
==348806== 
==348806== Conditional jump or move depends on uninitialised value(s)
==348806==    at 0x484ED19: strlen (in /usr/libexec/valgrind/vgpreload_memcheck-amd64-linux.so)
==348806==    by 0x10D478: main (in /home/cjmcv/project/flux/build/bin/my_sgemm)
==348806== 
==348806== Conditional jump or move depends on uninitialised value(s)
==348806==    at 0x484ED28: strlen (in /usr/libexec/valgrind/vgpreload_memcheck-amd64-linux.so)
==348806==    by 0x10D478: main (in /home/cjmcv/project/flux/build/bin/my_sgemm)
==348806== 
==348806== Conditional jump or move depends on uninitialised value(s)
==348806==    at 0x4F1CF737: _IO_new_file_xsputn (fileops.c:1218)
==348806==    by 0x4F1CF737: _IO_file_xsputn@@GLIBC_2.2.5 (fileops.c:1196)
==348806==    by 0x4F1C3FD6: fwrite (iofwrite.c:39)
==348806==    by 0x4F054B64: std::basic_ostream<char, std::char_traits<char> >& std::__ostream_insert<char, std::char_traits<char> >(std::basic_ostream<char, std::char_traits<char> >&, char const*, long) (in /usr/lib/x86_64-linux-gnu/libstdc++.so.6.0.30)
==348806==    by 0x10D48A: main (in /home/cjmcv/project/flux/build/bin/my_sgemm)
==348806== 
==348806== Conditional jump or move depends on uninitialised value(s)
==348806==    at 0x4F046A4E: std::ostreambuf_iterator<char, std::char_traits<char> > std::num_put<char, std::ostreambuf_iterator<char, std::char_traits<char> > >::_M_insert_int<long>(std::ostreambuf_iterator<char, std::char_traits<char> >, std::ios_base&, char, long) const (in /usr/lib/x86_64-linux-gnu/libstdc++.so.6.0.30)
==348806==    by 0x4F055119: std::ostream& std::ostream::_M_insert<long>(long) (in /usr/lib/x86_64-linux-gnu/libstdc++.so.6.0.30)
==348806==    by 0x10D4E0: main (in /home/cjmcv/project/flux/build/bin/my_sgemm)
==348806== 
==348806== Use of uninitialised value of size 8
==348806==    at 0x4F04692B: ??? (in /usr/lib/x86_64-linux-gnu/libstdc++.so.6.0.30)
==348806==    by 0x4F046A78: std::ostreambuf_iterator<char, std::char_traits<char> > std::num_put<char, std::ostreambuf_iterator<char, std::char_traits<char> > >::_M_insert_int<long>(std::ostreambuf_iterator<char, std::char_traits<char> >, std::ios_base&, char, long) const (in /usr/lib/x86_64-linux-gnu/libstdc++.so.6.0.30)
==348806==    by 0x4F055119: std::ostream& std::ostream::_M_insert<long>(long) (in /usr/lib/x86_64-linux-gnu/libstdc++.so.6.0.30)
==348806==    by 0x10D4E0: main (in /home/cjmcv/project/flux/build/bin/my_sgemm)
==348806== 
==348806== Conditional jump or move depends on uninitialised value(s)
==348806==    at 0x4F04693D: ??? (in /usr/lib/x86_64-linux-gnu/libstdc++.so.6.0.30)
==348806==    by 0x4F046A78: std::ostreambuf_iterator<char, std::char_traits<char> > std::num_put<char, std::ostreambuf_iterator<char, std::char_traits<char> > >::_M_insert_int<long>(std::ostreambuf_iterator<char, std::char_traits<char> >, std::ios_base&, char, long) const (in /usr/lib/x86_64-linux-gnu/libstdc++.so.6.0.30)
==348806==    by 0x4F055119: std::ostream& std::ostream::_M_insert<long>(long) (in /usr/lib/x86_64-linux-gnu/libstdc++.so.6.0.30)
==348806==    by 0x10D4E0: main (in /home/cjmcv/project/flux/build/bin/my_sgemm)
==348806== 
==348806== Conditional jump or move depends on uninitialised value(s)
==348806==    at 0x4F046AAE: std::ostreambuf_iterator<char, std::char_traits<char> > std::num_put<char, std::ostreambuf_iterator<char, std::char_traits<char> > >::_M_insert_int<long>(std::ostreambuf_iterator<char, std::char_traits<char> >, std::ios_base&, char, long) const (in /usr/lib/x86_64-linux-gnu/libstdc++.so.6.0.30)
==348806==    by 0x4F055119: std::ostream& std::ostream::_M_insert<long>(long) (in /usr/lib/x86_64-linux-gnu/libstdc++.so.6.0.30)
==348806==    by 0x10D4E0: main (in /home/cjmcv/project/flux/build/bin/my_sgemm)
==348806== 
==348806== Syscall param write(buf) points to uninitialised byte(s)
==348806==    at 0x4F2588BF: __libc_write (write.c:26)
==348806==    by 0x4F2588BF: write (write.c:24)
==348806==    by 0x4F1CEEEC: _IO_file_write@@GLIBC_2.2.5 (fileops.c:1180)
==348806==    by 0x4F1D09E0: new_do_write (fileops.c:448)
==348806==    by 0x4F1D09E0: _IO_new_do_write (fileops.c:425)
==348806==    by 0x4F1D09E0: _IO_do_write@@GLIBC_2.2.5 (fileops.c:422)
==348806==    by 0x4F1D0EC2: _IO_file_overflow@@GLIBC_2.2.5 (fileops.c:783)
==348806==    by 0x4F1CBEC9: putc (putc.c:31)
==348806==    by 0x4F054269: std::ostream::put(char) (in /usr/lib/x86_64-linux-gnu/libstdc++.so.6.0.30)
==348806==    by 0x10EC73: std::basic_ostream<char, std::char_traits<char> >& std::endl<char, std::char_traits<char> >(std::basic_ostream<char, std::char_traits<char> >&) [clone .isra.0] (in /home/cjmcv/project/flux/build/bin/my_sgemm)
==348806==    by 0x10D4FF: main (in /home/cjmcv/project/flux/build/bin/my_sgemm)
==348806==  Address 0xc4446280 is 16 bytes inside a block of size 1,024 alloc'd
==348806==    at 0x4848899: malloc (in /usr/libexec/valgrind/vgpreload_memcheck-amd64-linux.so)
==348806==    by 0x4F1C2BA3: _IO_file_doallocate (filedoalloc.c:101)
==348806==    by 0x4F1D1CDF: _IO_doallocbuf (genops.c:347)
==348806==    by 0x4F1D0F5F: _IO_file_overflow@@GLIBC_2.2.5 (fileops.c:744)
==348806==    by 0x4F1CF6D4: _IO_new_file_xsputn (fileops.c:1243)
==348806==    by 0x4F1CF6D4: _IO_file_xsputn@@GLIBC_2.2.5 (fileops.c:1196)
==348806==    by 0x4F1C3FD6: fwrite (iofwrite.c:39)
==348806==    by 0x4F054B64: std::basic_ostream<char, std::char_traits<char> >& std::__ostream_insert<char, std::char_traits<char> >(std::basic_ostream<char, std::char_traits<char> >&, char const*, long) (in /usr/lib/x86_64-linux-gnu/libstdc++.so.6.0.30)
==348806==    by 0x10D470: main (in /home/cjmcv/project/flux/build/bin/my_sgemm)
==348806== 
==348806== Invalid write of size 4
==348806==    at 0x10DBE0: main (in /home/cjmcv/project/flux/build/bin/my_sgemm)
==348806==  Address 0xcf343040 is 0 bytes after a block of size 10,485,760 alloc'd
==348806==    at 0x484A2F3: operator new[](unsigned long) (in /usr/libexec/valgrind/vgpreload_memcheck-amd64-linux.so)
==348806==    by 0x10DA13: main (in /home/cjmcv/project/flux/build/bin/my_sgemm)
==348806== 
==348806== Invalid write of size 4
==348806==    at 0x10DC72: main (in /home/cjmcv/project/flux/build/bin/my_sgemm)
==348806==  Address 0xcf343150 is 10,486,032 bytes inside a block of size 10,489,760 in arena "client"
==348806== 
==348806== 
==348806== Process terminating with default action of signal 11 (SIGSEGV)
==348806==  Access not within mapped region at address 0xCF344000
==348806==    at 0x10DBE0: main (in /home/cjmcv/project/flux/build/bin/my_sgemm)
==348806==  If you believe this happened as a result of a stack
==348806==  overflow in your program's main thread (unlikely but
==348806==  possible), you can try to increase the size of the
==348806==  main thread stack using the --main-stacksize= flag.
==348806==  The main thread stack size used in this run was 8388608.
==348806== 
==348806== HEAP SUMMARY:
==348806==     in use at exit: 105,216,644 bytes in 482,441 blocks
==348806==   total heap usage: 1,182,132 allocs, 699,691 frees, 172,694,592 bytes allocated
==348806== 
==348806== LEAK SUMMARY:
==348806==    definitely lost: 320 bytes in 2 blocks
==348806==    indirectly lost: 0 bytes in 0 blocks
==348806==      possibly lost: 10,494,536 bytes in 41 blocks
==348806==    still reachable: 94,721,788 bytes in 482,398 blocks
==348806==                       of which reachable via heuristic:
==348806==                         stdstring          : 11,945,232 bytes in 171,543 blocks
==348806==         suppressed: 0 bytes in 0 blocks
==348806== Rerun with --leak-check=full to see details of leaked memory
==348806== 
==348806== Use --track-origins=yes to see where uninitialised values come from
==348806== For lists of detected and suppressed errors, rerun with: -s
==348806== ERROR SUMMARY: 13737 errors from 398 contexts (suppressed: 0 from 0)
